labelId,requestId,productId,split,task,queryText,filters,context,wanted,title,description,priceFen,condition,status,visibility,candidateLabel,candidateReason,constraintChecks,reviewer,reviewLabel,reviewReason,reviewedAt,dispute,adjudicator,finalLabel,adjudicatedAt
bicycle-matching__301,bicycle-matching,301,test_candidate,matching,想买 B-TWIN 20 折叠单车,"{""categoryId"": ""bicycle"", ""maxPriceFen"": 50000, ""minCondition"": ""good"", ""minPriceFen"": 20000, ""requiredModel"": ""B-TWIN 20"", ""requiredPlaceIds"": [""place-3-library""]}","{""asOf"": ""2026-09-26T00:00:00Z"", ""campusId"": ""campus-3"", ""viewerId"": ""8003""}","{""entityVersion"": 1, ""expiresAt"": ""2026-10-01T00:00:00+08:00"", ""ownerId"": ""8003"", ""status"": ""OPEN"", ""wantedId"": ""7003""}",迪卡侬 B-TWIN 20 折叠自行车,"功能正常,附带原装配件。",20000,good,ON_SALE,public,2,明确为所求型号/版本；同义或中英改写不改变需求对象。 资格不通过时最终标签为 0；关键条件未知且无已知失败时为 U。,"[{""code"": ""wanted_active"", ""observed"": {""expiresAt"": ""2026-10-01T00:00:00+08:00"", ""status"": ""OPEN""}, ""outcome"": ""pass"", ""required"": {""expiresAfter"": ""2026-09-26T00:00:00Z"", ""status"": ""OPEN""}}, {""code"": ""product_status"", ""observed"": {""deleted"": false, ""status"": ""ON_SALE""}, ""outcome"": ""pass"", ""required"": {""deleted"": false, ""status"": ""ON_SALE""}}, {""code"": ""visibility"", ""observed"": ""public"", ""outcome"": ""pass"", ""required"": ""trusted synthetic context must permit visibility""}, {""code"": ""not_self"", ""observed"": ""90301"", ""outcome"": ""pass"", ""required"": {""not"": ""8003""}}, {""code"": ""category"", ""observed"": ""bicycle"", ""outcome"": ""pass"", ""required"": ""bicycle""}, {""code"": ""budget"", ""observed"": 20000, ""outcome"": ""pass"", ""required"": {""max"": 50000, ""min"": 20000}}, {""code"": ""condition"", ""observed"": ""good"", ""outcome"": ""pass"", ""required"": ""good""}, {""code"": ""place"", ""observed"": [""place-3-library""], ""outcome"": ""pass"", ""required"": [""place-3-library""]}, {""code"": ""model"", ""observed"": ""B-TWIN 20"", ""outcome"": ""pass"", ""required"": ""B-TWIN 20""}]",,,,,,,,
bicycle-matching__302,bicycle-matching,302,test_candidate,matching,想买 B-TWIN 20 折叠单车,"{""categoryId"": ""bicycle"", ""maxPriceFen"": 50000, ""minCondition"": ""good"", ""minPriceFen"": 20000, ""requiredModel"": ""B-TWIN 20"", ""requiredPlaceIds"": [""place-3-library""]}","{""asOf"": ""2026-09-26T00:00:00Z"", ""campusId"": ""campus-3"", ""viewerId"": ""8003""}","{""entityVersion"": 1, ""expiresAt"": ""2026-10-01T00:00:00+08:00"", ""ownerId"": ""8003"", ""status"": ""OPEN"", ""wantedId"": ""7003""}",迪卡侬 B-TWIN 20 可折叠通勤单车,"设备完好,可当面检查。",50000,good,ON_SALE,public,2,明确为所求型号/版本；同义或中英改写不改变需求对象。 资格不通过时最终标签为 0；关键条件未知且无已知失败时为 U。,"[{""code"": ""wanted_active"", ""observed"": {""expiresAt"": ""2026-10-01T00:00:00+08:00"", ""status"": ""OPEN""}, ""outcome"": ""pass"", ""required"": {""expiresAfter"": ""2026-09-26T00:00:00Z"", ""status"": ""OPEN""}}, {""code"": ""product_status"", ""observed"": {""deleted"": false, ""status"": ""ON_SALE""}, ""outcome"": ""pass"", ""required"": {""deleted"": false, ""status"": ""ON_SALE""}}, {""code"": ""visibility"", ""observed"": ""public"", ""outcome"": ""pass"", ""required"": ""trusted synthetic context must permit visibility""}, {""code"": ""not_self"", ""observed"": ""90302"", ""outcome"": ""pass"", ""required"": {""not"": ""8003""}}, {""code"": ""category"", ""observed"": ""bicycle"", ""outcome"": ""pass"", ""required"": ""bicycle""}, {""code"": ""budget"", ""observed"": 50000, ""outcome"": ""pass"", ""required"": {""max"": 50000, ""min"": 20000}}, {""code"": ""condition"", ""observed"": ""good"", ""outcome"": ""pass"", ""required"": ""good""}, {""code"": ""place"", ""observed"": [""place-3-library""], ""outcome"": ""pass"", ""required"": [""place-3-library""]}, {""code"": ""model"", ""observed"": ""B-TWIN 20"", ""outcome"": ""pass"", ""required"": ""B-TWIN 20""}]",,,,,,,,
bicycle-matching__303,bicycle-matching,303,test_candidate,matching,想买 B-TWIN 20 折叠单车,"{""categoryId"": ""bicycle"", ""maxPriceFen"": 50000, ""minCondition"": ""good"", ""minPriceFen"": 20000, ""requiredModel"": ""B-TWIN 20"", ""requiredPlaceIds"": [""place-3-library""]}","{""asOf"": ""2026-09-26T00:00:00Z"", ""campusId"": ""campus-3"", ""viewerId"": ""8003""}","{""entityVersion"": 1, ""expiresAt"": ""2026-10-01T00:00:00+08:00"", ""ownerId"": ""8003"", ""status"": ""OPEN"", ""wantedId"": ""7003""}",迪卡侬 ROCKRIDER 山地车,"同类用品,具体型号与目标不同。",35000,good,ON_SALE,public,0,同类但不是指定型号/版本，仅部分相关。 资格不通过时最终标签为 0；关键条件未知且无已知失败时为 U。,"[{""code"": ""wanted_active"", ""observed"": {""expiresAt"": ""2026-10-01T00:00:00+08:00"", ""status"": ""OPEN""}, ""outcome"": ""pass"", ""required"": {""expiresAfter"": ""2026-09-26T00:00:00Z"", ""status"": ""OPEN""}}, {""code"": ""product_status"", ""observed"": {""deleted"": false, ""status"": ""ON_SALE""}, ""outcome"": ""pass"", ""required"": {""deleted"": false, ""status"": ""ON_SALE""}}, {""code"": ""visibility"", ""observed"": ""public"", ""outcome"": ""pass"", ""required"": ""trusted synthetic context must permit visibility""}, {""code"": ""not_self"", ""observed"": ""90303"", ""outcome"": ""pass"", ""required"": {""not"": ""8003""}}, {""code"": ""category"", ""observed"": ""bicycle"", ""outcome"": ""pass"", ""required"": ""bicycle""}, {""code"": ""budget"", ""observed"": 35000, ""outcome"": ""pass"", ""required"": {""max"": 50000, ""min"": 20000}}, {""code"": ""condition"", ""observed"": ""good"", ""outcome"": ""pass"", ""required"": ""good""}, {""code"": ""place"", ""observed"": [""place-3-library""], ""outcome"": ""pass"", ""required"": [""place-3-library""]}, {""code"": ""model"", ""observed"": ""OTHER-MODEL"", ""outcome"": ""fail"", ""required"": ""B-TWIN 20""}]",,,,,,,,
bicycle-matching__304,bicycle-matching,304,test_candidate,matching,想买 B-TWIN 20 折叠单车,"{""categoryId"": ""bicycle"", ""maxPriceFen"": 50000, ""minCondition"": ""good"", ""minPriceFen"": 20000, ""requiredModel"": ""B-TWIN 20"", ""requiredPlaceIds"": [""place-3-library""]}","{""asOf"": ""2026-09-26T00:00:00Z"", ""campusId"": ""campus-3"", ""viewerId"": ""8003""}","{""entityVersion"": 1, ""expiresAt"": ""2026-10-01T00:00:00+08:00"", ""ownerId"": ""8003"", ""status"": ""OPEN"", ""wantedId"": ""7003""}",迪卡侬 B-TWIN 20 折叠自行车,"出售相同型号,价格见标价。",50001,good,ON_SALE,public,0,明确为所求型号/版本；同义或中英改写不改变需求对象。 资格不通过时最终标签为 0；关键条件未知且无已知失败时为 U。,"[{""code"": ""wanted_active"", ""observed"": {""expiresAt"": ""2026-10-01T00:00:00+08:00"", ""status"": ""OPEN""}, ""outcome"": ""pass"", ""required"": {""expiresAfter"": ""2026-09-26T00:00:00Z"", ""status"": ""OPEN""}}, {""code"": ""product_status"", ""observed"": {""deleted"": false, ""status"": ""ON_SALE""}, ""outcome"": ""pass"", ""required"": {""deleted"": false, ""status"": ""ON_SALE""}}, {""code"": ""visibility"", ""observed"": ""public"", ""outcome"": ""pass"", ""required"": ""trusted synthetic context must permit visibility""}, {""code"": ""not_self"", ""observed"": ""90304"", ""outcome"": ""pass"", ""required"": {""not"": ""8003""}}, {""code"": ""category"", ""observed"": ""bicycle"", ""outcome"": ""pass"", ""required"": ""bicycle""}, {""code"": ""budget"", ""observed"": 50001, ""outcome"": ""fail"", ""required"": {""max"": 50000, ""min"": 20000}}, {""code"": ""condition"", ""observed"": ""good"", ""outcome"": ""pass"", ""required"": ""good""}, {""code"": ""place"", ""observed"": [""place-3-library""], ""outcome"": ""pass"", ""required"": [""place-3-library""]}, {""code"": ""model"", ""observed"": ""B-TWIN 20"", ""outcome"": ""pass"", ""required"": ""B-TWIN 20""}]",,,,,,,,
bicycle-matching__305,bicycle-matching,305,test_candidate,matching,想买 B-TWIN 20 折叠单车,"{""categoryId"": ""bicycle"", ""maxPriceFen"": 50000, ""minCondition"": ""good"", ""minPriceFen"": 20000, ""requiredModel"": ""B-TWIN 20"", ""requiredPlaceIds"": [""place-3-library""]}","{""asOf"": ""2026-09-26T00:00:00Z"", ""campusId"": ""campus-3"", ""viewerId"": ""8003""}","{""entityVersion"": 1, ""expiresAt"": ""2026-10-01T00:00:00+08:00"", ""ownerId"": ""8003"", ""status"": ""OPEN"", ""wantedId"": ""7003""}",迪卡侬 B-TWIN 20 折叠自行车,"相同型号,已完成交易。",35000,good,SOLD,public,0,明确为所求型号/版本；同义或中英改写不改变需求对象。 资格不通过时最终标签为 0；关键条件未知且无已知失败时为 U。,"[{""code"": ""wanted_active"", ""observed"": {""expiresAt"": ""2026-10-01T00:00:00+08:00"", ""status"": ""OPEN""}, ""outcome"": ""pass"", ""required"": {""expiresAfter"": ""2026-09-26T00:00:00Z"", ""status"": ""OPEN""}}, {""code"": ""product_status"", ""observed"": {""deleted"": false, ""status"": ""SOLD""}, ""outcome"": ""fail"", ""required"": {""deleted"": false, ""status"": ""ON_SALE""}}, {""code"": ""visibility"", ""observed"": ""public"", ""outcome"": ""pass"", ""required"": ""trusted synthetic context must permit visibility""}, {""code"": ""not_self"", ""observed"": ""90305"", ""outcome"": ""pass"", ""required"": {""not"": ""8003""}}, {""code"": ""category"", ""observed"": ""bicycle"", ""outcome"": ""pass"", ""required"": ""bicycle""}, {""code"": ""budget"", ""observed"": 35000, ""outcome"": ""pass"", ""required"": {""max"": 50000, ""min"": 20000}}, {""code"": ""condition"", ""observed"": ""good"", ""outcome"": ""pass"", ""required"": ""good""}, {""code"": ""place"", ""observed"": [""place-3-library""], ""outcome"": ""pass"", ""required"": [""place-3-library""]}, {""code"": ""model"", ""observed"": ""B-TWIN 20"", ""outcome"": ""pass"", ""required"": ""B-TWIN 20""}]",,,,,,,,
bicycle-matching__306,bicycle-matching,306,test_candidate,matching,想买 B-TWIN 20 折叠单车,"{""categoryId"": ""bicycle"", ""maxPriceFen"": 50000, ""minCondition"": ""good"", ""minPriceFen"": 20000, ""requiredModel"": ""B-TWIN 20"", ""requiredPlaceIds"": [""place-3-library""]}","{""asOf"": ""2026-09-26T00:00:00Z"", ""campusId"": ""campus-3"", ""viewerId"": ""8003""}","{""entityVersion"": 1, ""expiresAt"": ""2026-10-01T00:00:00+08:00"", ""ownerId"": ""8003"", ""status"": ""OPEN"", ""wantedId"": ""7003""}",迪卡侬 B-TWIN 20 折叠自行车,请依据结构化状态核对资格。,35000,good,ON_SALE,private,0,明确为所求型号/版本；同义或中英改写不改变需求对象。 资格不通过时最终标签为 0；关键条件未知且无已知失败时为 U。,"[{""code"": ""wanted_active"", ""observed"": {""expiresAt"": ""2026-10-01T00:00:00+08:00"", ""status"": ""OPEN""}, ""outcome"": ""pass"", ""required"": {""expiresAfter"": ""2026-09-26T00:00:00Z"", ""status"": ""OPEN""}}, {""code"": ""product_status"", ""observed"": {""deleted"": false, ""status"": ""ON_SALE""}, ""outcome"": ""pass"", ""required"": {""deleted"": false, ""status"": ""ON_SALE""}}, {""code"": ""visibility"", ""observed"": ""private"", ""outcome"": ""fail"", ""required"": ""trusted synthetic context must permit visibility""}, {""code"": ""not_self"", ""observed"": ""90306"", ""outcome"": ""pass"", ""required"": {""not"": ""8003""}}, {""code"": ""category"", ""observed"": ""bicycle"", ""outcome"": ""pass"", ""required"": ""bicycle""}, {""code"": ""budget"", ""observed"": 35000, ""outcome"": ""pass"", ""required"": {""max"": 50000, ""min"": 20000}}, {""code"": ""condition"", ""observed"": ""good"", ""outcome"": ""pass"", ""required"": ""good""}, {""code"": ""place"", ""observed"": [""place-3-library""], ""outcome"": ""pass"", ""required"": [""place-3-library""]}, {""code"": ""model"", ""observed"": ""B-TWIN 20"", ""outcome"": ""pass"", ""required"": ""B-TWIN 20""}]",,,,,,,,
bicycle-search-exact__301,bicycle-search-exact,301,test_candidate,search,迪卡侬 B-TWIN 20 折叠自行车,"{""categoryId"": ""bicycle"", ""maxPriceFen"": 50000, ""minCondition"": null, ""minPriceFen"": 20000, ""requiredModel"": null, ""requiredPlaceIds"": []}","{""asOf"": ""2026-09-26T00:00:00Z"", ""campusId"": null, ""viewerId"": null}",null,迪卡侬 B-TWIN 20 折叠自行车,"功能正常,附带原装配件。",20000,good,ON_SALE,public,2,明确为所求型号/版本；同义或中英改写不改变需求对象。 资格不通过时最终标签为 0；关键条件未知且无已知失败时为 U。,"[{""code"": ""wanted_active"", ""observed"": null, ""outcome"": ""not_applicable"", ""required"": null}, {""code"": ""product_status"", ""observed"": {""deleted"": false, ""status"": ""ON_SALE""}, ""outcome"": ""pass"", ""required"": {""deleted"": false, ""status"": ""ON_SALE""}}, {""code"": ""visibility"", ""observed"": ""public"", ""outcome"": ""pass"", ""required"": ""trusted synthetic context must permit visibility""}, {""code"": ""not_self"", ""observed"": null, ""outcome"": ""not_applicable"", ""required"": null}, {""code"": ""category"", ""observed"": ""bicycle"", ""outcome"": ""pass"", ""required"": ""bicycle""}, {""code"": ""budget"", ""observed"": 20000, ""outcome"": ""pass"", ""required"": {""max"": 50000, ""min"": 20000}}, {""code"": ""condition"", ""observed"": ""good"", ""outcome"": ""not_applicable"", ""required"": null}, {""code"": ""place"", ""observed"": [""place-3-library""], ""outcome"": ""not_applicable"", ""required"": []}, {""code"": ""model"", ""observed"": ""B-TWIN 20"", ""outcome"": ""not_applicable"", ""required"": null}]",,,,,,,,
bicycle-search-exact__302,bicycle-search-exact,302,test_candidate,search,迪卡侬 B-TWIN 20 折叠自行车,"{""categoryId"": ""bicycle"", ""maxPriceFen"": 50000, ""minCondition"": null, ""minPriceFen"": 20000, ""requiredModel"": null, ""requiredPlaceIds"": []}","{""asOf"": ""2026-09-26T00:00:00Z"", ""campusId"": null, ""viewerId"": null}",null,迪卡侬 B-TWIN 20 可折叠通勤单车,"设备完好,可当面检查。",50000,good,ON_SALE,public,2,明确为所求型号/版本；同义或中英改写不改变需求对象。 资格不通过时最终标签为 0；关键条件未知且无已知失败时为 U。,"[{""code"": ""wanted_active"", ""observed"": null, ""outcome"": ""not_applicable"", ""required"": null}, {""code"": ""product_status"", ""observed"": {""deleted"": false, ""status"": ""ON_SALE""}, ""outcome"": ""pass"", ""required"": {""deleted"": false, ""status"": ""ON_SALE""}}, {""code"": ""visibility"", ""observed"": ""public"", ""outcome"": ""pass"", ""required"": ""trusted synthetic context must permit visibility""}, {""code"": ""not_self"", ""observed"": null, ""outcome"": ""not_applicable"", ""required"": null}, {""code"": ""category"", ""observed"": ""bicycle"", ""outcome"": ""pass"", ""required"": ""bicycle""}, {""code"": ""budget"", ""observed"": 50000, ""outcome"": ""pass"", ""required"": {""max"": 50000, ""min"": 20000}}, {""code"": ""condition"", ""observed"": ""good"", ""outcome"": ""not_applicable"", ""required"": null}, {""code"": ""place"", ""observed"": [""place-3-library""], ""outcome"": ""not_applicable"", ""required"": []}, {""code"": ""model"", ""observed"": ""B-TWIN 20"", ""outcome"": ""not_applicable"", ""required"": null}]",,,,,,,,
bicycle-search-exact__303,bicycle-search-exact,303,test_candidate,search,迪卡侬 B-TWIN 20 折叠自行车,"{""categoryId"": ""bicycle"", ""maxPriceFen"": 50000, ""minCondition"": null, ""minPriceFen"": 20000, ""requiredModel"": null, ""requiredPlaceIds"": []}","{""asOf"": ""2026-09-26T00:00:00Z"", ""campusId"": null, ""viewerId"": null}",null,迪卡侬 ROCKRIDER 山地车,"同类用品,具体型号与目标不同。",35000,good,ON_SALE,public,1,同类但不是指定型号/版本，仅部分相关。 资格不通过时最终标签为 0；关键条件未知且无已知失败时为 U。,"[{""code"": ""wanted_active"", ""observed"": null, ""outcome"": ""not_applicable"", ""required"": null}, {""code"": ""product_status"", ""observed"": {""deleted"": false, ""status"": ""ON_SALE""}, ""outcome"": ""pass"", ""required"": {""deleted"": false, ""status"": ""ON_SALE""}}, {""code"": ""visibility"", ""observed"": ""public"", ""outcome"": ""pass"", ""required"": ""trusted synthetic context must permit visibility""}, {""code"": ""not_self"", ""observed"": null, ""outcome"": ""not_applicable"", ""required"": null}, {""code"": ""category"", ""observed"": ""bicycle"", ""outcome"": ""pass"", ""required"": ""bicycle""}, {""code"": ""budget"", ""observed"": 35000, ""outcome"": ""pass"", ""required"": {""max"": 50000, ""min"": 20000}}, {""code"": ""condition"", ""observed"": ""good"", ""outcome"": ""not_applicable"", ""required"": null}, {""code"": ""place"", ""observed"": [""place-3-library""], ""outcome"": ""not_applicable"", ""required"": []}, {""code"": ""model"", ""observed"": ""OTHER-MODEL"", ""outcome"": ""not_applicable"", ""required"": null}]",,,,,,,,
bicycle-search-exact__304,bicycle-search-exact,304,test_candidate,search,迪卡侬 B-TWIN 20 折叠自行车,"{""categoryId"": ""bicycle"", ""maxPriceFen"": 50000, ""minCondition"": null, ""minPriceFen"": 20000, ""requiredModel"": null, ""requiredPlaceIds"": []}","{""asOf"": ""2026-09-26T00:00:00Z"", ""campusId"": null, ""viewerId"": null}",null,迪卡侬 B-TWIN 20 折叠自行车,"出售相同型号,价格见标价。",50001,good,ON_SALE,public,0,明确为所求型号/版本；同义或中英改写不改变需求对象。 资格不通过时最终标签为 0；关键条件未知且无已知失败时为 U。,"[{""code"": ""wanted_active"", ""observed"": null, ""outcome"": ""not_applicable"", ""required"": null}, {""code"": ""product_status"", ""observed"": {""deleted"": false, ""status"": ""ON_SALE""}, ""outcome"": ""pass"", ""required"": {""deleted"": false, ""status"": ""ON_SALE""}}, {""code"": ""visibility"", ""observed"": ""public"", ""outcome"": ""pass"", ""required"": ""trusted synthetic context must permit visibility""}, {""code"": ""not_self"", ""observed"": null, ""outcome"": ""not_applicable"", ""required"": null}, {""code"": ""category"", ""observed"": ""bicycle"", ""outcome"": ""pass"", ""required"": ""bicycle""}, {""code"": ""budget"", ""observed"": 50001, ""outcome"": ""fail"", ""required"": {""max"": 50000, ""min"": 20000}}, {""code"": ""condition"", ""observed"": ""good"", ""outcome"": ""not_applicable"", ""required"": null}, {""code"": ""place"", ""observed"": [""place-3-library""], ""outcome"": ""not_applicable"", ""required"": []}, {""code"": ""model"", ""observed"": ""B-TWIN 20"", ""outcome"": ""not_applicable"", ""required"": null}]",,,,,,,,
bicycle-search-exact__305,bicycle-search-exact,305,test_candidate,search,迪卡侬 B-TWIN 20 折叠自行车,"{""categoryId"": ""bicycle"", ""maxPriceFen"": 50000, ""minCondition"": null, ""minPriceFen"": 20000, ""requiredModel"": null, ""requiredPlaceIds"": []}","{""asOf"": ""2026-09-26T00:00:00Z"", ""campusId"": null, ""viewerId"": null}",null,迪卡侬 B-TWIN 20 折叠自行车,"相同型号,已完成交易。",35000,good,SOLD,public,0,明确为所求型号/版本；同义或中英改写不改变需求对象。 资格不通过时最终标签为 0；关键条件未知且无已知失败时为 U。,"[{""code"": ""wanted_active"", ""observed"": null, ""outcome"": ""not_applicable"", ""required"": null}, {""code"": ""product_status"", ""observed"": {""deleted"": false, ""status"": ""SOLD""}, ""outcome"": ""fail"", ""required"": {""deleted"": false, ""status"": ""ON_SALE""}}, {""code"": ""visibility"", ""observed"": ""public"", ""outcome"": ""pass"", ""required"": ""trusted synthetic context must permit visibility""}, {""code"": ""not_self"", ""observed"": null, ""outcome"": ""not_applicable"", ""required"": null}, {""code"": ""category"", ""observed"": ""bicycle"", ""outcome"": ""pass"", ""required"": ""bicycle""}, {""code"": ""budget"", ""observed"": 35000, ""outcome"": ""pass"", ""required"": {""max"": 50000, ""min"": 20000}}, {""code"": ""condition"", ""observed"": ""good"", ""outcome"": ""not_applicable"", ""required"": null}, {""code"": ""place"", ""observed"": [""place-3-library""], ""outcome"": ""not_applicable"", ""required"": []}, {""code"": ""model"", ""observed"": ""B-TWIN 20"", ""outcome"": ""not_applicable"", ""required"": null}]",,,,,,,,
bicycle-search-exact__306,bicycle-search-exact,306,test_candidate,search,迪卡侬 B-TWIN 20 折叠自行车,"{""categoryId"": ""bicycle"", ""maxPriceFen"": 50000, ""minCondition"": null, ""minPriceFen"": 20000, ""requiredModel"": null, ""requiredPlaceIds"": []}","{""asOf"": ""2026-09-26T00:00:00Z"", ""campusId"": null, ""viewerId"": null}",null,迪卡侬 B-TWIN 20 折叠自行车,请依据结构化状态核对资格。,35000,good,ON_SALE,private,0,明确为所求型号/版本；同义或中英改写不改变需求对象。 资格不通过时最终标签为 0；关键条件未知且无已知失败时为 U。,"[{""code"": ""wanted_active"", ""observed"": null, ""outcome"": ""not_applicable"", ""required"": null}, {""code"": ""product_status"", ""observed"": {""deleted"": false, ""status"": ""ON_SALE""}, ""outcome"": ""pass"", ""required"": {""deleted"": false, ""status"": ""ON_SALE""}}, {""code"": ""visibility"", ""observed"": ""private"", ""outcome"": ""fail"", ""required"": ""trusted synthetic context must permit visibility""}, {""code"": ""not_self"", ""observed"": null, ""outcome"": ""not_applicable"", ""required"": null}, {""code"": ""category"", ""observed"": ""bicycle"", ""outcome"": ""pass"", ""required"": ""bicycle""}, {""code"": ""budget"", ""observed"": 35000, ""outcome"": ""pass"", ""required"": {""max"": 50000, ""min"": 20000}}, {""code"": ""condition"", ""observed"": ""good"", ""outcome"": ""not_applicable"", ""required"": null}, {""code"": ""place"", ""observed"": [""place-3-library""], ""outcome"": ""not_applicable"", ""required"": []}, {""code"": ""model"", ""observed"": ""B-TWIN 20"", ""outcome"": ""not_applicable"", ""required"": null}]",,,,,,,,
bicycle-search-natural__301,bicycle-search-natural,301,test_candidate,search,想买 B-TWIN 20 折叠单车,"{""categoryId"": ""bicycle"", ""maxPriceFen"": 50000, ""minCondition"": null, ""minPriceFen"": 20000, ""requiredModel"": null, ""requiredPlaceIds"": []}","{""asOf"": ""2026-09-26T00:00:00Z"", ""campusId"": null, ""viewerId"": null}",null,迪卡侬 B-TWIN 20 折叠自行车,"功能正常,附带原装配件。",20000,good,ON_SALE,public,2,明确为所求型号/版本；同义或中英改写不改变需求对象。 资格不通过时最终标签为 0；关键条件未知且无已知失败时为 U。,"[{""code"": ""wanted_active"", ""observed"": null, ""outcome"": ""not_applicable"", ""required"": null}, {""code"": ""product_status"", ""observed"": {""deleted"": false, ""status"": ""ON_SALE""}, ""outcome"": ""pass"", ""required"": {""deleted"": false, ""status"": ""ON_SALE""}}, {""code"": ""visibility"", ""observed"": ""public"", ""outcome"": ""pass"", ""required"": ""trusted synthetic context must permit visibility""}, {""code"": ""not_self"", ""observed"": null, ""outcome"": ""not_applicable"", ""required"": null}, {""code"": ""category"", ""observed"": ""bicycle"", ""outcome"": ""pass"", ""required"": ""bicycle""}, {""code"": ""budget"", ""observed"": 20000, ""outcome"": ""pass"", ""required"": {""max"": 50000, ""min"": 20000}}, {""code"": ""condition"", ""observed"": ""good"", ""outcome"": ""not_applicable"", ""required"": null}, {""code"": ""place"", ""observed"": [""place-3-library""], ""outcome"": ""not_applicable"", ""required"": []}, {""code"": ""model"", ""observed"": ""B-TWIN 20"", ""outcome"": ""not_applicable"", ""required"": null}]",,,,,,,,
bicycle-search-natural__302,bicycle-search-natural,302,test_candidate,search,想买 B-TWIN 20 折叠单车,"{""categoryId"": ""bicycle"", ""maxPriceFen"": 50000, ""minCondition"": null, ""minPriceFen"": 20000, ""requiredModel"": null, ""requiredPlaceIds"": []}","{""asOf"": ""2026-09-26T00:00:00Z"", ""campusId"": null, ""viewerId"": null}",null,迪卡侬 B-TWIN 20 可折叠通勤单车,"设备完好,可当面检查。",50000,good,ON_SALE,public,2,明确为所求型号/版本；同义或中英改写不改变需求对象。 资格不通过时最终标签为 0；关键条件未知且无已知失败时为 U。,"[{""code"": ""wanted_active"", ""observed"": null, ""outcome"": ""not_applicable"", ""required"": null}, {""code"": ""product_status"", ""observed"": {""deleted"": false, ""status"": ""ON_SALE""}, ""outcome"": ""pass"", ""required"": {""deleted"": false, ""status"": ""ON_SALE""}}, {""code"": ""visibility"", ""observed"": ""public"", ""outcome"": ""pass"", ""required"": ""trusted synthetic context must permit visibility""}, {""code"": ""not_self"", ""observed"": null, ""outcome"": ""not_applicable"", ""required"": null}, {""code"": ""category"", ""observed"": ""bicycle"", ""outcome"": ""pass"", ""required"": ""bicycle""}, {""code"": ""budget"", ""observed"": 50000, ""outcome"": ""pass"", ""required"": {""max"": 50000, ""min"": 20000}}, {""code"": ""condition"", ""observed"": ""good"", ""outcome"": ""not_applicable"", ""required"": null}, {""code"": ""place"", ""observed"": [""place-3-library""], ""outcome"": ""not_applicable"", ""required"": []}, {""code"": ""model"", ""observed"": ""B-TWIN 20"", ""outcome"": ""not_applicable"", ""required"": null}]",,,,,,,,
bicycle-search-natural__303,bicycle-search-natural,303,test_candidate,search,想买 B-TWIN 20 折叠单车,"{""categoryId"": ""bicycle"", ""maxPriceFen"": 50000, ""minCondition"": null, ""minPriceFen"": 20000, ""requiredModel"": null, ""requiredPlaceIds"": []}","{""asOf"": ""2026-09-26T00:00:00Z"", ""campusId"": null, ""viewerId"": null}",null,迪卡侬 ROCKRIDER 山地车,"同类用品,具体型号与目标不同。",35000,good,ON_SALE,public,1,同类但不是指定型号/版本，仅部分相关。 资格不通过时最终标签为 0；关键条件未知且无已知失败时为 U。,"[{""code"": ""wanted_active"", ""observed"": null, ""outcome"": ""not_applicable"", ""required"": null}, {""code"": ""product_status"", ""observed"": {""deleted"": false, ""status"": ""ON_SALE""}, ""outcome"": ""pass"", ""required"": {""deleted"": false, ""status"": ""ON_SALE""}}, {""code"": ""visibility"", ""observed"": ""public"", ""outcome"": ""pass"", ""required"": ""trusted synthetic context must permit visibility""}, {""code"": ""not_self"", ""observed"": null, ""outcome"": ""not_applicable"", ""required"": null}, {""code"": ""category"", ""observed"": ""bicycle"", ""outcome"": ""pass"", ""required"": ""bicycle""}, {""code"": ""budget"", ""observed"": 35000, ""outcome"": ""pass"", ""required"": {""max"": 50000, ""min"": 20000}}, {""code"": ""condition"", ""observed"": ""good"", ""outcome"": ""not_applicable"", ""required"": null}, {""code"": ""place"", ""observed"": [""place-3-library""], ""outcome"": ""not_applicable"", ""required"": []}, {""code"": ""model"", ""observed"": ""OTHER-MODEL"", ""outcome"": ""not_applicable"", ""required"": null}]",,,,,,,,
bicycle-search-natural__304,bicycle-search-natural,304,test_candidate,search,想买 B-TWIN 20 折叠单车,"{""categoryId"": ""bicycle"", ""maxPriceFen"": 50000, ""minCondition"": null, ""minPriceFen"": 20000, ""requiredModel"": null, ""requiredPlaceIds"": []}","{""asOf"": ""2026-09-26T00:00:00Z"", ""campusId"": null, ""viewerId"": null}",null,迪卡侬 B-TWIN 20 折叠自行车,"出售相同型号,价格见标价。",50001,good,ON_SALE,public,0,明确为所求型号/版本；同义或中英改写不改变需求对象。 资格不通过时最终标签为 0；关键条件未知且无已知失败时为 U。,"[{""code"": ""wanted_active"", ""observed"": null, ""outcome"": ""not_applicable"", ""required"": null}, {""code"": ""product_status"", ""observed"": {""deleted"": false, ""status"": ""ON_SALE""}, ""outcome"": ""pass"", ""required"": {""deleted"": false, ""status"": ""ON_SALE""}}, {""code"": ""visibility"", ""observed"": ""public"", ""outcome"": ""pass"", ""required"": ""trusted synthetic context must permit visibility""}, {""code"": ""not_self"", ""observed"": null, ""outcome"": ""not_applicable"", ""required"": null}, {""code"": ""category"", ""observed"": ""bicycle"", ""outcome"": ""pass"", ""required"": ""bicycle""}, {""code"": ""budget"", ""observed"": 50001, ""outcome"": ""fail"", ""required"": {""max"": 50000, ""min"": 20000}}, {""code"": ""condition"", ""observed"": ""good"", ""outcome"": ""not_applicable"", ""required"": null}, {""code"": ""place"", ""observed"": [""place-3-library""], ""outcome"": ""not_applicable"", ""required"": []}, {""code"": ""model"", ""observed"": ""B-TWIN 20"", ""outcome"": ""not_applicable"", ""required"": null}]",,,,,,,,
bicycle-search-natural__305,bicycle-search-natural,305,test_candidate,search,想买 B-TWIN 20 折叠单车,"{""categoryId"": ""bicycle"", ""maxPriceFen"": 50000, ""minCondition"": null, ""minPriceFen"": 20000, ""requiredModel"": null, ""requiredPlaceIds"": []}","{""asOf"": ""2026-09-26T00:00:00Z"", ""campusId"": null, ""viewerId"": null}",null,迪卡侬 B-TWIN 20 折叠自行车,"相同型号,已完成交易。",35000,good,SOLD,public,0,明确为所求型号/版本；同义或中英改写不改变需求对象。 资格不通过时最终标签为 0；关键条件未知且无已知失败时为 U。,"[{""code"": ""wanted_active"", ""observed"": null, ""outcome"": ""not_applicable"", ""required"": null}, {""code"": ""product_status"", ""observed"": {""deleted"": false, ""status"": ""SOLD""}, ""outcome"": ""fail"", ""required"": {""deleted"": false, ""status"": ""ON_SALE""}}, {""code"": ""visibility"", ""observed"": ""public"", ""outcome"": ""pass"", ""required"": ""trusted synthetic context must permit visibility""}, {""code"": ""not_self"", ""observed"": null, ""outcome"": ""not_applicable"", ""required"": null}, {""code"": ""category"", ""observed"": ""bicycle"", ""outcome"": ""pass"", ""required"": ""bicycle""}, {""code"": ""budget"", ""observed"": 35000, ""outcome"": ""pass"", ""required"": {""max"": 50000, ""min"": 20000}}, {""code"": ""condition"", ""observed"": ""good"", ""outcome"": ""not_applicable"", ""required"": null}, {""code"": ""place"", ""observed"": [""place-3-library""], ""outcome"": ""not_applicable"", ""required"": []}, {""code"": ""model"", ""observed"": ""B-TWIN 20"", ""outcome"": ""not_applicable"", ""required"": null}]",,,,,,,,
bicycle-search-natural__306,bicycle-search-natural,306,test_candidate,search,想买 B-TWIN 20 折叠单车,"{""categoryId"": ""bicycle"", ""maxPriceFen"": 50000, ""minCondition"": null, ""minPriceFen"": 20000, ""requiredModel"": null, ""requiredPlaceIds"": []}","{""asOf"": ""2026-09-26T00:00:00Z"", ""campusId"": null, ""viewerId"": null}",null,迪卡侬 B-TWIN 20 折叠自行车,请依据结构化状态核对资格。,35000,good,ON_SALE,private,0,明确为所求型号/版本；同义或中英改写不改变需求对象。 资格不通过时最终标签为 0；关键条件未知且无已知失败时为 U。,"[{""code"": ""wanted_active"", ""observed"": null, ""outcome"": ""not_applicable"", ""required"": null}, {""code"": ""product_status"", ""observed"": {""deleted"": false, ""status"": ""ON_SALE""}, ""outcome"": ""pass"", ""required"": {""deleted"": false, ""status"": ""ON_SALE""}}, {""code"": ""visibility"", ""observed"": ""private"", ""outcome"": ""fail"", ""required"": ""trusted synthetic context must permit visibility""}, {""code"": ""not_self"", ""observed"": null, ""outcome"": ""not_applicable"", ""required"": null}, {""code"": ""category"", ""observed"": ""bicycle"", ""outcome"": ""pass"", ""required"": ""bicycle""}, {""code"": ""budget"", ""observed"": 35000, ""outcome"": ""pass"", ""required"": {""max"": 50000, ""min"": 20000}}, {""code"": ""condition"", ""observed"": ""good"", ""outcome"": ""not_applicable"", ""required"": null}, {""code"": ""place"", ""observed"": [""place-3-library""], ""outcome"": ""not_applicable"", ""required"": []}, {""code"": ""model"", ""observed"": ""B-TWIN 20"", ""outcome"": ""not_applicable"", ""required"": null}]",,,,,,,,
calculator-matching__101,calculator-matching,101,dev,matching,想找 TI-84 Plus 图形计算器,"{""categoryId"": ""calculator"", ""maxPriceFen"": 20000, ""minCondition"": ""good"", ""minPriceFen"": 10000, ""requiredModel"": ""TI-84 Plus"", ""requiredPlaceIds"": [""place-1-library""]}","{""asOf"": ""2026-09-26T00:00:00Z"", ""campusId"": ""campus-1"", ""viewerId"": ""8001""}","{""entityVersion"": 1, ""expiresAt"": ""2026-10-01T00:00:00+08:00"", ""ownerId"": ""8001"", ""status"": ""OPEN"", ""wantedId"": ""7001""}",TI-84 Plus 计算器,"功能正常,附带原装配件。",10000,good,ON_SALE,public,2,明确为所求型号/版本；同义或中英改写不改变需求对象。 资格不通过时最终标签为 0；关键条件未知且无已知失败时为 U。,"[{""code"": ""wanted_active"", ""observed"": {""expiresAt"": ""2026-10-01T00:00:00+08:00"", ""status"": ""OPEN""}, ""outcome"": ""pass"", ""required"": {""expiresAfter"": ""2026-09-26T00:00:00Z"", ""status"": ""OPEN""}}, {""code"": ""product_status"", ""observed"": {""deleted"": false, ""status"": ""ON_SALE""}, ""outcome"": ""pass"", ""required"": {""deleted"": false, ""status"": ""ON_SALE""}}, {""code"": ""visibility"", ""observed"": ""public"", ""outcome"": ""pass"", ""required"": ""trusted synthetic context must permit visibility""}, {""code"": ""not_self"", ""observed"": ""90101"", ""outcome"": ""pass"", ""required"": {""not"": ""8001""}}, {""code"": ""category"", ""observed"": ""calculator"", ""outcome"": ""pass"", ""required"": ""calculator""}, {""code"": ""budget"", ""observed"": 10000, ""outcome"": ""pass"", ""required"": {""max"": 20000, ""min"": 10000}}, {""code"": ""condition"", ""observed"": ""good"", ""outcome"": ""pass"", ""required"": ""good""}, {""code"": ""place"", ""observed"": [""place-1-library""], ""outcome"": ""pass"", ""required"": [""place-1-library""]}, {""code"": ""model"", ""observed"": ""TI-84 Plus"", ""outcome"": ""pass"", ""required"": ""TI-84 Plus""}]",,,,,,,,
calculator-matching__102,calculator-matching,102,dev,matching,想找 TI-84 Plus 图形计算器,"{""categoryId"": ""calculator"", ""maxPriceFen"": 20000, ""minCondition"": ""good"", ""minPriceFen"": 10000, ""requiredModel"": ""TI-84 Plus"", ""requiredPlaceIds"": [""place-1-library""]}","{""asOf"": ""2026-09-26T00:00:00Z"", ""campusId"": ""campus-1"", ""viewerId"": ""8001""}","{""entityVersion"": 1, ""expiresAt"": ""2026-10-01T00:00:00+08:00"", ""ownerId"": ""8001"", ""status"": ""OPEN"", ""wantedId"": ""7001""}",考试用的图形计算工具 TI-84 Plus,"设备完好,可当面检查。",20000,good,ON_SALE,public,2,明确为所求型号/版本；同义或中英改写不改变需求对象。 资格不通过时最终标签为 0；关键条件未知且无已知失败时为 U。,"[{""code"": ""wanted_active"", ""observed"": {""expiresAt"": ""2026-10-01T00:00:00+08:00"", ""status"": ""OPEN""}, ""outcome"": ""pass"", ""required"": {""expiresAfter"": ""2026-09-26T00:00:00Z"", ""status"": ""OPEN""}}, {""code"": ""product_status"", ""observed"": {""deleted"": false, ""status"": ""ON_SALE""}, ""outcome"": ""pass"", ""required"": {""deleted"": false, ""status"": ""ON_SALE""}}, {""code"": ""visibility"", ""observed"": ""public"", ""outcome"": ""pass"", ""required"": ""trusted synthetic context must permit visibility""}, {""code"": ""not_self"", ""observed"": ""90102"", ""outcome"": ""pass"", ""required"": {""not"": ""8001""}}, {""code"": ""category"", ""observed"": ""calculator"", ""outcome"": ""pass"", ""required"": ""calculator""}, {""code"": ""budget"", ""observed"": 20000, ""outcome"": ""pass"", ""required"": {""max"": 20000, ""min"": 10000}}, {""code"": ""condition"", ""observed"": ""good"", ""outcome"": ""pass"", ""required"": ""good""}, {""code"": ""place"", ""observed"": [""place-1-library""], ""outcome"": ""pass"", ""required"": [""place-1-library""]}, {""code"": ""model"", ""observed"": ""TI-84 Plus"", ""outcome"": ""pass"", ""required"": ""TI-84 Plus""}]",,,,,,,,
calculator-matching__103,calculator-matching,103,dev,matching,想找 TI-84 Plus 图形计算器,"{""categoryId"": ""calculator"", ""maxPriceFen"": 20000, ""minCondition"": ""good"", ""minPriceFen"": 10000, ""requiredModel"": ""TI-84 Plus"", ""requiredPlaceIds"": [""place-1-library""]}","{""asOf"": ""2026-09-26T00:00:00Z"", ""campusId"": ""campus-1"", ""viewerId"": ""8001""}","{""entityVersion"": 1, ""expiresAt"": ""2026-10-01T00:00:00+08:00"", ""ownerId"": ""8001"", ""status"": ""OPEN"", ""wantedId"": ""7001""}",TI-83 计算器,"同类用品,具体型号与目标不同。",15000,good,ON_SALE,public,0,同类但不是指定型号/版本，仅部分相关。 资格不通过时最终标签为 0；关键条件未知且无已知失败时为 U。,"[{""code"": ""wanted_active"", ""observed"": {""expiresAt"": ""2026-10-01T00:00:00+08:00"", ""status"": ""OPEN""}, ""outcome"": ""pass"", ""required"": {""expiresAfter"": ""2026-09-26T00:00:00Z"", ""status"": ""OPEN""}}, {""code"": ""product_status"", ""observed"": {""deleted"": false, ""status"": ""ON_SALE""}, ""outcome"": ""pass"", ""required"": {""deleted"": false, ""status"": ""ON_SALE""}}, {""code"": ""visibility"", ""observed"": ""public"", ""outcome"": ""pass"", ""required"": ""trusted synthetic context must permit visibility""}, {""code"": ""not_self"", ""observed"": ""90103"", ""outcome"": ""pass"", ""required"": {""not"": ""8001""}}, {""code"": ""category"", ""observed"": ""calculator"", ""outcome"": ""pass"", ""required"": ""calculator""}, {""code"": ""budget"", ""observed"": 15000, ""outcome"": ""pass"", ""required"": {""max"": 20000, ""min"": 10000}}, {""code"": ""condition"", ""observed"": ""good"", ""outcome"": ""pass"", ""required"": ""good""}, {""code"": ""place"", ""observed"": [""place-1-library""], ""outcome"": ""pass"", ""required"": [""place-1-library""]}, {""code"": ""model"", ""observed"": ""OTHER-MODEL"", ""outcome"": ""fail"", ""required"": ""TI-84 Plus""}]",,,,,,,,
calculator-matching__104,calculator-matching,104,dev,matching,想找 TI-84 Plus 图形计算器,"{""categoryId"": ""calculator"", ""maxPriceFen"": 20000, ""minCondition"": ""good"", ""minPriceFen"": 10000, ""requiredModel"": ""TI-84 Plus"", ""requiredPlaceIds"": [""place-1-library""]}","{""asOf"": ""2026-09-26T00:00:00Z"", ""campusId"": ""campus-1"", ""viewerId"": ""8001""}","{""entityVersion"": 1, ""expiresAt"": ""2026-10-01T00:00:00+08:00"", ""ownerId"": ""8001"", ""status"": ""OPEN"", ""wantedId"": ""7001""}",TI-84 Plus 计算器,"出售相同型号,价格见标价。",20001,good,ON_SALE,public,0,明确为所求型号/版本；同义或中英改写不改变需求对象。 资格不通过时最终标签为 0；关键条件未知且无已知失败时为 U。,"[{""code"": ""wanted_active"", ""observed"": {""expiresAt"": ""2026-10-01T00:00:00+08:00"", ""status"": ""OPEN""}, ""outcome"": ""pass"", ""required"": {""expiresAfter"": ""2026-09-26T00:00:00Z"", ""status"": ""OPEN""}}, {""code"": ""product_status"", ""observed"": {""deleted"": false, ""status"": ""ON_SALE""}, ""outcome"": ""pass"", ""required"": {""deleted"": false, ""status"": ""ON_SALE""}}, {""code"": ""visibility"", ""observed"": ""public"", ""outcome"": ""pass"", ""required"": ""trusted synthetic context must permit visibility""}, {""code"": ""not_self"", ""observed"": ""90104"", ""outcome"": ""pass"", ""required"": {""not"": ""8001""}}, {""code"": ""category"", ""observed"": ""calculator"", ""outcome"": ""pass"", ""required"": ""calculator""}, {""code"": ""budget"", ""observed"": 20001, ""outcome"": ""fail"", ""required"": {""max"": 20000, ""min"": 10000}}, {""code"": ""condition"", ""observed"": ""good"", ""outcome"": ""pass"", ""required"": ""good""}, {""code"": ""place"", ""observed"": [""place-1-library""], ""outcome"": ""pass"", ""required"": [""place-1-library""]}, {""code"": ""model"", ""observed"": ""TI-84 Plus"", ""outcome"": ""pass"", ""required"": ""TI-84 Plus""}]",,,,,,,,
calculator-matching__105,calculator-matching,105,dev,matching,想找 TI-84 Plus 图形计算器,"{""categoryId"": ""calculator"", ""maxPriceFen"": 20000, ""minCondition"": ""good"", ""minPriceFen"": 10000, ""requiredModel"": ""TI-84 Plus"", ""requiredPlaceIds"": [""place-1-library""]}","{""asOf"": ""2026-09-26T00:00:00Z"", ""campusId"": ""campus-1"", ""viewerId"": ""8001""}","{""entityVersion"": 1, ""expiresAt"": ""2026-10-01T00:00:00+08:00"", ""ownerId"": ""8001"", ""status"": ""OPEN"", ""wantedId"": ""7001""}",TI-84 Plus 计算器,"相同型号,已完成交易。",15000,good,SOLD,public,0,明确为所求型号/版本；同义或中英改写不改变需求对象。 资格不通过时最终标签为 0；关键条件未知且无已知失败时为 U。,"[{""code"": ""wanted_active"", ""observed"": {""expiresAt"": ""2026-10-01T00:00:00+08:00"", ""status"": ""OPEN""}, ""outcome"": ""pass"", ""required"": {""expiresAfter"": ""2026-09-26T00:00:00Z"", ""status"": ""OPEN""}}, {""code"": ""product_status"", ""observed"": {""deleted"": false, ""status"": ""SOLD""}, ""outcome"": ""fail"", ""required"": {""deleted"": false, ""status"": ""ON_SALE""}}, {""code"": ""visibility"", ""observed"": ""public"", ""outcome"": ""pass"", ""required"": ""trusted synthetic context must permit visibility""}, {""code"": ""not_self"", ""observed"": ""90105"", ""outcome"": ""pass"", ""required"": {""not"": ""8001""}}, {""code"": ""category"", ""observed"": ""calculator"", ""outcome"": ""pass"", ""required"": ""calculator""}, {""code"": ""budget"", ""observed"": 15000, ""outcome"": ""pass"", ""required"": {""max"": 20000, ""min"": 10000}}, {""code"": ""condition"", ""observed"": ""good"", ""outcome"": ""pass"", ""required"": ""good""}, {""code"": ""place"", ""observed"": [""place-1-library""], ""outcome"": ""pass"", ""required"": [""place-1-library""]}, {""code"": ""model"", ""observed"": ""TI-84 Plus"", ""outcome"": ""pass"", ""required"": ""TI-84 Plus""}]",,,,,,,,
calculator-matching__106,calculator-matching,106,dev,matching,想找 TI-84 Plus 图形计算器,"{""categoryId"": ""calculator"", ""maxPriceFen"": 20000, ""minCondition"": ""good"", ""minPriceFen"": 10000, ""requiredModel"": ""TI-84 Plus"", ""requiredPlaceIds"": [""place-1-library""]}","{""asOf"": ""2026-09-26T00:00:00Z"", ""campusId"": ""campus-1"", ""viewerId"": ""8001""}","{""entityVersion"": 1, ""expiresAt"": ""2026-10-01T00:00:00+08:00"", ""ownerId"": ""8001"", ""status"": ""OPEN"", ""wantedId"": ""7001""}",TI-84 Plus 计算器,请依据结构化状态核对资格。,15000,good,SOLD,public,0,明确为所求型号/版本；同义或中英改写不改变需求对象。 资格不通过时最终标签为 0；关键条件未知且无已知失败时为 U。,"[{""code"": ""wanted_active"", ""observed"": {""expiresAt"": ""2026-10-01T00:00:00+08:00"", ""status"": ""OPEN""}, ""outcome"": ""pass"", ""required"": {""expiresAfter"": ""2026-09-26T00:00:00Z"", ""status"": ""OPEN""}}, {""code"": ""product_status"", ""observed"": {""deleted"": false, ""status"": ""SOLD""}, ""outcome"": ""fail"", ""required"": {""deleted"": false, ""status"": ""ON_SALE""}}, {""code"": ""visibility"", ""observed"": ""public"", ""outcome"": ""pass"", ""required"": ""trusted synthetic context must permit visibility""}, {""code"": ""not_self"", ""observed"": ""90106"", ""outcome"": ""pass"", ""required"": {""not"": ""8001""}}, {""code"": ""category"", ""observed"": ""calculator"", ""outcome"": ""pass"", ""required"": ""calculator""}, {""code"": ""budget"", ""observed"": 15000, ""outcome"": ""pass"", ""required"": {""max"": 20000, ""min"": 10000}}, {""code"": ""condition"", ""observed"": ""good"", ""outcome"": ""pass"", ""required"": ""good""}, {""code"": ""place"", ""observed"": [""place-1-library""], ""outcome"": ""pass"", ""required"": [""place-1-library""]}, {""code"": ""model"", ""observed"": ""TI-84 Plus"", ""outcome"": ""pass"", ""required"": ""TI-84 Plus""}]",,,,,,,,
calculator-search-exact__101,calculator-search-exact,101,dev,search,TI-84 Plus 计算器,"{""categoryId"": ""calculator"", ""maxPriceFen"": 20000, ""minCondition"": null, ""minPriceFen"": 10000, ""requiredModel"": null, ""requiredPlaceIds"": []}","{""asOf"": ""2026-09-26T00:00:00Z"", ""campusId"": null, ""viewerId"": null}",null,TI-84 Plus 计算器,"功能正常,附带原装配件。",10000,good,ON_SALE,public,2,明确为所求型号/版本；同义或中英改写不改变需求对象。 资格不通过时最终标签为 0；关键条件未知且无已知失败时为 U。,"[{""code"": ""wanted_active"", ""observed"": null, ""outcome"": ""not_applicable"", ""required"": null}, {""code"": ""product_status"", ""observed"": {""deleted"": false, ""status"": ""ON_SALE""}, ""outcome"": ""pass"", ""required"": {""deleted"": false, ""status"": ""ON_SALE""}}, {""code"": ""visibility"", ""observed"": ""public"", ""outcome"": ""pass"", ""required"": ""trusted synthetic context must permit visibility""}, {""code"": ""not_self"", ""observed"": null, ""outcome"": ""not_applicable"", ""required"": null}, {""code"": ""category"", ""observed"": ""calculator"", ""outcome"": ""pass"", ""required"": ""calculator""}, {""code"": ""budget"", ""observed"": 10000, ""outcome"": ""pass"", ""required"": {""max"": 20000, ""min"": 10000}}, {""code"": ""condition"", ""observed"": ""good"", ""outcome"": ""not_applicable"", ""required"": null}, {""code"": ""place"", ""observed"": [""place-1-library""], ""outcome"": ""not_applicable"", ""required"": []}, {""code"": ""model"", ""observed"": ""TI-84 Plus"", ""outcome"": ""not_applicable"", ""required"": null}]",,,,,,,,
calculator-search-exact__102,calculator-search-exact,102,dev,search,TI-84 Plus 计算器,"{""categoryId"": ""calculator"", ""maxPriceFen"": 20000, ""minCondition"": null, ""minPriceFen"": 10000, ""requiredModel"": null, ""requiredPlaceIds"": []}","{""asOf"": ""2026-09-26T00:00:00Z"", ""campusId"": null, ""viewerId"": null}",null,考试用的图形计算工具 TI-84 Plus,"设备完好,可当面检查。",20000,good,ON_SALE,public,2,明确为所求型号/版本；同义或中英改写不改变需求对象。 资格不通过时最终标签为 0；关键条件未知且无已知失败时为 U。,"[{""code"": ""wanted_active"", ""observed"": null, ""outcome"": ""not_applicable"", ""required"": null}, {""code"": ""product_status"", ""observed"": {""deleted"": false, ""status"": ""ON_SALE""}, ""outcome"": ""pass"", ""required"": {""deleted"": false, ""status"": ""ON_SALE""}}, {""code"": ""visibility"", ""observed"": ""public"", ""outcome"": ""pass"", ""required"": ""trusted synthetic context must permit visibility""}, {""code"": ""not_self"", ""observed"": null, ""outcome"": ""not_applicable"", ""required"": null}, {""code"": ""category"", ""observed"": ""calculator"", ""outcome"": ""pass"", ""required"": ""calculator""}, {""code"": ""budget"", ""observed"": 20000, ""outcome"": ""pass"", ""required"": {""max"": 20000, ""min"": 10000}}, {""code"": ""condition"", ""observed"": ""good"", ""outcome"": ""not_applicable"", ""required"": null}, {""code"": ""place"", ""observed"": [""place-1-library""], ""outcome"": ""not_applicable"", ""required"": []}, {""code"": ""model"", ""observed"": ""TI-84 Plus"", ""outcome"": ""not_applicable"", ""required"": null}]",,,,,,,,
calculator-search-exact__103,calculator-search-exact,103,dev,search,TI-84 Plus 计算器,"{""categoryId"": ""calculator"", ""maxPriceFen"": 20000, ""minCondition"": null, ""minPriceFen"": 10000, ""requiredModel"": null, ""requiredPlaceIds"": []}","{""asOf"": ""2026-09-26T00:00:00Z"", ""campusId"": null, ""viewerId"": null}",null,TI-83 计算器,"同类用品,具体型号与目标不同。",15000,good,ON_SALE,public,1,同类但不是指定型号/版本，仅部分相关。 资格不通过时最终标签为 0；关键条件未知且无已知失败时为 U。,"[{""code"": ""wanted_active"", ""observed"": null, ""outcome"": ""not_applicable"", ""required"": null}, {""code"": ""product_status"", ""observed"": {""deleted"": false, ""status"": ""ON_SALE""}, ""outcome"": ""pass"", ""required"": {""deleted"": false, ""status"": ""ON_SALE""}}, {""code"": ""visibility"", ""observed"": ""public"", ""outcome"": ""pass"", ""required"": ""trusted synthetic context must permit visibility""}, {""code"": ""not_self"", ""observed"": null, ""outcome"": ""not_applicable"", ""required"": null}, {""code"": ""category"", ""observed"": ""calculator"", ""outcome"": ""pass"", ""required"": ""calculator""}, {""code"": ""budget"", ""observed"": 15000, ""outcome"": ""pass"", ""required"": {""max"": 20000, ""min"": 10000}}, {""code"": ""condition"", ""observed"": ""good"", ""outcome"": ""not_applicable"", ""required"": null}, {""code"": ""place"", ""observed"": [""place-1-library""], ""outcome"": ""not_applicable"", ""required"": []}, {""code"": ""model"", ""observed"": ""OTHER-MODEL"", ""outcome"": ""not_applicable"", ""required"": null}]",,,,,,,,
calculator-search-exact__104,calculator-search-exact,104,dev,search,TI-84 Plus 计算器,"{""categoryId"": ""calculator"", ""maxPriceFen"": 20000, ""minCondition"": null, ""minPriceFen"": 10000, ""requiredModel"": null, ""requiredPlaceIds"": []}","{""asOf"": ""2026-09-26T00:00:00Z"", ""campusId"": null, ""viewerId"": null}",null,TI-84 Plus 计算器,"出售相同型号,价格见标价。",20001,good,ON_SALE,public,0,明确为所求型号/版本；同义或中英改写不改变需求对象。 资格不通过时最终标签为 0；关键条件未知且无已知失败时为 U。,"[{""code"": ""wanted_active"", ""observed"": null, ""outcome"": ""not_applicable"", ""required"": null}, {""code"": ""product_status"", ""observed"": {""deleted"": false, ""status"": ""ON_SALE""}, ""outcome"": ""pass"", ""required"": {""deleted"": false, ""status"": ""ON_SALE""}}, {""code"": ""visibility"", ""observed"": ""public"", ""outcome"": ""pass"", ""required"": ""trusted synthetic context must permit visibility""}, {""code"": ""not_self"", ""observed"": null, ""outcome"": ""not_applicable"", ""required"": null}, {""code"": ""category"", ""observed"": ""calculator"", ""outcome"": ""pass"", ""required"": ""calculator""}, {""code"": ""budget"", ""observed"": 20001, ""outcome"": ""fail"", ""required"": {""max"": 20000, ""min"": 10000}}, {""code"": ""condition"", ""observed"": ""good"", ""outcome"": ""not_applicable"", ""required"": null}, {""code"": ""place"", ""observed"": [""place-1-library""], ""outcome"": ""not_applicable"", ""required"": []}, {""code"": ""model"", ""observed"": ""TI-84 Plus"", ""outcome"": ""not_applicable"", ""required"": null}]",,,,,,,,
calculator-search-exact__105,calculator-search-exact,105,dev,search,TI-84 Plus 计算器,"{""categoryId"": ""calculator"", ""maxPriceFen"": 20000, ""minCondition"": null, ""minPriceFen"": 10000, ""requiredModel"": null, ""requiredPlaceIds"": []}","{""asOf"": ""2026-09-26T00:00:00Z"", ""campusId"": null, ""viewerId"": null}",null,TI-84 Plus 计算器,"相同型号,已完成交易。",15000,good,SOLD,public,0,明确为所求型号/版本；同义或中英改写不改变需求对象。 资格不通过时最终标签为 0；关键条件未知且无已知失败时为 U。,"[{""code"": ""wanted_active"", ""observed"": null, ""outcome"": ""not_applicable"", ""required"": null}, {""code"": ""product_status"", ""observed"": {""deleted"": false, ""status"": ""SOLD""}, ""outcome"": ""fail"", ""required"": {""deleted"": false, ""status"": ""ON_SALE""}}, {""code"": ""visibility"", ""observed"": ""public"", ""outcome"": ""pass"", ""required"": ""trusted synthetic context must permit visibility""}, {""code"": ""not_self"", ""observed"": null, ""outcome"": ""not_applicable"", ""required"": null}, {""code"": ""category"", ""observed"": ""calculator"", ""outcome"": ""pass"", ""required"": ""calculator""}, {""code"": ""budget"", ""observed"": 15000, ""outcome"": ""pass"", ""required"": {""max"": 20000, ""min"": 10000}}, {""code"": ""condition"", ""observed"": ""good"", ""outcome"": ""not_applicable"", ""required"": null}, {""code"": ""place"", ""observed"": [""place-1-library""], ""outcome"": ""not_applicable"", ""required"": []}, {""code"": ""model"", ""observed"": ""TI-84 Plus"", ""outcome"": ""not_applicable"", ""required"": null}]",,,,,,,,
calculator-search-exact__106,calculator-search-exact,106,dev,search,TI-84 Plus 计算器,"{""categoryId"": ""calculator"", ""maxPriceFen"": 20000, ""minCondition"": null, ""minPriceFen"": 10000, ""requiredModel"": null, ""requiredPlaceIds"": []}","{""asOf"": ""2026-09-26T00:00:00Z"", ""campusId"": null, ""viewerId"": null}",null,TI-84 Plus 计算器,请依据结构化状态核对资格。,15000,good,SOLD,public,0,明确为所求型号/版本；同义或中英改写不改变需求对象。 资格不通过时最终标签为 0；关键条件未知且无已知失败时为 U。,"[{""code"": ""wanted_active"", ""observed"": null, ""outcome"": ""not_applicable"", ""required"": null}, {""code"": ""product_status"", ""observed"": {""deleted"": false, ""status"": ""SOLD""}, ""outcome"": ""fail"", ""required"": {""deleted"": false, ""status"": ""ON_SALE""}}, {""code"": ""visibility"", ""observed"": ""public"", ""outcome"": ""pass"", ""required"": ""trusted synthetic context must permit visibility""}, {""code"": ""not_self"", ""observed"": null, ""outcome"": ""not_applicable"", ""required"": null}, {""code"": ""category"", ""observed"": ""calculator"", ""outcome"": ""pass"", ""required"": ""calculator""}, {""code"": ""budget"", ""observed"": 15000, ""outcome"": ""pass"", ""required"": {""max"": 20000, ""min"": 10000}}, {""code"": ""condition"", ""observed"": ""good"", ""outcome"": ""not_applicable"", ""required"": null}, {""code"": ""place"", ""observed"": [""place-1-library""], ""outcome"": ""not_applicable"", ""required"": []}, {""code"": ""model"", ""observed"": ""TI-84 Plus"", ""outcome"": ""not_applicable"", ""required"": null}]",,,,,,,,
calculator-search-natural__101,calculator-search-natural,101,dev,search,想找 TI-84 Plus 图形计算器,"{""categoryId"": ""calculator"", ""maxPriceFen"": 20000, ""minCondition"": null, ""minPriceFen"": 10000, ""requiredModel"": null, ""requiredPlaceIds"": []}","{""asOf"": ""2026-09-26T00:00:00Z"", ""campusId"": null, ""viewerId"": null}",null,TI-84 Plus 计算器,"功能正常,附带原装配件。",10000,good,ON_SALE,public,2,明确为所求型号/版本；同义或中英改写不改变需求对象。 资格不通过时最终标签为 0；关键条件未知且无已知失败时为 U。,"[{""code"": ""wanted_active"", ""observed"": null, ""outcome"": ""not_applicable"", ""required"": null}, {""code"": ""product_status"", ""observed"": {""deleted"": false, ""status"": ""ON_SALE""}, ""outcome"": ""pass"", ""required"": {""deleted"": false, ""status"": ""ON_SALE""}}, {""code"": ""visibility"", ""observed"": ""public"", ""outcome"": ""pass"", ""required"": ""trusted synthetic context must permit visibility""}, {""code"": ""not_self"", ""observed"": null, ""outcome"": ""not_applicable"", ""required"": null}, {""code"": ""category"", ""observed"": ""calculator"", ""outcome"": ""pass"", ""required"": ""calculator""}, {""code"": ""budget"", ""observed"": 10000, ""outcome"": ""pass"", ""required"": {""max"": 20000, ""min"": 10000}}, {""code"": ""condition"", ""observed"": ""good"", ""outcome"": ""not_applicable"", ""required"": null}, {""code"": ""place"", ""observed"": [""place-1-library""], ""outcome"": ""not_applicable"", ""required"": []}, {""code"": ""model"", ""observed"": ""TI-84 Plus"", ""outcome"": ""not_applicable"", ""required"": null}]",,,,,,,,
calculator-search-natural__102,calculator-search-natural,102,dev,search,想找 TI-84 Plus 图形计算器,"{""categoryId"": ""calculator"", ""maxPriceFen"": 20000, ""minCondition"": null, ""minPriceFen"": 10000, ""requiredModel"": null, ""requiredPlaceIds"": []}","{""asOf"": ""2026-09-26T00:00:00Z"", ""campusId"": null, ""viewerId"": null}",null,考试用的图形计算工具 TI-84 Plus,"设备完好,可当面检查。",20000,good,ON_SALE,public,2,明确为所求型号/版本；同义或中英改写不改变需求对象。 资格不通过时最终标签为 0；关键条件未知且无已知失败时为 U。,"[{""code"": ""wanted_active"", ""observed"": null, ""outcome"": ""not_applicable"", ""required"": null}, {""code"": ""product_status"", ""observed"": {""deleted"": false, ""status"": ""ON_SALE""}, ""outcome"": ""pass"", ""required"": {""deleted"": false, ""status"": ""ON_SALE""}}, {""code"": ""visibility"", ""observed"": ""public"", ""outcome"": ""pass"", ""required"": ""trusted synthetic context must permit visibility""}, {""code"": ""not_self"", ""observed"": null, ""outcome"": ""not_applicable"", ""required"": null}, {""code"": ""category"", ""observed"": ""calculator"", ""outcome"": ""pass"", ""required"": ""calculator""}, {""code"": ""budget"", ""observed"": 20000, ""outcome"": ""pass"", ""required"": {""max"": 20000, ""min"": 10000}}, {""code"": ""condition"", ""observed"": ""good"", ""outcome"": ""not_applicable"", ""required"": null}, {""code"": ""place"", ""observed"": [""place-1-library""], ""outcome"": ""not_applicable"", ""required"": []}, {""code"": ""model"", ""observed"": ""TI-84 Plus"", ""outcome"": ""not_applicable"", ""required"": null}]",,,,,,,,
calculator-search-natural__103,calculator-search-natural,103,dev,search,想找 TI-84 Plus 图形计算器,"{""categoryId"": ""calculator"", ""maxPriceFen"": 20000, ""minCondition"": null, ""minPriceFen"": 10000, ""requiredModel"": null, ""requiredPlaceIds"": []}","{""asOf"": ""2026-09-26T00:00:00Z"", ""campusId"": null, ""viewerId"": null}",null,TI-83 计算器,"同类用品,具体型号与目标不同。",15000,good,ON_SALE,public,1,同类但不是指定型号/版本，仅部分相关。 资格不通过时最终标签为 0；关键条件未知且无已知失败时为 U。,"[{""code"": ""wanted_active"", ""observed"": null, ""outcome"": ""not_applicable"", ""required"": null}, {""code"": ""product_status"", ""observed"": {""deleted"": false, ""status"": ""ON_SALE""}, ""outcome"": ""pass"", ""required"": {""deleted"": false, ""status"": ""ON_SALE""}}, {""code"": ""visibility"", ""observed"": ""public"", ""outcome"": ""pass"", ""required"": ""trusted synthetic context must permit visibility""}, {""code"": ""not_self"", ""observed"": null, ""outcome"": ""not_applicable"", ""required"": null}, {""code"": ""category"", ""observed"": ""calculator"", ""outcome"": ""pass"", ""required"": ""calculator""}, {""code"": ""budget"", ""observed"": 15000, ""outcome"": ""pass"", ""required"": {""max"": 20000, ""min"": 10000}}, {""code"": ""condition"", ""observed"": ""good"", ""outcome"": ""not_applicable"", ""required"": null}, {""code"": ""place"", ""observed"": [""place-1-library""], ""outcome"": ""not_applicable"", ""required"": []}, {""code"": ""model"", ""observed"": ""OTHER-MODEL"", ""outcome"": ""not_applicable"", ""required"": null}]",,,,,,,,
calculator-search-natural__104,calculator-search-natural,104,dev,search,想找 TI-84 Plus 图形计算器,"{""categoryId"": ""calculator"", ""maxPriceFen"": 20000, ""minCondition"": null, ""minPriceFen"": 10000, ""requiredModel"": null, ""requiredPlaceIds"": []}","{""asOf"": ""2026-09-26T00:00:00Z"", ""campusId"": null, ""viewerId"": null}",null,TI-84 Plus 计算器,"出售相同型号,价格见标价。",20001,good,ON_SALE,public,0,明确为所求型号/版本；同义或中英改写不改变需求对象。 资格不通过时最终标签为 0；关键条件未知且无已知失败时为 U。,"[{""code"": ""wanted_active"", ""observed"": null, ""outcome"": ""not_applicable"", ""required"": null}, {""code"": ""product_status"", ""observed"": {""deleted"": false, ""status"": ""ON_SALE""}, ""outcome"": ""pass"", ""required"": {""deleted"": false, ""status"": ""ON_SALE""}}, {""code"": ""visibility"", ""observed"": ""public"", ""outcome"": ""pass"", ""required"": ""trusted synthetic context must permit visibility""}, {""code"": ""not_self"", ""observed"": null, ""outcome"": ""not_applicable"", ""required"": null}, {""code"": ""category"", ""observed"": ""calculator"", ""outcome"": ""pass"", ""required"": ""calculator""}, {""code"": ""budget"", ""observed"": 20001, ""outcome"": ""fail"", ""required"": {""max"": 20000, ""min"": 10000}}, {""code"": ""condition"", ""observed"": ""good"", ""outcome"": ""not_applicable"", ""required"": null}, {""code"": ""place"", ""observed"": [""place-1-library""], ""outcome"": ""not_applicable"", ""required"": []}, {""code"": ""model"", ""observed"": ""TI-84 Plus"", ""outcome"": ""not_applicable"", ""required"": null}]",,,,,,,,
calculator-search-natural__105,calculator-search-natural,105,dev,search,想找 TI-84 Plus 图形计算器,"{""categoryId"": ""calculator"", ""maxPriceFen"": 20000, ""minCondition"": null, ""minPriceFen"": 10000, ""requiredModel"": null, ""requiredPlaceIds"": []}","{""asOf"": ""2026-09-26T00:00:00Z"", ""campusId"": null, ""viewerId"": null}",null,TI-84 Plus 计算器,"相同型号,已完成交易。",15000,good,SOLD,public,0,明确为所求型号/版本；同义或中英改写不改变需求对象。 资格不通过时最终标签为 0；关键条件未知且无已知失败时为 U。,"[{""code"": ""wanted_active"", ""observed"": null, ""outcome"": ""not_applicable"", ""required"": null}, {""code"": ""product_status"", ""observed"": {""deleted"": false, ""status"": ""SOLD""}, ""outcome"": ""fail"", ""required"": {""deleted"": false, ""status"": ""ON_SALE""}}, {""code"": ""visibility"", ""observed"": ""public"", ""outcome"": ""pass"", ""required"": ""trusted synthetic context must permit visibility""}, {""code"": ""not_self"", ""observed"": null, ""outcome"": ""not_applicable"", ""required"": null}, {""code"": ""category"", ""observed"": ""calculator"", ""outcome"": ""pass"", ""required"": ""calculator""}, {""code"": ""budget"", ""observed"": 15000, ""outcome"": ""pass"", ""required"": {""max"": 20000, ""min"": 10000}}, {""code"": ""condition"", ""observed"": ""good"", ""outcome"": ""not_applicable"", ""required"": null}, {""code"": ""place"", ""observed"": [""place-1-library""], ""outcome"": ""not_applicable"", ""required"": []}, {""code"": ""model"", ""observed"": ""TI-84 Plus"", ""outcome"": ""not_applicable"", ""required"": null}]",,,,,,,,
calculator-search-natural__106,calculator-search-natural,106,dev,search,想找 TI-84 Plus 图形计算器,"{""categoryId"": ""calculator"", ""maxPriceFen"": 20000, ""minCondition"": null, ""minPriceFen"": 10000, ""requiredModel"": null, ""requiredPlaceIds"": []}","{""asOf"": ""2026-09-26T00:00:00Z"", ""campusId"": null, ""viewerId"": null}",null,TI-84 Plus 计算器,请依据结构化状态核对资格。,15000,good,SOLD,public,0,明确为所求型号/版本；同义或中英改写不改变需求对象。 资格不通过时最终标签为 0；关键条件未知且无已知失败时为 U。,"[{""code"": ""wanted_active"", ""observed"": null, ""outcome"": ""not_applicable"", ""required"": null}, {""code"": ""product_status"", ""observed"": {""deleted"": false, ""status"": ""SOLD""}, ""outcome"": ""fail"", ""required"": {""deleted"": false, ""status"": ""ON_SALE""}}, {""code"": ""visibility"", ""observed"": ""public"", ""outcome"": ""pass"", ""required"": ""trusted synthetic context must permit visibility""}, {""code"": ""not_self"", ""observed"": null, ""outcome"": ""not_applicable"", ""required"": null}, {""code"": ""category"", ""observed"": ""calculator"", ""outcome"": ""pass"", ""required"": ""calculator""}, {""code"": ""budget"", ""observed"": 15000, ""outcome"": ""pass"", ""required"": {""max"": 20000, ""min"": 10000}}, {""code"": ""condition"", ""observed"": ""good"", ""outcome"": ""not_applicable"", ""required"": null}, {""code"": ""place"", ""observed"": [""place-1-library""], ""outcome"": ""not_applicable"", ""required"": []}, {""code"": ""model"", ""observed"": ""TI-84 Plus"", ""outcome"": ""not_applicable"", ""required"": null}]",,,,,,,,
calculus-matching__401,calculus-matching,401,test_candidate,matching,求同济第七版高数上册,"{""categoryId"": ""calculus"", ""maxPriceFen"": 5000, ""minCondition"": ""good"", ""minPriceFen"": 1000, ""requiredModel"": ""同济高数7上"", ""requiredPlaceIds"": [""place-4-library""]}","{""asOf"": ""2026-09-26T00:00:00Z"", ""campusId"": ""campus-4"", ""viewerId"": ""8004""}","{""entityVersion"": 1, ""expiresAt"": ""2026-10-01T00:00:00+08:00"", ""ownerId"": ""8004"", ""status"": ""OPEN"", ""wantedId"": ""7004""}",同济 高等数学 第七版 上册,"功能正常,附带原装配件。",1000,good,ON_SALE,public,2,明确为所求型号/版本；同义或中英改写不改变需求对象。 资格不通过时最终标签为 0；关键条件未知且无已知失败时为 U。,"[{""code"": ""wanted_active"", ""observed"": {""expiresAt"": ""2026-10-01T00:00:00+08:00"", ""status"": ""OPEN""}, ""outcome"": ""pass"", ""required"": {""expiresAfter"": ""2026-09-26T00:00:00Z"", ""status"": ""OPEN""}}, {""code"": ""product_status"", ""observed"": {""deleted"": false, ""status"": ""ON_SALE""}, ""outcome"": ""pass"", ""required"": {""deleted"": false, ""status"": ""ON_SALE""}}, {""code"": ""visibility"", ""observed"": ""public"", ""outcome"": ""pass"", ""required"": ""trusted synthetic context must permit visibility""}, {""code"": ""not_self"", ""observed"": ""90401"", ""outcome"": ""pass"", ""required"": {""not"": ""8004""}}, {""code"": ""category"", ""observed"": ""calculus"", ""outcome"": ""pass"", ""required"": ""calculus""}, {""code"": ""budget"", ""observed"": 1000, ""outcome"": ""pass"", ""required"": {""max"": 5000, ""min"": 1000}}, {""code"": ""condition"", ""observed"": ""good"", ""outcome"": ""pass"", ""required"": ""good""}, {""code"": ""place"", ""observed"": [""place-4-library""], ""outcome"": ""pass"", ""required"": [""place-4-library""]}, {""code"": ""model"", ""observed"": ""同济高数7上"", ""outcome"": ""pass"", ""required"": ""同济高数7上""}]",,,,,,,,
calculus-matching__402,calculus-matching,402,test_candidate,matching,求同济第七版高数上册,"{""categoryId"": ""calculus"", ""maxPriceFen"": 5000, ""minCondition"": ""good"", ""minPriceFen"": 1000, ""requiredModel"": ""同济高数7上"", ""requiredPlaceIds"": [""place-4-library""]}","{""asOf"": ""2026-09-26T00:00:00Z"", ""campusId"": ""campus-4"", ""viewerId"": ""8004""}","{""entityVersion"": 1, ""expiresAt"": ""2026-10-01T00:00:00+08:00"", ""ownerId"": ""8004"", ""status"": ""OPEN"", ""wantedId"": ""7004""}",同济七版高数上册教材,"设备完好,可当面检查。",5000,good,ON_SALE,public,2,明确为所求型号/版本；同义或中英改写不改变需求对象。 资格不通过时最终标签为 0；关键条件未知且无已知失败时为 U。,"[{""code"": ""wanted_active"", ""observed"": {""expiresAt"": ""2026-10-01T00:00:00+08:00"", ""status"": ""OPEN""}, ""outcome"": ""pass"", ""required"": {""expiresAfter"": ""2026-09-26T00:00:00Z"", ""status"": ""OPEN""}}, {""code"": ""product_status"", ""observed"": {""deleted"": false, ""status"": ""ON_SALE""}, ""outcome"": ""pass"", ""required"": {""deleted"": false, ""status"": ""ON_SALE""}}, {""code"": ""visibility"", ""observed"": ""public"", ""outcome"": ""pass"", ""required"": ""trusted synthetic context must permit visibility""}, {""code"": ""not_self"", ""observed"": ""90402"", ""outcome"": ""pass"", ""required"": {""not"": ""8004""}}, {""code"": ""category"", ""observed"": ""calculus"", ""outcome"": ""pass"", ""required"": ""calculus""}, {""code"": ""budget"", ""observed"": 5000, ""outcome"": ""pass"", ""required"": {""max"": 5000, ""min"": 1000}}, {""code"": ""condition"", ""observed"": ""good"", ""outcome"": ""pass"", ""required"": ""good""}, {""code"": ""place"", ""observed"": [""place-4-library""], ""outcome"": ""pass"", ""required"": [""place-4-library""]}, {""code"": ""model"", ""observed"": ""同济高数7上"", ""outcome"": ""pass"", ""required"": ""同济高数7上""}]",,,,,,,,
calculus-matching__403,calculus-matching,403,test_candidate,matching,求同济第七版高数上册,"{""categoryId"": ""calculus"", ""maxPriceFen"": 5000, ""minCondition"": ""good"", ""minPriceFen"": 1000, ""requiredModel"": ""同济高数7上"", ""requiredPlaceIds"": [""place-4-library""]}","{""asOf"": ""2026-09-26T00:00:00Z"", ""campusId"": ""campus-4"", ""viewerId"": ""8004""}","{""entityVersion"": 1, ""expiresAt"": ""2026-10-01T00:00:00+08:00"", ""ownerId"": ""8004"", ""status"": ""OPEN"", ""wantedId"": ""7004""}",同济 高等数学 第七版 下册,"同类用品,具体型号与目标不同。",3000,good,ON_SALE,public,0,同类但不是指定型号/版本，仅部分相关。 资格不通过时最终标签为 0；关键条件未知且无已知失败时为 U。,"[{""code"": ""wanted_active"", ""observed"": {""expiresAt"": ""2026-10-01T00:00:00+08:00"", ""status"": ""OPEN""}, ""outcome"": ""pass"", ""required"": {""expiresAfter"": ""2026-09-26T00:00:00Z"", ""status"": ""OPEN""}}, {""code"": ""product_status"", ""observed"": {""deleted"": false, ""status"": ""ON_SALE""}, ""outcome"": ""pass"", ""required"": {""deleted"": false, ""status"": ""ON_SALE""}}, {""code"": ""visibility"", ""observed"": ""public"", ""outcome"": ""pass"", ""required"": ""trusted synthetic context must permit visibility""}, {""code"": ""not_self"", ""observed"": ""90403"", ""outcome"": ""pass"", ""required"": {""not"": ""8004""}}, {""code"": ""category"", ""observed"": ""calculus"", ""outcome"": ""pass"", ""required"": ""calculus""}, {""code"": ""budget"", ""observed"": 3000, ""outcome"": ""pass"", ""required"": {""max"": 5000, ""min"": 1000}}, {""code"": ""condition"", ""observed"": ""good"", ""outcome"": ""pass"", ""required"": ""good""}, {""code"": ""place"", ""observed"": [""place-4-library""], ""outcome"": ""pass"", ""required"": [""place-4-library""]}, {""code"": ""model"", ""observed"": ""OTHER-MODEL"", ""outcome"": ""fail"", ""required"": ""同济高数7上""}]",,,,,,,,
calculus-matching__404,calculus-matching,404,test_candidate,matching,求同济第七版高数上册,"{""categoryId"": ""calculus"", ""maxPriceFen"": 5000, ""minCondition"": ""good"", ""minPriceFen"": 1000, ""requiredModel"": ""同济高数7上"", ""requiredPlaceIds"": [""place-4-library""]}","{""asOf"": ""2026-09-26T00:00:00Z"", ""campusId"": ""campus-4"", ""viewerId"": ""8004""}","{""entityVersion"": 1, ""expiresAt"": ""2026-10-01T00:00:00+08:00"", ""ownerId"": ""8004"", ""status"": ""OPEN"", ""wantedId"": ""7004""}",同济 高等数学 第七版 上册,"出售相同型号,价格见标价。",5001,good,ON_SALE,public,0,明确为所求型号/版本；同义或中英改写不改变需求对象。 资格不通过时最终标签为 0；关键条件未知且无已知失败时为 U。,"[{""code"": ""wanted_active"", ""observed"": {""expiresAt"": ""2026-10-01T00:00:00+08:00"", ""status"": ""OPEN""}, ""outcome"": ""pass"", ""required"": {""expiresAfter"": ""2026-09-26T00:00:00Z"", ""status"": ""OPEN""}}, {""code"": ""product_status"", ""observed"": {""deleted"": false, ""status"": ""ON_SALE""}, ""outcome"": ""pass"", ""required"": {""deleted"": false, ""status"": ""ON_SALE""}}, {""code"": ""visibility"", ""observed"": ""public"", ""outcome"": ""pass"", ""required"": ""trusted synthetic context must permit visibility""}, {""code"": ""not_self"", ""observed"": ""90404"", ""outcome"": ""pass"", ""required"": {""not"": ""8004""}}, {""code"": ""category"", ""observed"": ""calculus"", ""outcome"": ""pass"", ""required"": ""calculus""}, {""code"": ""budget"", ""observed"": 5001, ""outcome"": ""fail"", ""required"": {""max"": 5000, ""min"": 1000}}, {""code"": ""condition"", ""observed"": ""good"", ""outcome"": ""pass"", ""required"": ""good""}, {""code"": ""place"", ""observed"": [""place-4-library""], ""outcome"": ""pass"", ""required"": [""place-4-library""]}, {""code"": ""model"", ""observed"": ""同济高数7上"", ""outcome"": ""pass"", ""required"": ""同济高数7上""}]",,,,,,,,
calculus-matching__405,calculus-matching,405,test_candidate,matching,求同济第七版高数上册,"{""categoryId"": ""calculus"", ""maxPriceFen"": 5000, ""minCondition"": ""good"", ""minPriceFen"": 1000, ""requiredModel"": ""同济高数7上"", ""requiredPlaceIds"": [""place-4-library""]}","{""asOf"": ""2026-09-26T00:00:00Z"", ""campusId"": ""campus-4"", ""viewerId"": ""8004""}","{""entityVersion"": 1, ""expiresAt"": ""2026-10-01T00:00:00+08:00"", ""ownerId"": ""8004"", ""status"": ""OPEN"", ""wantedId"": ""7004""}",同济 高等数学 第七版 上册,"相同型号,已完成交易。",3000,good,SOLD,public,0,明确为所求型号/版本；同义或中英改写不改变需求对象。 资格不通过时最终标签为 0；关键条件未知且无已知失败时为 U。,"[{""code"": ""wanted_active"", ""observed"": {""expiresAt"": ""2026-10-01T00:00:00+08:00"", ""status"": ""OPEN""}, ""outcome"": ""pass"", ""required"": {""expiresAfter"": ""2026-09-26T00:00:00Z"", ""status"": ""OPEN""}}, {""code"": ""product_status"", ""observed"": {""deleted"": false, ""status"": ""SOLD""}, ""outcome"": ""fail"", ""required"": {""deleted"": false, ""status"": ""ON_SALE""}}, {""code"": ""visibility"", ""observed"": ""public"", ""outcome"": ""pass"", ""required"": ""trusted synthetic context must permit visibility""}, {""code"": ""not_self"", ""observed"": ""90405"", ""outcome"": ""pass"", ""required"": {""not"": ""8004""}}, {""code"": ""category"", ""observed"": ""calculus"", ""outcome"": ""pass"", ""required"": ""calculus""}, {""code"": ""budget"", ""observed"": 3000, ""outcome"": ""pass"", ""required"": {""max"": 5000, ""min"": 1000}}, {""code"": ""condition"", ""observed"": ""good"", ""outcome"": ""pass"", ""required"": ""good""}, {""code"": ""place"", ""observed"": [""place-4-library""], ""outcome"": ""pass"", ""required"": [""place-4-library""]}, {""code"": ""model"", ""observed"": ""同济高数7上"", ""outcome"": ""pass"", ""required"": ""同济高数7上""}]",,,,,,,,
calculus-matching__406,calculus-matching,406,test_candidate,matching,求同济第七版高数上册,"{""categoryId"": ""calculus"", ""maxPriceFen"": 5000, ""minCondition"": ""good"", ""minPriceFen"": 1000, ""requiredModel"": ""同济高数7上"", ""requiredPlaceIds"": [""place-4-library""]}","{""asOf"": ""2026-09-26T00:00:00Z"", ""campusId"": ""campus-4"", ""viewerId"": ""8004""}","{""entityVersion"": 1, ""expiresAt"": ""2026-10-01T00:00:00+08:00"", ""ownerId"": ""8004"", ""status"": ""OPEN"", ""wantedId"": ""7004""}",同济 高等数学 第七版 上册,请依据结构化状态核对资格。,3000,good,ON_SALE,campus,0,明确为所求型号/版本；同义或中英改写不改变需求对象。 资格不通过时最终标签为 0；关键条件未知且无已知失败时为 U。,"[{""code"": ""wanted_active"", ""observed"": {""expiresAt"": ""2026-10-01T00:00:00+08:00"", ""status"": ""OPEN""}, ""outcome"": ""pass"", ""required"": {""expiresAfter"": ""2026-09-26T00:00:00Z"", ""status"": ""OPEN""}}, {""code"": ""product_status"", ""observed"": {""deleted"": false, ""status"": ""ON_SALE""}, ""outcome"": ""pass"", ""required"": {""deleted"": false, ""status"": ""ON_SALE""}}, {""code"": ""visibility"", ""observed"": ""campus"", ""outcome"": ""fail"", ""required"": ""trusted synthetic context must permit visibility""}, {""code"": ""not_self"", ""observed"": ""90406"", ""outcome"": ""pass"", ""required"": {""not"": ""8004""}}, {""code"": ""category"", ""observed"": ""calculus"", ""outcome"": ""pass"", ""required"": ""calculus""}, {""code"": ""budget"", ""observed"": 3000, ""outcome"": ""pass"", ""required"": {""max"": 5000, ""min"": 1000}}, {""code"": ""condition"", ""observed"": ""good"", ""outcome"": ""pass"", ""required"": ""good""}, {""code"": ""place"", ""observed"": [""place-4-library""], ""outcome"": ""pass"", ""required"": [""place-4-library""]}, {""code"": ""model"", ""observed"": ""同济高数7上"", ""outcome"": ""pass"", ""required"": ""同济高数7上""}]",,,,,,,,
calculus-search-exact__401,calculus-search-exact,401,test_candidate,search,同济 高等数学 第七版 上册,"{""categoryId"": ""calculus"", ""maxPriceFen"": 5000, ""minCondition"": null, ""minPriceFen"": 1000, ""requiredModel"": null, ""requiredPlaceIds"": []}","{""asOf"": ""2026-09-26T00:00:00Z"", ""campusId"": null, ""viewerId"": null}",null,同济 高等数学 第七版 上册,"功能正常,附带原装配件。",1000,good,ON_SALE,public,2,明确为所求型号/版本；同义或中英改写不改变需求对象。 资格不通过时最终标签为 0；关键条件未知且无已知失败时为 U。,"[{""code"": ""wanted_active"", ""observed"": null, ""outcome"": ""not_applicable"", ""required"": null}, {""code"": ""product_status"", ""observed"": {""deleted"": false, ""status"": ""ON_SALE""}, ""outcome"": ""pass"", ""required"": {""deleted"": false, ""status"": ""ON_SALE""}}, {""code"": ""visibility"", ""observed"": ""public"", ""outcome"": ""pass"", ""required"": ""trusted synthetic context must permit visibility""}, {""code"": ""not_self"", ""observed"": null, ""outcome"": ""not_applicable"", ""required"": null}, {""code"": ""category"", ""observed"": ""calculus"", ""outcome"": ""pass"", ""required"": ""calculus""}, {""code"": ""budget"", ""observed"": 1000, ""outcome"": ""pass"", ""required"": {""max"": 5000, ""min"": 1000}}, {""code"": ""condition"", ""observed"": ""good"", ""outcome"": ""not_applicable"", ""required"": null}, {""code"": ""place"", ""observed"": [""place-4-library""], ""outcome"": ""not_applicable"", ""required"": []}, {""code"": ""model"", ""observed"": ""同济高数7上"", ""outcome"": ""not_applicable"", ""required"": null}]",,,,,,,,
calculus-search-exact__402,calculus-search-exact,402,test_candidate,search,同济 高等数学 第七版 上册,"{""categoryId"": ""calculus"", ""maxPriceFen"": 5000, ""minCondition"": null, ""minPriceFen"": 1000, ""requiredModel"": null, ""requiredPlaceIds"": []}","{""asOf"": ""2026-09-26T00:00:00Z"", ""campusId"": null, ""viewerId"": null}",null,同济七版高数上册教材,"设备完好,可当面检查。",5000,good,ON_SALE,public,2,明确为所求型号/版本；同义或中英改写不改变需求对象。 资格不通过时最终标签为 0；关键条件未知且无已知失败时为 U。,"[{""code"": ""wanted_active"", ""observed"": null, ""outcome"": ""not_applicable"", ""required"": null}, {""code"": ""product_status"", ""observed"": {""deleted"": false, ""status"": ""ON_SALE""}, ""outcome"": ""pass"", ""required"": {""deleted"": false, ""status"": ""ON_SALE""}}, {""code"": ""visibility"", ""observed"": ""public"", ""outcome"": ""pass"", ""required"": ""trusted synthetic context must permit visibility""}, {""code"": ""not_self"", ""observed"": null, ""outcome"": ""not_applicable"", ""required"": null}, {""code"": ""category"", ""observed"": ""calculus"", ""outcome"": ""pass"", ""required"": ""calculus""}, {""code"": ""budget"", ""observed"": 5000, ""outcome"": ""pass"", ""required"": {""max"": 5000, ""min"": 1000}}, {""code"": ""condition"", ""observed"": ""good"", ""outcome"": ""not_applicable"", ""required"": null}, {""code"": ""place"", ""observed"": [""place-4-library""], ""outcome"": ""not_applicable"", ""required"": []}, {""code"": ""model"", ""observed"": ""同济高数7上"", ""outcome"": ""not_applicable"", ""required"": null}]",,,,,,,,
calculus-search-exact__403,calculus-search-exact,403,test_candidate,search,同济 高等数学 第七版 上册,"{""categoryId"": ""calculus"", ""maxPriceFen"": 5000, ""minCondition"": null, ""minPriceFen"": 1000, ""requiredModel"": null, ""requiredPlaceIds"": []}","{""asOf"": ""2026-09-26T00:00:00Z"", ""campusId"": null, ""viewerId"": null}",null,同济 高等数学 第七版 下册,"同类用品,具体型号与目标不同。",3000,good,ON_SALE,public,1,同类但不是指定型号/版本，仅部分相关。 资格不通过时最终标签为 0；关键条件未知且无已知失败时为 U。,"[{""code"": ""wanted_active"", ""observed"": null, ""outcome"": ""not_applicable"", ""required"": null}, {""code"": ""product_status"", ""observed"": {""deleted"": false, ""status"": ""ON_SALE""}, ""outcome"": ""pass"", ""required"": {""deleted"": false, ""status"": ""ON_SALE""}}, {""code"": ""visibility"", ""observed"": ""public"", ""outcome"": ""pass"", ""required"": ""trusted synthetic context must permit visibility""}, {""code"": ""not_self"", ""observed"": null, ""outcome"": ""not_applicable"", ""required"": null}, {""code"": ""category"", ""observed"": ""calculus"", ""outcome"": ""pass"", ""required"": ""calculus""}, {""code"": ""budget"", ""observed"": 3000, ""outcome"": ""pass"", ""required"": {""max"": 5000, ""min"": 1000}}, {""code"": ""condition"", ""observed"": ""good"", ""outcome"": ""not_applicable"", ""required"": null}, {""code"": ""place"", ""observed"": [""place-4-library""], ""outcome"": ""not_applicable"", ""required"": []}, {""code"": ""model"", ""observed"": ""OTHER-MODEL"", ""outcome"": ""not_applicable"", ""required"": null}]",,,,,,,,
calculus-search-exact__404,calculus-search-exact,404,test_candidate,search,同济 高等数学 第七版 上册,"{""categoryId"": ""calculus"", ""maxPriceFen"": 5000, ""minCondition"": null, ""minPriceFen"": 1000, ""requiredModel"": null, ""requiredPlaceIds"": []}","{""asOf"": ""2026-09-26T00:00:00Z"", ""campusId"": null, ""viewerId"": null}",null,同济 高等数学 第七版 上册,"出售相同型号,价格见标价。",5001,good,ON_SALE,public,0,明确为所求型号/版本；同义或中英改写不改变需求对象。 资格不通过时最终标签为 0；关键条件未知且无已知失败时为 U。,"[{""code"": ""wanted_active"", ""observed"": null, ""outcome"": ""not_applicable"", ""required"": null}, {""code"": ""product_status"", ""observed"": {""deleted"": false, ""status"": ""ON_SALE""}, ""outcome"": ""pass"", ""required"": {""deleted"": false, ""status"": ""ON_SALE""}}, {""code"": ""visibility"", ""observed"": ""public"", ""outcome"": ""pass"", ""required"": ""trusted synthetic context must permit visibility""}, {""code"": ""not_self"", ""observed"": null, ""outcome"": ""not_applicable"", ""required"": null}, {""code"": ""category"", ""observed"": ""calculus"", ""outcome"": ""pass"", ""required"": ""calculus""}, {""code"": ""budget"", ""observed"": 5001, ""outcome"": ""fail"", ""required"": {""max"": 5000, ""min"": 1000}}, {""code"": ""condition"", ""observed"": ""good"", ""outcome"": ""not_applicable"", ""required"": null}, {""code"": ""place"", ""observed"": [""place-4-library""], ""outcome"": ""not_applicable"", ""required"": []}, {""code"": ""model"", ""observed"": ""同济高数7上"", ""outcome"": ""not_applicable"", ""required"": null}]",,,,,,,,
calculus-search-exact__405,calculus-search-exact,405,test_candidate,search,同济 高等数学 第七版 上册,"{""categoryId"": ""calculus"", ""maxPriceFen"": 5000, ""minCondition"": null, ""minPriceFen"": 1000, ""requiredModel"": null, ""requiredPlaceIds"": []}","{""asOf"": ""2026-09-26T00:00:00Z"", ""campusId"": null, ""viewerId"": null}",null,同济 高等数学 第七版 上册,"相同型号,已完成交易。",3000,good,SOLD,public,0,明确为所求型号/版本；同义或中英改写不改变需求对象。 资格不通过时最终标签为 0；关键条件未知且无已知失败时为 U。,"[{""code"": ""wanted_active"", ""observed"": null, ""outcome"": ""not_applicable"", ""required"": null}, {""code"": ""product_status"", ""observed"": {""deleted"": false, ""status"": ""SOLD""}, ""outcome"": ""fail"", ""required"": {""deleted"": false, ""status"": ""ON_SALE""}}, {""code"": ""visibility"", ""observed"": ""public"", ""outcome"": ""pass"", ""required"": ""trusted synthetic context must permit visibility""}, {""code"": ""not_self"", ""observed"": null, ""outcome"": ""not_applicable"", ""required"": null}, {""code"": ""category"", ""observed"": ""calculus"", ""outcome"": ""pass"", ""required"": ""calculus""}, {""code"": ""budget"", ""observed"": 3000, ""outcome"": ""pass"", ""required"": {""max"": 5000, ""min"": 1000}}, {""code"": ""condition"", ""observed"": ""good"", ""outcome"": ""not_applicable"", ""required"": null}, {""code"": ""place"", ""observed"": [""place-4-library""], ""outcome"": ""not_applicable"", ""required"": []}, {""code"": ""model"", ""observed"": ""同济高数7上"", ""outcome"": ""not_applicable"", ""required"": null}]",,,,,,,,
calculus-search-exact__406,calculus-search-exact,406,test_candidate,search,同济 高等数学 第七版 上册,"{""categoryId"": ""calculus"", ""maxPriceFen"": 5000, ""minCondition"": null, ""minPriceFen"": 1000, ""requiredModel"": null, ""requiredPlaceIds"": []}","{""asOf"": ""2026-09-26T00:00:00Z"", ""campusId"": null, ""viewerId"": null}",null,同济 高等数学 第七版 上册,请依据结构化状态核对资格。,3000,good,ON_SALE,campus,0,明确为所求型号/版本；同义或中英改写不改变需求对象。 资格不通过时最终标签为 0；关键条件未知且无已知失败时为 U。,"[{""code"": ""wanted_active"", ""observed"": null, ""outcome"": ""not_applicable"", ""required"": null}, {""code"": ""product_status"", ""observed"": {""deleted"": false, ""status"": ""ON_SALE""}, ""outcome"": ""pass"", ""required"": {""deleted"": false, ""status"": ""ON_SALE""}}, {""code"": ""visibility"", ""observed"": ""campus"", ""outcome"": ""fail"", ""required"": ""trusted synthetic context must permit visibility""}, {""code"": ""not_self"", ""observed"": null, ""outcome"": ""not_applicable"", ""required"": null}, {""code"": ""category"", ""observed"": ""calculus"", ""outcome"": ""pass"", ""required"": ""calculus""}, {""code"": ""budget"", ""observed"": 3000, ""outcome"": ""pass"", ""required"": {""max"": 5000, ""min"": 1000}}, {""code"": ""condition"", ""observed"": ""good"", ""outcome"": ""not_applicable"", ""required"": null}, {""code"": ""place"", ""observed"": [""place-4-library""], ""outcome"": ""not_applicable"", ""required"": []}, {""code"": ""model"", ""observed"": ""同济高数7上"", ""outcome"": ""not_applicable"", ""required"": null}]",,,,,,,,
calculus-search-natural__401,calculus-search-natural,401,test_candidate,search,求同济第七版高数上册,"{""categoryId"": ""calculus"", ""maxPriceFen"": 5000, ""minCondition"": null, ""minPriceFen"": 1000, ""requiredModel"": null, ""requiredPlaceIds"": []}","{""asOf"": ""2026-09-26T00:00:00Z"", ""campusId"": null, ""viewerId"": null}",null,同济 高等数学 第七版 上册,"功能正常,附带原装配件。",1000,good,ON_SALE,public,2,明确为所求型号/版本；同义或中英改写不改变需求对象。 资格不通过时最终标签为 0；关键条件未知且无已知失败时为 U。,"[{""code"": ""wanted_active"", ""observed"": null, ""outcome"": ""not_applicable"", ""required"": null}, {""code"": ""product_status"", ""observed"": {""deleted"": false, ""status"": ""ON_SALE""}, ""outcome"": ""pass"", ""required"": {""deleted"": false, ""status"": ""ON_SALE""}}, {""code"": ""visibility"", ""observed"": ""public"", ""outcome"": ""pass"", ""required"": ""trusted synthetic context must permit visibility""}, {""code"": ""not_self"", ""observed"": null, ""outcome"": ""not_applicable"", ""required"": null}, {""code"": ""category"", ""observed"": ""calculus"", ""outcome"": ""pass"", ""required"": ""calculus""}, {""code"": ""budget"", ""observed"": 1000, ""outcome"": ""pass"", ""required"": {""max"": 5000, ""min"": 1000}}, {""code"": ""condition"", ""observed"": ""good"", ""outcome"": ""not_applicable"", ""required"": null}, {""code"": ""place"", ""observed"": [""place-4-library""], ""outcome"": ""not_applicable"", ""required"": []}, {""code"": ""model"", ""observed"": ""同济高数7上"", ""outcome"": ""not_applicable"", ""required"": null}]",,,,,,,,
calculus-search-natural__402,calculus-search-natural,402,test_candidate,search,求同济第七版高数上册,"{""categoryId"": ""calculus"", ""maxPriceFen"": 5000, ""minCondition"": null, ""minPriceFen"": 1000, ""requiredModel"": null, ""requiredPlaceIds"": []}","{""asOf"": ""2026-09-26T00:00:00Z"", ""campusId"": null, ""viewerId"": null}",null,同济七版高数上册教材,"设备完好,可当面检查。",5000,good,ON_SALE,public,2,明确为所求型号/版本；同义或中英改写不改变需求对象。 资格不通过时最终标签为 0；关键条件未知且无已知失败时为 U。,"[{""code"": ""wanted_active"", ""observed"": null, ""outcome"": ""not_applicable"", ""required"": null}, {""code"": ""product_status"", ""observed"": {""deleted"": false, ""status"": ""ON_SALE""}, ""outcome"": ""pass"", ""required"": {""deleted"": false, ""status"": ""ON_SALE""}}, {""code"": ""visibility"", ""observed"": ""public"", ""outcome"": ""pass"", ""required"": ""trusted synthetic context must permit visibility""}, {""code"": ""not_self"", ""observed"": null, ""outcome"": ""not_applicable"", ""required"": null}, {""code"": ""category"", ""observed"": ""calculus"", ""outcome"": ""pass"", ""required"": ""calculus""}, {""code"": ""budget"", ""observed"": 5000, ""outcome"": ""pass"", ""required"": {""max"": 5000, ""min"": 1000}}, {""code"": ""condition"", ""observed"": ""good"", ""outcome"": ""not_applicable"", ""required"": null}, {""code"": ""place"", ""observed"": [""place-4-library""], ""outcome"": ""not_applicable"", ""required"": []}, {""code"": ""model"", ""observed"": ""同济高数7上"", ""outcome"": ""not_applicable"", ""required"": null}]",,,,,,,,
calculus-search-natural__403,calculus-search-natural,403,test_candidate,search,求同济第七版高数上册,"{""categoryId"": ""calculus"", ""maxPriceFen"": 5000, ""minCondition"": null, ""minPriceFen"": 1000, ""requiredModel"": null, ""requiredPlaceIds"": []}","{""asOf"": ""2026-09-26T00:00:00Z"", ""campusId"": null, ""viewerId"": null}",null,同济 高等数学 第七版 下册,"同类用品,具体型号与目标不同。",3000,good,ON_SALE,public,1,同类但不是指定型号/版本，仅部分相关。 资格不通过时最终标签为 0；关键条件未知且无已知失败时为 U。,"[{""code"": ""wanted_active"", ""observed"": null, ""outcome"": ""not_applicable"", ""required"": null}, {""code"": ""product_status"", ""observed"": {""deleted"": false, ""status"": ""ON_SALE""}, ""outcome"": ""pass"", ""required"": {""deleted"": false, ""status"": ""ON_SALE""}}, {""code"": ""visibility"", ""observed"": ""public"", ""outcome"": ""pass"", ""required"": ""trusted synthetic context must permit visibility""}, {""code"": ""not_self"", ""observed"": null, ""outcome"": ""not_applicable"", ""required"": null}, {""code"": ""category"", ""observed"": ""calculus"", ""outcome"": ""pass"", ""required"": ""calculus""}, {""code"": ""budget"", ""observed"": 3000, ""outcome"": ""pass"", ""required"": {""max"": 5000, ""min"": 1000}}, {""code"": ""condition"", ""observed"": ""good"", ""outcome"": ""not_applicable"", ""required"": null}, {""code"": ""place"", ""observed"": [""place-4-library""], ""outcome"": ""not_applicable"", ""required"": []}, {""code"": ""model"", ""observed"": ""OTHER-MODEL"", ""outcome"": ""not_applicable"", ""required"": null}]",,,,,,,,
calculus-search-natural__404,calculus-search-natural,404,test_candidate,search,求同济第七版高数上册,"{""categoryId"": ""calculus"", ""maxPriceFen"": 5000, ""minCondition"": null, ""minPriceFen"": 1000, ""requiredModel"": null, ""requiredPlaceIds"": []}","{""asOf"": ""2026-09-26T00:00:00Z"", ""campusId"": null, ""viewerId"": null}",null,同济 高等数学 第七版 上册,"出售相同型号,价格见标价。",5001,good,ON_SALE,public,0,明确为所求型号/版本；同义或中英改写不改变需求对象。 资格不通过时最终标签为 0；关键条件未知且无已知失败时为 U。,"[{""code"": ""wanted_active"", ""observed"": null, ""outcome"": ""not_applicable"", ""required"": null}, {""code"": ""product_status"", ""observed"": {""deleted"": false, ""status"": ""ON_SALE""}, ""outcome"": ""pass"", ""required"": {""deleted"": false, ""status"": ""ON_SALE""}}, {""code"": ""visibility"", ""observed"": ""public"", ""outcome"": ""pass"", ""required"": ""trusted synthetic context must permit visibility""}, {""code"": ""not_self"", ""observed"": null, ""outcome"": ""not_applicable"", ""required"": null}, {""code"": ""category"", ""observed"": ""calculus"", ""outcome"": ""pass"", ""required"": ""calculus""}, {""code"": ""budget"", ""observed"": 5001, ""outcome"": ""fail"", ""required"": {""max"": 5000, ""min"": 1000}}, {""code"": ""condition"", ""observed"": ""good"", ""outcome"": ""not_applicable"", ""required"": null}, {""code"": ""place"", ""observed"": [""place-4-library""], ""outcome"": ""not_applicable"", ""required"": []}, {""code"": ""model"", ""observed"": ""同济高数7上"", ""outcome"": ""not_applicable"", ""required"": null}]",,,,,,,,
calculus-search-natural__405,calculus-search-natural,405,test_candidate,search,求同济第七版高数上册,"{""categoryId"": ""calculus"", ""maxPriceFen"": 5000, ""minCondition"": null, ""minPriceFen"": 1000, ""requiredModel"": null, ""requiredPlaceIds"": []}","{""asOf"": ""2026-09-26T00:00:00Z"", ""campusId"": null, ""viewerId"": null}",null,同济 高等数学 第七版 上册,"相同型号,已完成交易。",3000,good,SOLD,public,0,明确为所求型号/版本；同义或中英改写不改变需求对象。 资格不通过时最终标签为 0；关键条件未知且无已知失败时为 U。,"[{""code"": ""wanted_active"", ""observed"": null, ""outcome"": ""not_applicable"", ""required"": null}, {""code"": ""product_status"", ""observed"": {""deleted"": false, ""status"": ""SOLD""}, ""outcome"": ""fail"", ""required"": {""deleted"": false, ""status"": ""ON_SALE""}}, {""code"": ""visibility"", ""observed"": ""public"", ""outcome"": ""pass"", ""required"": ""trusted synthetic context must permit visibility""}, {""code"": ""not_self"", ""observed"": null, ""outcome"": ""not_applicable"", ""required"": null}, {""code"": ""category"", ""observed"": ""calculus"", ""outcome"": ""pass"", ""required"": ""calculus""}, {""code"": ""budget"", ""observed"": 3000, ""outcome"": ""pass"", ""required"": {""max"": 5000, ""min"": 1000}}, {""code"": ""condition"", ""observed"": ""good"", ""outcome"": ""not_applicable"", ""required"": null}, {""code"": ""place"", ""observed"": [""place-4-library""], ""outcome"": ""not_applicable"", ""required"": []}, {""code"": ""model"", ""observed"": ""同济高数7上"", ""outcome"": ""not_applicable"", ""required"": null}]",,,,,,,,
calculus-search-natural__406,calculus-search-natural,406,test_candidate,search,求同济第七版高数上册,"{""categoryId"": ""calculus"", ""maxPriceFen"": 5000, ""minCondition"": null, ""minPriceFen"": 1000, ""requiredModel"": null, ""requiredPlaceIds"": []}","{""asOf"": ""2026-09-26T00:00:00Z"", ""campusId"": null, ""viewerId"": null}",null,同济 高等数学 第七版 上册,请依据结构化状态核对资格。,3000,good,ON_SALE,campus,0,明确为所求型号/版本；同义或中英改写不改变需求对象。 资格不通过时最终标签为 0；关键条件未知且无已知失败时为 U。,"[{""code"": ""wanted_active"", ""observed"": null, ""outcome"": ""not_applicable"", ""required"": null}, {""code"": ""product_status"", ""observed"": {""deleted"": false, ""status"": ""ON_SALE""}, ""outcome"": ""pass"", ""required"": {""deleted"": false, ""status"": ""ON_SALE""}}, {""code"": ""visibility"", ""observed"": ""campus"", ""outcome"": ""fail"", ""required"": ""trusted synthetic context must permit visibility""}, {""code"": ""not_self"", ""observed"": null, ""outcome"": ""not_applicable"", ""required"": null}, {""code"": ""category"", ""observed"": ""calculus"", ""outcome"": ""pass"", ""required"": ""calculus""}, {""code"": ""budget"", ""observed"": 3000, ""outcome"": ""pass"", ""required"": {""max"": 5000, ""min"": 1000}}, {""code"": ""condition"", ""observed"": ""good"", ""outcome"": ""not_applicable"", ""required"": null}, {""code"": ""place"", ""observed"": [""place-4-library""], ""outcome"": ""not_applicable"", ""required"": []}, {""code"": ""model"", ""observed"": ""同济高数7上"", ""outcome"": ""not_applicable"", ""required"": null}]",,,,,,,,
camera-matching__801,camera-matching,801,dev,matching,想买佳能 EOS 200D 练习摄影,"{""categoryId"": ""camera"", ""maxPriceFen"": 230000, ""minCondition"": ""good"", ""minPriceFen"": 150000, ""requiredModel"": ""EOS 200D"", ""requiredPlaceIds"": [""place-8-library""]}","{""asOf"": ""2026-09-26T00:00:00Z"", ""campusId"": ""campus-8"", ""viewerId"": ""8008""}","{""entityVersion"": 1, ""expiresAt"": ""2026-10-01T00:00:00+08:00"", ""ownerId"": ""8008"", ""status"": ""OPEN"", ""wantedId"": ""7008""}",佳能 EOS 200D 相机,"功能正常,附带原装配件。",150000,good,ON_SALE,public,2,明确为所求型号/版本；同义或中英改写不改变需求对象。 资格不通过时最终标签为 0；关键条件未知且无已知失败时为 U。,"[{""code"": ""wanted_active"", ""observed"": {""expiresAt"": ""2026-10-01T00:00:00+08:00"", ""status"": ""OPEN""}, ""outcome"": ""pass"", ""required"": {""expiresAfter"": ""2026-09-26T00:00:00Z"", ""status"": ""OPEN""}}, {""code"": ""product_status"", ""observed"": {""deleted"": false, ""status"": ""ON_SALE""}, ""outcome"": ""pass"", ""required"": {""deleted"": false, ""status"": ""ON_SALE""}}, {""code"": ""visibility"", ""observed"": ""public"", ""outcome"": ""pass"", ""required"": ""trusted synthetic context must permit visibility""}, {""code"": ""not_self"", ""observed"": ""90801"", ""outcome"": ""pass"", ""required"": {""not"": ""8008""}}, {""code"": ""category"", ""observed"": ""camera"", ""outcome"": ""pass"", ""required"": ""camera""}, {""code"": ""budget"", ""observed"": 150000, ""outcome"": ""pass"", ""required"": {""max"": 230000, ""min"": 150000}}, {""code"": ""condition"", ""observed"": ""good"", ""outcome"": ""pass"", ""required"": ""good""}, {""code"": ""place"", ""observed"": [""place-8-library""], ""outcome"": ""pass"", ""required"": [""place-8-library""]}, {""code"": ""model"", ""observed"": ""EOS 200D"", ""outcome"": ""pass"", ""required"": ""EOS 200D""}]",,,,,,,,
camera-matching__802,camera-matching,802,dev,matching,想买佳能 EOS 200D 练习摄影,"{""categoryId"": ""camera"", ""maxPriceFen"": 230000, ""minCondition"": ""good"", ""minPriceFen"": 150000, ""requiredModel"": ""EOS 200D"", ""requiredPlaceIds"": [""place-8-library""]}","{""asOf"": ""2026-09-26T00:00:00Z"", ""campusId"": ""campus-8"", ""viewerId"": ""8008""}","{""entityVersion"": 1, ""expiresAt"": ""2026-10-01T00:00:00+08:00"", ""ownerId"": ""8008"", ""status"": ""OPEN"", ""wantedId"": ""7008""}",佳能 200D 入门单反机身,"设备完好,可当面检查。",230000,good,ON_SALE,public,2,明确为所求型号/版本；同义或中英改写不改变需求对象。 资格不通过时最终标签为 0；关键条件未知且无已知失败时为 U。,"[{""code"": ""wanted_active"", ""observed"": {""expiresAt"": ""2026-10-01T00:00:00+08:00"", ""status"": ""OPEN""}, ""outcome"": ""pass"", ""required"": {""expiresAfter"": ""2026-09-26T00:00:00Z"", ""status"": ""OPEN""}}, {""code"": ""product_status"", ""observed"": {""deleted"": false, ""status"": ""ON_SALE""}, ""outcome"": ""pass"", ""required"": {""deleted"": false, ""status"": ""ON_SALE""}}, {""code"": ""visibility"", ""observed"": ""public"", ""outcome"": ""pass"", ""required"": ""trusted synthetic context must permit visibility""}, {""code"": ""not_self"", ""observed"": ""90802"", ""outcome"": ""pass"", ""required"": {""not"": ""8008""}}, {""code"": ""category"", ""observed"": ""camera"", ""outcome"": ""pass"", ""required"": ""camera""}, {""code"": ""budget"", ""observed"": 230000, ""outcome"": ""pass"", ""required"": {""max"": 230000, ""min"": 150000}}, {""code"": ""condition"", ""observed"": ""good"", ""outcome"": ""pass"", ""required"": ""good""}, {""code"": ""place"", ""observed"": [""place-8-library""], ""outcome"": ""pass"", ""required"": [""place-8-library""]}, {""code"": ""model"", ""observed"": ""EOS 200D"", ""outcome"": ""pass"", ""required"": ""EOS 200D""}]",,,,,,,,
camera-matching__803,camera-matching,803,dev,matching,想买佳能 EOS 200D 练习摄影,"{""categoryId"": ""camera"", ""maxPriceFen"": 230000, ""minCondition"": ""good"", ""minPriceFen"": 150000, ""requiredModel"": ""EOS 200D"", ""requiredPlaceIds"": [""place-8-library""]}","{""asOf"": ""2026-09-26T00:00:00Z"", ""campusId"": ""campus-8"", ""viewerId"": ""8008""}","{""entityVersion"": 1, ""expiresAt"": ""2026-10-01T00:00:00+08:00"", ""ownerId"": ""8008"", ""status"": ""OPEN"", ""wantedId"": ""7008""}",佳能 EOS 250D 相机,"同类用品,具体型号与目标不同。",190000,good,ON_SALE,public,0,同类但不是指定型号/版本，仅部分相关。 资格不通过时最终标签为 0；关键条件未知且无已知失败时为 U。,"[{""code"": ""wanted_active"", ""observed"": {""expiresAt"": ""2026-10-01T00:00:00+08:00"", ""status"": ""OPEN""}, ""outcome"": ""pass"", ""required"": {""expiresAfter"": ""2026-09-26T00:00:00Z"", ""status"": ""OPEN""}}, {""code"": ""product_status"", ""observed"": {""deleted"": false, ""status"": ""ON_SALE""}, ""outcome"": ""pass"", ""required"": {""deleted"": false, ""status"": ""ON_SALE""}}, {""code"": ""visibility"", ""observed"": ""public"", ""outcome"": ""pass"", ""required"": ""trusted synthetic context must permit visibility""}, {""code"": ""not_self"", ""observed"": ""90803"", ""outcome"": ""pass"", ""required"": {""not"": ""8008""}}, {""code"": ""category"", ""observed"": ""camera"", ""outcome"": ""pass"", ""required"": ""camera""}, {""code"": ""budget"", ""observed"": 190000, ""outcome"": ""pass"", ""required"": {""max"": 230000, ""min"": 150000}}, {""code"": ""condition"", ""observed"": ""good"", ""outcome"": ""pass"", ""required"": ""good""}, {""code"": ""place"", ""observed"": [""place-8-library""], ""outcome"": ""pass"", ""required"": [""place-8-library""]}, {""code"": ""model"", ""observed"": ""OTHER-MODEL"", ""outcome"": ""fail"", ""required"": ""EOS 200D""}]",,,,,,,,
camera-matching__804,camera-matching,804,dev,matching,想买佳能 EOS 200D 练习摄影,"{""categoryId"": ""camera"", ""maxPriceFen"": 230000, ""minCondition"": ""good"", ""minPriceFen"": 150000, ""requiredModel"": ""EOS 200D"", ""requiredPlaceIds"": [""place-8-library""]}","{""asOf"": ""2026-09-26T00:00:00Z"", ""campusId"": ""campus-8"", ""viewerId"": ""8008""}","{""entityVersion"": 1, ""expiresAt"": ""2026-10-01T00:00:00+08:00"", ""ownerId"": ""8008"", ""status"": ""OPEN"", ""wantedId"": ""7008""}",佳能 EOS 200D 相机,"出售相同型号,价格见标价。",230001,good,ON_SALE,public,0,明确为所求型号/版本；同义或中英改写不改变需求对象。 资格不通过时最终标签为 0；关键条件未知且无已知失败时为 U。,"[{""code"": ""wanted_active"", ""observed"": {""expiresAt"": ""2026-10-01T00:00:00+08:00"", ""status"": ""OPEN""}, ""outcome"": ""pass"", ""required"": {""expiresAfter"": ""2026-09-26T00:00:00Z"", ""status"": ""OPEN""}}, {""code"": ""product_status"", ""observed"": {""deleted"": false, ""status"": ""ON_SALE""}, ""outcome"": ""pass"", ""required"": {""deleted"": false, ""status"": ""ON_SALE""}}, {""code"": ""visibility"", ""observed"": ""public"", ""outcome"": ""pass"", ""required"": ""trusted synthetic context must permit visibility""}, {""code"": ""not_self"", ""observed"": ""90804"", ""outcome"": ""pass"", ""required"": {""not"": ""8008""}}, {""code"": ""category"", ""observed"": ""camera"", ""outcome"": ""pass"", ""required"": ""camera""}, {""code"": ""budget"", ""observed"": 230001, ""outcome"": ""fail"", ""required"": {""max"": 230000, ""min"": 150000}}, {""code"": ""condition"", ""observed"": ""good"", ""outcome"": ""pass"", ""required"": ""good""}, {""code"": ""place"", ""observed"": [""place-8-library""], ""outcome"": ""pass"", ""required"": [""place-8-library""]}, {""code"": ""model"", ""observed"": ""EOS 200D"", ""outcome"": ""pass"", ""required"": ""EOS 200D""}]",,,,,,,,
camera-matching__805,camera-matching,805,dev,matching,想买佳能 EOS 200D 练习摄影,"{""categoryId"": ""camera"", ""maxPriceFen"": 230000, ""minCondition"": ""good"", ""minPriceFen"": 150000, ""requiredModel"": ""EOS 200D"", ""requiredPlaceIds"": [""place-8-library""]}","{""asOf"": ""2026-09-26T00:00:00Z"", ""campusId"": ""campus-8"", ""viewerId"": ""8008""}","{""entityVersion"": 1, ""expiresAt"": ""2026-10-01T00:00:00+08:00"", ""ownerId"": ""8008"", ""status"": ""OPEN"", ""wantedId"": ""7008""}",佳能 EOS 200D 相机,"相同型号,已完成交易。",190000,good,SOLD,public,0,明确为所求型号/版本；同义或中英改写不改变需求对象。 资格不通过时最终标签为 0；关键条件未知且无已知失败时为 U。,"[{""code"": ""wanted_active"", ""observed"": {""expiresAt"": ""2026-10-01T00:00:00+08:00"", ""status"": ""OPEN""}, ""outcome"": ""pass"", ""required"": {""expiresAfter"": ""2026-09-26T00:00:00Z"", ""status"": ""OPEN""}}, {""code"": ""product_status"", ""observed"": {""deleted"": false, ""status"": ""SOLD""}, ""outcome"": ""fail"", ""required"": {""deleted"": false, ""status"": ""ON_SALE""}}, {""code"": ""visibility"", ""observed"": ""public"", ""outcome"": ""pass"", ""required"": ""trusted synthetic context must permit visibility""}, {""code"": ""not_self"", ""observed"": ""90805"", ""outcome"": ""pass"", ""required"": {""not"": ""8008""}}, {""code"": ""category"", ""observed"": ""camera"", ""outcome"": ""pass"", ""required"": ""camera""}, {""code"": ""budget"", ""observed"": 190000, ""outcome"": ""pass"", ""required"": {""max"": 230000, ""min"": 150000}}, {""code"": ""condition"", ""observed"": ""good"", ""outcome"": ""pass"", ""required"": ""good""}, {""code"": ""place"", ""observed"": [""place-8-library""], ""outcome"": ""pass"", ""required"": [""place-8-library""]}, {""code"": ""model"", ""observed"": ""EOS 200D"", ""outcome"": ""pass"", ""required"": ""EOS 200D""}]",,,,,,,,
camera-matching__806,camera-matching,806,dev,matching,想买佳能 EOS 200D 练习摄影,"{""categoryId"": ""camera"", ""maxPriceFen"": 230000, ""minCondition"": ""good"", ""minPriceFen"": 150000, ""requiredModel"": ""EOS 200D"", ""requiredPlaceIds"": [""place-8-library""]}","{""asOf"": ""2026-09-26T00:00:00Z"", ""campusId"": ""campus-8"", ""viewerId"": ""8008""}","{""entityVersion"": 1, ""expiresAt"": ""2026-10-01T00:00:00+08:00"", ""ownerId"": ""8008"", ""status"": ""OPEN"", ""wantedId"": ""7008""}",佳能 EOS 200D 相机,请依据结构化状态核对资格。,190000,good,RESERVED,public,0,明确为所求型号/版本；同义或中英改写不改变需求对象。 资格不通过时最终标签为 0；关键条件未知且无已知失败时为 U。,"[{""code"": ""wanted_active"", ""observed"": {""expiresAt"": ""2026-10-01T00:00:00+08:00"", ""status"": ""OPEN""}, ""outcome"": ""pass"", ""required"": {""expiresAfter"": ""2026-09-26T00:00:00Z"", ""status"": ""OPEN""}}, {""code"": ""product_status"", ""observed"": {""deleted"": false, ""status"": ""RESERVED""}, ""outcome"": ""fail"", ""required"": {""deleted"": false, ""status"": ""ON_SALE""}}, {""code"": ""visibility"", ""observed"": ""public"", ""outcome"": ""pass"", ""required"": ""trusted synthetic context must permit visibility""}, {""code"": ""not_self"", ""observed"": ""90806"", ""outcome"": ""pass"", ""required"": {""not"": ""8008""}}, {""code"": ""category"", ""observed"": ""camera"", ""outcome"": ""pass"", ""required"": ""camera""}, {""code"": ""budget"", ""observed"": 190000, ""outcome"": ""pass"", ""required"": {""max"": 230000, ""min"": 150000}}, {""code"": ""condition"", ""observed"": ""good"", ""outcome"": ""pass"", ""required"": ""good""}, {""code"": ""place"", ""observed"": [""place-8-library""], ""outcome"": ""pass"", ""required"": [""place-8-library""]}, {""code"": ""model"", ""observed"": ""EOS 200D"", ""outcome"": ""pass"", ""required"": ""EOS 200D""}]",,,,,,,,
camera-matching-no-answer__801,camera-matching-no-answer,801,dev,matching,想买佳能 EOS 200D 练习摄影,"{""categoryId"": ""camera"", ""maxPriceFen"": 0, ""minCondition"": ""good"", ""minPriceFen"": 0, ""requiredModel"": ""EOS 200D"", ""requiredPlaceIds"": [""place-8-library""]}","{""asOf"": ""2026-09-26T00:00:00Z"", ""campusId"": ""campus-8"", ""viewerId"": ""8008""}","{""entityVersion"": 1, ""expiresAt"": ""2026-10-01T00:00:00+08:00"", ""ownerId"": ""8008"", ""status"": ""OPEN"", ""wantedId"": ""7508""}",佳能 EOS 200D 相机,"功能正常,附带原装配件。",150000,good,ON_SALE,public,0,明确为所求型号/版本；同义或中英改写不改变需求对象。 资格不通过时最终标签为 0；关键条件未知且无已知失败时为 U。,"[{""code"": ""wanted_active"", ""observed"": {""expiresAt"": ""2026-10-01T00:00:00+08:00"", ""status"": ""OPEN""}, ""outcome"": ""pass"", ""required"": {""expiresAfter"": ""2026-09-26T00:00:00Z"", ""status"": ""OPEN""}}, {""code"": ""product_status"", ""observed"": {""deleted"": false, ""status"": ""ON_SALE""}, ""outcome"": ""pass"", ""required"": {""deleted"": false, ""status"": ""ON_SALE""}}, {""code"": ""visibility"", ""observed"": ""public"", ""outcome"": ""pass"", ""required"": ""trusted synthetic context must permit visibility""}, {""code"": ""not_self"", ""observed"": ""90801"", ""outcome"": ""pass"", ""required"": {""not"": ""8008""}}, {""code"": ""category"", ""observed"": ""camera"", ""outcome"": ""pass"", ""required"": ""camera""}, {""code"": ""budget"", ""observed"": 150000, ""outcome"": ""fail"", ""required"": {""max"": 0, ""min"": 0}}, {""code"": ""condition"", ""observed"": ""good"", ""outcome"": ""pass"", ""required"": ""good""}, {""code"": ""place"", ""observed"": [""place-8-library""], ""outcome"": ""pass"", ""required"": [""place-8-library""]}, {""code"": ""model"", ""observed"": ""EOS 200D"", ""outcome"": ""pass"", ""required"": ""EOS 200D""}]",,,,,,,,
camera-matching-no-answer__802,camera-matching-no-answer,802,dev,matching,想买佳能 EOS 200D 练习摄影,"{""categoryId"": ""camera"", ""maxPriceFen"": 0, ""minCondition"": ""good"", ""minPriceFen"": 0, ""requiredModel"": ""EOS 200D"", ""requiredPlaceIds"": [""place-8-library""]}","{""asOf"": ""2026-09-26T00:00:00Z"", ""campusId"": ""campus-8"", ""viewerId"": ""8008""}","{""entityVersion"": 1, ""expiresAt"": ""2026-10-01T00:00:00+08:00"", ""ownerId"": ""8008"", ""status"": ""OPEN"", ""wantedId"": ""7508""}",佳能 200D 入门单反机身,"设备完好,可当面检查。",230000,good,ON_SALE,public,0,明确为所求型号/版本；同义或中英改写不改变需求对象。 资格不通过时最终标签为 0；关键条件未知且无已知失败时为 U。,"[{""code"": ""wanted_active"", ""observed"": {""expiresAt"": ""2026-10-01T00:00:00+08:00"", ""status"": ""OPEN""}, ""outcome"": ""pass"", ""required"": {""expiresAfter"": ""2026-09-26T00:00:00Z"", ""status"": ""OPEN""}}, {""code"": ""product_status"", ""observed"": {""deleted"": false, ""status"": ""ON_SALE""}, ""outcome"": ""pass"", ""required"": {""deleted"": false, ""status"": ""ON_SALE""}}, {""code"": ""visibility"", ""observed"": ""public"", ""outcome"": ""pass"", ""required"": ""trusted synthetic context must permit visibility""}, {""code"": ""not_self"", ""observed"": ""90802"", ""outcome"": ""pass"", ""required"": {""not"": ""8008""}}, {""code"": ""category"", ""observed"": ""camera"", ""outcome"": ""pass"", ""required"": ""camera""}, {""code"": ""budget"", ""observed"": 230000, ""outcome"": ""fail"", ""required"": {""max"": 0, ""min"": 0}}, {""code"": ""condition"", ""observed"": ""good"", ""outcome"": ""pass"", ""required"": ""good""}, {""code"": ""place"", ""observed"": [""place-8-library""], ""outcome"": ""pass"", ""required"": [""place-8-library""]}, {""code"": ""model"", ""observed"": ""EOS 200D"", ""outcome"": ""pass"", ""required"": ""EOS 200D""}]",,,,,,,,
camera-matching-no-answer__803,camera-matching-no-answer,803,dev,matching,想买佳能 EOS 200D 练习摄影,"{""categoryId"": ""camera"", ""maxPriceFen"": 0, ""minCondition"": ""good"", ""minPriceFen"": 0, ""requiredModel"": ""EOS 200D"", ""requiredPlaceIds"": [""place-8-library""]}","{""asOf"": ""2026-09-26T00:00:00Z"", ""campusId"": ""campus-8"", ""viewerId"": ""8008""}","{""entityVersion"": 1, ""expiresAt"": ""2026-10-01T00:00:00+08:00"", ""ownerId"": ""8008"", ""status"": ""OPEN"", ""wantedId"": ""7508""}",佳能 EOS 250D 相机,"同类用品,具体型号与目标不同。",190000,good,ON_SALE,public,0,同类但不是指定型号/版本，仅部分相关。 资格不通过时最终标签为 0；关键条件未知且无已知失败时为 U。,"[{""code"": ""wanted_active"", ""observed"": {""expiresAt"": ""2026-10-01T00:00:00+08:00"", ""status"": ""OPEN""}, ""outcome"": ""pass"", ""required"": {""expiresAfter"": ""2026-09-26T00:00:00Z"", ""status"": ""OPEN""}}, {""code"": ""product_status"", ""observed"": {""deleted"": false, ""status"": ""ON_SALE""}, ""outcome"": ""pass"", ""required"": {""deleted"": false, ""status"": ""ON_SALE""}}, {""code"": ""visibility"", ""observed"": ""public"", ""outcome"": ""pass"", ""required"": ""trusted synthetic context must permit visibility""}, {""code"": ""not_self"", ""observed"": ""90803"", ""outcome"": ""pass"", ""required"": {""not"": ""8008""}}, {""code"": ""category"", ""observed"": ""camera"", ""outcome"": ""pass"", ""required"": ""camera""}, {""code"": ""budget"", ""observed"": 190000, ""outcome"": ""fail"", ""required"": {""max"": 0, ""min"": 0}}, {""code"": ""condition"", ""observed"": ""good"", ""outcome"": ""pass"", ""required"": ""good""}, {""code"": ""place"", ""observed"": [""place-8-library""], ""outcome"": ""pass"", ""required"": [""place-8-library""]}, {""code"": ""model"", ""observed"": ""OTHER-MODEL"", ""outcome"": ""fail"", ""required"": ""EOS 200D""}]",,,,,,,,
camera-matching-no-answer__804,camera-matching-no-answer,804,dev,matching,想买佳能 EOS 200D 练习摄影,"{""categoryId"": ""camera"", ""maxPriceFen"": 0, ""minCondition"": ""good"", ""minPriceFen"": 0, ""requiredModel"": ""EOS 200D"", ""requiredPlaceIds"": [""place-8-library""]}","{""asOf"": ""2026-09-26T00:00:00Z"", ""campusId"": ""campus-8"", ""viewerId"": ""8008""}","{""entityVersion"": 1, ""expiresAt"": ""2026-10-01T00:00:00+08:00"", ""ownerId"": ""8008"", ""status"": ""OPEN"", ""wantedId"": ""7508""}",佳能 EOS 200D 相机,"出售相同型号,价格见标价。",230001,good,ON_SALE,public,0,明确为所求型号/版本；同义或中英改写不改变需求对象。 资格不通过时最终标签为 0；关键条件未知且无已知失败时为 U。,"[{""code"": ""wanted_active"", ""observed"": {""expiresAt"": ""2026-10-01T00:00:00+08:00"", ""status"": ""OPEN""}, ""outcome"": ""pass"", ""required"": {""expiresAfter"": ""2026-09-26T00:00:00Z"", ""status"": ""OPEN""}}, {""code"": ""product_status"", ""observed"": {""deleted"": false, ""status"": ""ON_SALE""}, ""outcome"": ""pass"", ""required"": {""deleted"": false, ""status"": ""ON_SALE""}}, {""code"": ""visibility"", ""observed"": ""public"", ""outcome"": ""pass"", ""required"": ""trusted synthetic context must permit visibility""}, {""code"": ""not_self"", ""observed"": ""90804"", ""outcome"": ""pass"", ""required"": {""not"": ""8008""}}, {""code"": ""category"", ""observed"": ""camera"", ""outcome"": ""pass"", ""required"": ""camera""}, {""code"": ""budget"", ""observed"": 230001, ""outcome"": ""fail"", ""required"": {""max"": 0, ""min"": 0}}, {""code"": ""condition"", ""observed"": ""good"", ""outcome"": ""pass"", ""required"": ""good""}, {""code"": ""place"", ""observed"": [""place-8-library""], ""outcome"": ""pass"", ""required"": [""place-8-library""]}, {""code"": ""model"", ""observed"": ""EOS 200D"", ""outcome"": ""pass"", ""required"": ""EOS 200D""}]",,,,,,,,
camera-matching-no-answer__805,camera-matching-no-answer,805,dev,matching,想买佳能 EOS 200D 练习摄影,"{""categoryId"": ""camera"", ""maxPriceFen"": 0, ""minCondition"": ""good"", ""minPriceFen"": 0, ""requiredModel"": ""EOS 200D"", ""requiredPlaceIds"": [""place-8-library""]}","{""asOf"": ""2026-09-26T00:00:00Z"", ""campusId"": ""campus-8"", ""viewerId"": ""8008""}","{""entityVersion"": 1, ""expiresAt"": ""2026-10-01T00:00:00+08:00"", ""ownerId"": ""8008"", ""status"": ""OPEN"", ""wantedId"": ""7508""}",佳能 EOS 200D 相机,"相同型号,已完成交易。",190000,good,SOLD,public,0,明确为所求型号/版本；同义或中英改写不改变需求对象。 资格不通过时最终标签为 0；关键条件未知且无已知失败时为 U。,"[{""code"": ""wanted_active"", ""observed"": {""expiresAt"": ""2026-10-01T00:00:00+08:00"", ""status"": ""OPEN""}, ""outcome"": ""pass"", ""required"": {""expiresAfter"": ""2026-09-26T00:00:00Z"", ""status"": ""OPEN""}}, {""code"": ""product_status"", ""observed"": {""deleted"": false, ""status"": ""SOLD""}, ""outcome"": ""fail"", ""required"": {""deleted"": false, ""status"": ""ON_SALE""}}, {""code"": ""visibility"", ""observed"": ""public"", ""outcome"": ""pass"", ""required"": ""trusted synthetic context must permit visibility""}, {""code"": ""not_self"", ""observed"": ""90805"", ""outcome"": ""pass"", ""required"": {""not"": ""8008""}}, {""code"": ""category"", ""observed"": ""camera"", ""outcome"": ""pass"", ""required"": ""camera""}, {""code"": ""budget"", ""observed"": 190000, ""outcome"": ""fail"", ""required"": {""max"": 0, ""min"": 0}}, {""code"": ""condition"", ""observed"": ""good"", ""outcome"": ""pass"", ""required"": ""good""}, {""code"": ""place"", ""observed"": [""place-8-library""], ""outcome"": ""pass"", ""required"": [""place-8-library""]}, {""code"": ""model"", ""observed"": ""EOS 200D"", ""outcome"": ""pass"", ""required"": ""EOS 200D""}]",,,,,,,,
camera-matching-no-answer__806,camera-matching-no-answer,806,dev,matching,想买佳能 EOS 200D 练习摄影,"{""categoryId"": ""camera"", ""maxPriceFen"": 0, ""minCondition"": ""good"", ""minPriceFen"": 0, ""requiredModel"": ""EOS 200D"", ""requiredPlaceIds"": [""place-8-library""]}","{""asOf"": ""2026-09-26T00:00:00Z"", ""campusId"": ""campus-8"", ""viewerId"": ""8008""}","{""entityVersion"": 1, ""expiresAt"": ""2026-10-01T00:00:00+08:00"", ""ownerId"": ""8008"", ""status"": ""OPEN"", ""wantedId"": ""7508""}",佳能 EOS 200D 相机,请依据结构化状态核对资格。,190000,good,RESERVED,public,0,明确为所求型号/版本；同义或中英改写不改变需求对象。 资格不通过时最终标签为 0；关键条件未知且无已知失败时为 U。,"[{""code"": ""wanted_active"", ""observed"": {""expiresAt"": ""2026-10-01T00:00:00+08:00"", ""status"": ""OPEN""}, ""outcome"": ""pass"", ""required"": {""expiresAfter"": ""2026-09-26T00:00:00Z"", ""status"": ""OPEN""}}, {""code"": ""product_status"", ""observed"": {""deleted"": false, ""status"": ""RESERVED""}, ""outcome"": ""fail"", ""required"": {""deleted"": false, ""status"": ""ON_SALE""}}, {""code"": ""visibility"", ""observed"": ""public"", ""outcome"": ""pass"", ""required"": ""trusted synthetic context must permit visibility""}, {""code"": ""not_self"", ""observed"": ""90806"", ""outcome"": ""pass"", ""required"": {""not"": ""8008""}}, {""code"": ""category"", ""observed"": ""camera"", ""outcome"": ""pass"", ""required"": ""camera""}, {""code"": ""budget"", ""observed"": 190000, ""outcome"": ""fail"", ""required"": {""max"": 0, ""min"": 0}}, {""code"": ""condition"", ""observed"": ""good"", ""outcome"": ""pass"", ""required"": ""good""}, {""code"": ""place"", ""observed"": [""place-8-library""], ""outcome"": ""pass"", ""required"": [""place-8-library""]}, {""code"": ""model"", ""observed"": ""EOS 200D"", ""outcome"": ""pass"", ""required"": ""EOS 200D""}]",,,,,,,,
camera-search-exact__801,camera-search-exact,801,dev,search,佳能 EOS 200D 相机,"{""categoryId"": ""camera"", ""maxPriceFen"": 230000, ""minCondition"": null, ""minPriceFen"": 150000, ""requiredModel"": null, ""requiredPlaceIds"": []}","{""asOf"": ""2026-09-26T00:00:00Z"", ""campusId"": null, ""viewerId"": null}",null,佳能 EOS 200D 相机,"功能正常,附带原装配件。",150000,good,ON_SALE,public,2,明确为所求型号/版本；同义或中英改写不改变需求对象。 资格不通过时最终标签为 0；关键条件未知且无已知失败时为 U。,"[{""code"": ""wanted_active"", ""observed"": null, ""outcome"": ""not_applicable"", ""required"": null}, {""code"": ""product_status"", ""observed"": {""deleted"": false, ""status"": ""ON_SALE""}, ""outcome"": ""pass"", ""required"": {""deleted"": false, ""status"": ""ON_SALE""}}, {""code"": ""visibility"", ""observed"": ""public"", ""outcome"": ""pass"", ""required"": ""trusted synthetic context must permit visibility""}, {""code"": ""not_self"", ""observed"": null, ""outcome"": ""not_applicable"", ""required"": null}, {""code"": ""category"", ""observed"": ""camera"", ""outcome"": ""pass"", ""required"": ""camera""}, {""code"": ""budget"", ""observed"": 150000, ""outcome"": ""pass"", ""required"": {""max"": 230000, ""min"": 150000}}, {""code"": ""condition"", ""observed"": ""good"", ""outcome"": ""not_applicable"", ""required"": null}, {""code"": ""place"", ""observed"": [""place-8-library""], ""outcome"": ""not_applicable"", ""required"": []}, {""code"": ""model"", ""observed"": ""EOS 200D"", ""outcome"": ""not_applicable"", ""required"": null}]",,,,,,,,
camera-search-exact__802,camera-search-exact,802,dev,search,佳能 EOS 200D 相机,"{""categoryId"": ""camera"", ""maxPriceFen"": 230000, ""minCondition"": null, ""minPriceFen"": 150000, ""requiredModel"": null, ""requiredPlaceIds"": []}","{""asOf"": ""2026-09-26T00:00:00Z"", ""campusId"": null, ""viewerId"": null}",null,佳能 200D 入门单反机身,"设备完好,可当面检查。",230000,good,ON_SALE,public,2,明确为所求型号/版本；同义或中英改写不改变需求对象。 资格不通过时最终标签为 0；关键条件未知且无已知失败时为 U。,"[{""code"": ""wanted_active"", ""observed"": null, ""outcome"": ""not_applicable"", ""required"": null}, {""code"": ""product_status"", ""observed"": {""deleted"": false, ""status"": ""ON_SALE""}, ""outcome"": ""pass"", ""required"": {""deleted"": false, ""status"": ""ON_SALE""}}, {""code"": ""visibility"", ""observed"": ""public"", ""outcome"": ""pass"", ""required"": ""trusted synthetic context must permit visibility""}, {""code"": ""not_self"", ""observed"": null, ""outcome"": ""not_applicable"", ""required"": null}, {""code"": ""category"", ""observed"": ""camera"", ""outcome"": ""pass"", ""required"": ""camera""}, {""code"": ""budget"", ""observed"": 230000, ""outcome"": ""pass"", ""required"": {""max"": 230000, ""min"": 150000}}, {""code"": ""condition"", ""observed"": ""good"", ""outcome"": ""not_applicable"", ""required"": null}, {""code"": ""place"", ""observed"": [""place-8-library""], ""outcome"": ""not_applicable"", ""required"": []}, {""code"": ""model"", ""observed"": ""EOS 200D"", ""outcome"": ""not_applicable"", ""required"": null}]",,,,,,,,
camera-search-exact__803,camera-search-exact,803,dev,search,佳能 EOS 200D 相机,"{""categoryId"": ""camera"", ""maxPriceFen"": 230000, ""minCondition"": null, ""minPriceFen"": 150000, ""requiredModel"": null, ""requiredPlaceIds"": []}","{""asOf"": ""2026-09-26T00:00:00Z"", ""campusId"": null, ""viewerId"": null}",null,佳能 EOS 250D 相机,"同类用品,具体型号与目标不同。",190000,good,ON_SALE,public,1,同类但不是指定型号/版本，仅部分相关。 资格不通过时最终标签为 0；关键条件未知且无已知失败时为 U。,"[{""code"": ""wanted_active"", ""observed"": null, ""outcome"": ""not_applicable"", ""required"": null}, {""code"": ""product_status"", ""observed"": {""deleted"": false, ""status"": ""ON_SALE""}, ""outcome"": ""pass"", ""required"": {""deleted"": false, ""status"": ""ON_SALE""}}, {""code"": ""visibility"", ""observed"": ""public"", ""outcome"": ""pass"", ""required"": ""trusted synthetic context must permit visibility""}, {""code"": ""not_self"", ""observed"": null, ""outcome"": ""not_applicable"", ""required"": null}, {""code"": ""category"", ""observed"": ""camera"", ""outcome"": ""pass"", ""required"": ""camera""}, {""code"": ""budget"", ""observed"": 190000, ""outcome"": ""pass"", ""required"": {""max"": 230000, ""min"": 150000}}, {""code"": ""condition"", ""observed"": ""good"", ""outcome"": ""not_applicable"", ""required"": null}, {""code"": ""place"", ""observed"": [""place-8-library""], ""outcome"": ""not_applicable"", ""required"": []}, {""code"": ""model"", ""observed"": ""OTHER-MODEL"", ""outcome"": ""not_applicable"", ""required"": null}]",,,,,,,,
camera-search-exact__804,camera-search-exact,804,dev,search,佳能 EOS 200D 相机,"{""categoryId"": ""camera"", ""maxPriceFen"": 230000, ""minCondition"": null, ""minPriceFen"": 150000, ""requiredModel"": null, ""requiredPlaceIds"": []}","{""asOf"": ""2026-09-26T00:00:00Z"", ""campusId"": null, ""viewerId"": null}",null,佳能 EOS 200D 相机,"出售相同型号,价格见标价。",230001,good,ON_SALE,public,0,明确为所求型号/版本；同义或中英改写不改变需求对象。 资格不通过时最终标签为 0；关键条件未知且无已知失败时为 U。,"[{""code"": ""wanted_active"", ""observed"": null, ""outcome"": ""not_applicable"", ""required"": null}, {""code"": ""product_status"", ""observed"": {""deleted"": false, ""status"": ""ON_SALE""}, ""outcome"": ""pass"", ""required"": {""deleted"": false, ""status"": ""ON_SALE""}}, {""code"": ""visibility"", ""observed"": ""public"", ""outcome"": ""pass"", ""required"": ""trusted synthetic context must permit visibility""}, {""code"": ""not_self"", ""observed"": null, ""outcome"": ""not_applicable"", ""required"": null}, {""code"": ""category"", ""observed"": ""camera"", ""outcome"": ""pass"", ""required"": ""camera""}, {""code"": ""budget"", ""observed"": 230001, ""outcome"": ""fail"", ""required"": {""max"": 230000, ""min"": 150000}}, {""code"": ""condition"", ""observed"": ""good"", ""outcome"": ""not_applicable"", ""required"": null}, {""code"": ""place"", ""observed"": [""place-8-library""], ""outcome"": ""not_applicable"", ""required"": []}, {""code"": ""model"", ""observed"": ""EOS 200D"", ""outcome"": ""not_applicable"", ""required"": null}]",,,,,,,,
camera-search-exact__805,camera-search-exact,805,dev,search,佳能 EOS 200D 相机,"{""categoryId"": ""camera"", ""maxPriceFen"": 230000, ""minCondition"": null, ""minPriceFen"": 150000, ""requiredModel"": null, ""requiredPlaceIds"": []}","{""asOf"": ""2026-09-26T00:00:00Z"", ""campusId"": null, ""viewerId"": null}",null,佳能 EOS 200D 相机,"相同型号,已完成交易。",190000,good,SOLD,public,0,明确为所求型号/版本；同义或中英改写不改变需求对象。 资格不通过时最终标签为 0；关键条件未知且无已知失败时为 U。,"[{""code"": ""wanted_active"", ""observed"": null, ""outcome"": ""not_applicable"", ""required"": null}, {""code"": ""product_status"", ""observed"": {""deleted"": false, ""status"": ""SOLD""}, ""outcome"": ""fail"", ""required"": {""deleted"": false, ""status"": ""ON_SALE""}}, {""code"": ""visibility"", ""observed"": ""public"", ""outcome"": ""pass"", ""required"": ""trusted synthetic context must permit visibility""}, {""code"": ""not_self"", ""observed"": null, ""outcome"": ""not_applicable"", ""required"": null}, {""code"": ""category"", ""observed"": ""camera"", ""outcome"": ""pass"", ""required"": ""camera""}, {""code"": ""budget"", ""observed"": 190000, ""outcome"": ""pass"", ""required"": {""max"": 230000, ""min"": 150000}}, {""code"": ""condition"", ""observed"": ""good"", ""outcome"": ""not_applicable"", ""required"": null}, {""code"": ""place"", ""observed"": [""place-8-library""], ""outcome"": ""not_applicable"", ""required"": []}, {""code"": ""model"", ""observed"": ""EOS 200D"", ""outcome"": ""not_applicable"", ""required"": null}]",,,,,,,,
camera-search-exact__806,camera-search-exact,806,dev,search,佳能 EOS 200D 相机,"{""categoryId"": ""camera"", ""maxPriceFen"": 230000, ""minCondition"": null, ""minPriceFen"": 150000, ""requiredModel"": null, ""requiredPlaceIds"": []}","{""asOf"": ""2026-09-26T00:00:00Z"", ""campusId"": null, ""viewerId"": null}",null,佳能 EOS 200D 相机,请依据结构化状态核对资格。,190000,good,RESERVED,public,0,明确为所求型号/版本；同义或中英改写不改变需求对象。 资格不通过时最终标签为 0；关键条件未知且无已知失败时为 U。,"[{""code"": ""wanted_active"", ""observed"": null, ""outcome"": ""not_applicable"", ""required"": null}, {""code"": ""product_status"", ""observed"": {""deleted"": false, ""status"": ""RESERVED""}, ""outcome"": ""fail"", ""required"": {""deleted"": false, ""status"": ""ON_SALE""}}, {""code"": ""visibility"", ""observed"": ""public"", ""outcome"": ""pass"", ""required"": ""trusted synthetic context must permit visibility""}, {""code"": ""not_self"", ""observed"": null, ""outcome"": ""not_applicable"", ""required"": null}, {""code"": ""category"", ""observed"": ""camera"", ""outcome"": ""pass"", ""required"": ""camera""}, {""code"": ""budget"", ""observed"": 190000, ""outcome"": ""pass"", ""required"": {""max"": 230000, ""min"": 150000}}, {""code"": ""condition"", ""observed"": ""good"", ""outcome"": ""not_applicable"", ""required"": null}, {""code"": ""place"", ""observed"": [""place-8-library""], ""outcome"": ""not_applicable"", ""required"": []}, {""code"": ""model"", ""observed"": ""EOS 200D"", ""outcome"": ""not_applicable"", ""required"": null}]",,,,,,,,
camera-search-natural__801,camera-search-natural,801,dev,search,想买佳能 EOS 200D 练习摄影,"{""categoryId"": ""camera"", ""maxPriceFen"": 230000, ""minCondition"": null, ""minPriceFen"": 150000, ""requiredModel"": null, ""requiredPlaceIds"": []}","{""asOf"": ""2026-09-26T00:00:00Z"", ""campusId"": null, ""viewerId"": null}",null,佳能 EOS 200D 相机,"功能正常,附带原装配件。",150000,good,ON_SALE,public,2,明确为所求型号/版本；同义或中英改写不改变需求对象。 资格不通过时最终标签为 0；关键条件未知且无已知失败时为 U。,"[{""code"": ""wanted_active"", ""observed"": null, ""outcome"": ""not_applicable"", ""required"": null}, {""code"": ""product_status"", ""observed"": {""deleted"": false, ""status"": ""ON_SALE""}, ""outcome"": ""pass"", ""required"": {""deleted"": false, ""status"": ""ON_SALE""}}, {""code"": ""visibility"", ""observed"": ""public"", ""outcome"": ""pass"", ""required"": ""trusted synthetic context must permit visibility""}, {""code"": ""not_self"", ""observed"": null, ""outcome"": ""not_applicable"", ""required"": null}, {""code"": ""category"", ""observed"": ""camera"", ""outcome"": ""pass"", ""required"": ""camera""}, {""code"": ""budget"", ""observed"": 150000, ""outcome"": ""pass"", ""required"": {""max"": 230000, ""min"": 150000}}, {""code"": ""condition"", ""observed"": ""good"", ""outcome"": ""not_applicable"", ""required"": null}, {""code"": ""place"", ""observed"": [""place-8-library""], ""outcome"": ""not_applicable"", ""required"": []}, {""code"": ""model"", ""observed"": ""EOS 200D"", ""outcome"": ""not_applicable"", ""required"": null}]",,,,,,,,
camera-search-natural__802,camera-search-natural,802,dev,search,想买佳能 EOS 200D 练习摄影,"{""categoryId"": ""camera"", ""maxPriceFen"": 230000, ""minCondition"": null, ""minPriceFen"": 150000, ""requiredModel"": null, ""requiredPlaceIds"": []}","{""asOf"": ""2026-09-26T00:00:00Z"", ""campusId"": null, ""viewerId"": null}",null,佳能 200D 入门单反机身,"设备完好,可当面检查。",230000,good,ON_SALE,public,2,明确为所求型号/版本；同义或中英改写不改变需求对象。 资格不通过时最终标签为 0；关键条件未知且无已知失败时为 U。,"[{""code"": ""wanted_active"", ""observed"": null, ""outcome"": ""not_applicable"", ""required"": null}, {""code"": ""product_status"", ""observed"": {""deleted"": false, ""status"": ""ON_SALE""}, ""outcome"": ""pass"", ""required"": {""deleted"": false, ""status"": ""ON_SALE""}}, {""code"": ""visibility"", ""observed"": ""public"", ""outcome"": ""pass"", ""required"": ""trusted synthetic context must permit visibility""}, {""code"": ""not_self"", ""observed"": null, ""outcome"": ""not_applicable"", ""required"": null}, {""code"": ""category"", ""observed"": ""camera"", ""outcome"": ""pass"", ""required"": ""camera""}, {""code"": ""budget"", ""observed"": 230000, ""outcome"": ""pass"", ""required"": {""max"": 230000, ""min"": 150000}}, {""code"": ""condition"", ""observed"": ""good"", ""outcome"": ""not_applicable"", ""required"": null}, {""code"": ""place"", ""observed"": [""place-8-library""], ""outcome"": ""not_applicable"", ""required"": []}, {""code"": ""model"", ""observed"": ""EOS 200D"", ""outcome"": ""not_applicable"", ""required"": null}]",,,,,,,,
camera-search-natural__803,camera-search-natural,803,dev,search,想买佳能 EOS 200D 练习摄影,"{""categoryId"": ""camera"", ""maxPriceFen"": 230000, ""minCondition"": null, ""minPriceFen"": 150000, ""requiredModel"": null, ""requiredPlaceIds"": []}","{""asOf"": ""2026-09-26T00:00:00Z"", ""campusId"": null, ""viewerId"": null}",null,佳能 EOS 250D 相机,"同类用品,具体型号与目标不同。",190000,good,ON_SALE,public,1,同类但不是指定型号/版本，仅部分相关。 资格不通过时最终标签为 0；关键条件未知且无已知失败时为 U。,"[{""code"": ""wanted_active"", ""observed"": null, ""outcome"": ""not_applicable"", ""required"": null}, {""code"": ""product_status"", ""observed"": {""deleted"": false, ""status"": ""ON_SALE""}, ""outcome"": ""pass"", ""required"": {""deleted"": false, ""status"": ""ON_SALE""}}, {""code"": ""visibility"", ""observed"": ""public"", ""outcome"": ""pass"", ""required"": ""trusted synthetic context must permit visibility""}, {""code"": ""not_self"", ""observed"": null, ""outcome"": ""not_applicable"", ""required"": null}, {""code"": ""category"", ""observed"": ""camera"", ""outcome"": ""pass"", ""required"": ""camera""}, {""code"": ""budget"", ""observed"": 190000, ""outcome"": ""pass"", ""required"": {""max"": 230000, ""min"": 150000}}, {""code"": ""condition"", ""observed"": ""good"", ""outcome"": ""not_applicable"", ""required"": null}, {""code"": ""place"", ""observed"": [""place-8-library""], ""outcome"": ""not_applicable"", ""required"": []}, {""code"": ""model"", ""observed"": ""OTHER-MODEL"", ""outcome"": ""not_applicable"", ""required"": null}]",,,,,,,,
camera-search-natural__804,camera-search-natural,804,dev,search,想买佳能 EOS 200D 练习摄影,"{""categoryId"": ""camera"", ""maxPriceFen"": 230000, ""minCondition"": null, ""minPriceFen"": 150000, ""requiredModel"": null, ""requiredPlaceIds"": []}","{""asOf"": ""2026-09-26T00:00:00Z"", ""campusId"": null, ""viewerId"": null}",null,佳能 EOS 200D 相机,"出售相同型号,价格见标价。",230001,good,ON_SALE,public,0,明确为所求型号/版本；同义或中英改写不改变需求对象。 资格不通过时最终标签为 0；关键条件未知且无已知失败时为 U。,"[{""code"": ""wanted_active"", ""observed"": null, ""outcome"": ""not_applicable"", ""required"": null}, {""code"": ""product_status"", ""observed"": {""deleted"": false, ""status"": ""ON_SALE""}, ""outcome"": ""pass"", ""required"": {""deleted"": false, ""status"": ""ON_SALE""}}, {""code"": ""visibility"", ""observed"": ""public"", ""outcome"": ""pass"", ""required"": ""trusted synthetic context must permit visibility""}, {""code"": ""not_self"", ""observed"": null, ""outcome"": ""not_applicable"", ""required"": null}, {""code"": ""category"", ""observed"": ""camera"", ""outcome"": ""pass"", ""required"": ""camera""}, {""code"": ""budget"", ""observed"": 230001, ""outcome"": ""fail"", ""required"": {""max"": 230000, ""min"": 150000}}, {""code"": ""condition"", ""observed"": ""good"", ""outcome"": ""not_applicable"", ""required"": null}, {""code"": ""place"", ""observed"": [""place-8-library""], ""outcome"": ""not_applicable"", ""required"": []}, {""code"": ""model"", ""observed"": ""EOS 200D"", ""outcome"": ""not_applicable"", ""required"": null}]",,,,,,,,
camera-search-natural__805,camera-search-natural,805,dev,search,想买佳能 EOS 200D 练习摄影,"{""categoryId"": ""camera"", ""maxPriceFen"": 230000, ""minCondition"": null, ""minPriceFen"": 150000, ""requiredModel"": null, ""requiredPlaceIds"": []}","{""asOf"": ""2026-09-26T00:00:00Z"", ""campusId"": null, ""viewerId"": null}",null,佳能 EOS 200D 相机,"相同型号,已完成交易。",190000,good,SOLD,public,0,明确为所求型号/版本；同义或中英改写不改变需求对象。 资格不通过时最终标签为 0；关键条件未知且无已知失败时为 U。,"[{""code"": ""wanted_active"", ""observed"": null, ""outcome"": ""not_applicable"", ""required"": null}, {""code"": ""product_status"", ""observed"": {""deleted"": false, ""status"": ""SOLD""}, ""outcome"": ""fail"", ""required"": {""deleted"": false, ""status"": ""ON_SALE""}}, {""code"": ""visibility"", ""observed"": ""public"", ""outcome"": ""pass"", ""required"": ""trusted synthetic context must permit visibility""}, {""code"": ""not_self"", ""observed"": null, ""outcome"": ""not_applicable"", ""required"": null}, {""code"": ""category"", ""observed"": ""camera"", ""outcome"": ""pass"", ""required"": ""camera""}, {""code"": ""budget"", ""observed"": 190000, ""outcome"": ""pass"", ""required"": {""max"": 230000, ""min"": 150000}}, {""code"": ""condition"", ""observed"": ""good"", ""outcome"": ""not_applicable"", ""required"": null}, {""code"": ""place"", ""observed"": [""place-8-library""], ""outcome"": ""not_applicable"", ""required"": []}, {""code"": ""model"", ""observed"": ""EOS 200D"", ""outcome"": ""not_applicable"", ""required"": null}]",,,,,,,,
camera-search-natural__806,camera-search-natural,806,dev,search,想买佳能 EOS 200D 练习摄影,"{""categoryId"": ""camera"", ""maxPriceFen"": 230000, ""minCondition"": null, ""minPriceFen"": 150000, ""requiredModel"": null, ""requiredPlaceIds"": []}","{""asOf"": ""2026-09-26T00:00:00Z"", ""campusId"": null, ""viewerId"": null}",null,佳能 EOS 200D 相机,请依据结构化状态核对资格。,190000,good,RESERVED,public,0,明确为所求型号/版本；同义或中英改写不改变需求对象。 资格不通过时最终标签为 0；关键条件未知且无已知失败时为 U。,"[{""code"": ""wanted_active"", ""observed"": null, ""outcome"": ""not_applicable"", ""required"": null}, {""code"": ""product_status"", ""observed"": {""deleted"": false, ""status"": ""RESERVED""}, ""outcome"": ""fail"", ""required"": {""deleted"": false, ""status"": ""ON_SALE""}}, {""code"": ""visibility"", ""observed"": ""public"", ""outcome"": ""pass"", ""required"": ""trusted synthetic context must permit visibility""}, {""code"": ""not_self"", ""observed"": null, ""outcome"": ""not_applicable"", ""required"": null}, {""code"": ""category"", ""observed"": ""camera"", ""outcome"": ""pass"", ""required"": ""camera""}, {""code"": ""budget"", ""observed"": 190000, ""outcome"": ""pass"", ""required"": {""max"": 230000, ""min"": 150000}}, {""code"": ""condition"", ""observed"": ""good"", ""outcome"": ""not_applicable"", ""required"": null}, {""code"": ""place"", ""observed"": [""place-8-library""], ""outcome"": ""not_applicable"", ""required"": []}, {""code"": ""model"", ""observed"": ""EOS 200D"", ""outcome"": ""not_applicable"", ""required"": null}]",,,,,,,,
fan-matching__601,fan-matching,601,dev,matching,宿舍想用美的 SAD35 落地扇,"{""categoryId"": ""fan"", ""maxPriceFen"": 10000, ""minCondition"": ""good"", ""minPriceFen"": 3000, ""requiredModel"": ""SAD35"", ""requiredPlaceIds"": [""place-6-library""]}","{""asOf"": ""2026-09-26T00:00:00Z"", ""campusId"": ""campus-6"", ""viewerId"": ""8006""}","{""entityVersion"": 1, ""expiresAt"": ""2026-10-01T00:00:00+08:00"", ""ownerId"": ""8006"", ""status"": ""OPEN"", ""wantedId"": ""7006""}",美的 SAD35 电风扇,"功能正常,附带原装配件。",3000,good,ON_SALE,public,2,明确为所求型号/版本；同义或中英改写不改变需求对象。 资格不通过时最终标签为 0；关键条件未知且无已知失败时为 U。,"[{""code"": ""wanted_active"", ""observed"": {""expiresAt"": ""2026-10-01T00:00:00+08:00"", ""status"": ""OPEN""}, ""outcome"": ""pass"", ""required"": {""expiresAfter"": ""2026-09-26T00:00:00Z"", ""status"": ""OPEN""}}, {""code"": ""product_status"", ""observed"": {""deleted"": false, ""status"": ""ON_SALE""}, ""outcome"": ""pass"", ""required"": {""deleted"": false, ""status"": ""ON_SALE""}}, {""code"": ""visibility"", ""observed"": ""public"", ""outcome"": ""pass"", ""required"": ""trusted synthetic context must permit visibility""}, {""code"": ""not_self"", ""observed"": ""90601"", ""outcome"": ""pass"", ""required"": {""not"": ""8006""}}, {""code"": ""category"", ""observed"": ""fan"", ""outcome"": ""pass"", ""required"": ""fan""}, {""code"": ""budget"", ""observed"": 3000, ""outcome"": ""pass"", ""required"": {""max"": 10000, ""min"": 3000}}, {""code"": ""condition"", ""observed"": ""good"", ""outcome"": ""pass"", ""required"": ""good""}, {""code"": ""place"", ""observed"": [""place-6-library""], ""outcome"": ""pass"", ""required"": [""place-6-library""]}, {""code"": ""model"", ""observed"": ""SAD35"", ""outcome"": ""pass"", ""required"": ""SAD35""}]",,,,,,,,
fan-matching__602,fan-matching,602,dev,matching,宿舍想用美的 SAD35 落地扇,"{""categoryId"": ""fan"", ""maxPriceFen"": 10000, ""minCondition"": ""good"", ""minPriceFen"": 3000, ""requiredModel"": ""SAD35"", ""requiredPlaceIds"": [""place-6-library""]}","{""asOf"": ""2026-09-26T00:00:00Z"", ""campusId"": ""campus-6"", ""viewerId"": ""8006""}","{""entityVersion"": 1, ""expiresAt"": ""2026-10-01T00:00:00+08:00"", ""ownerId"": ""8006"", ""status"": ""OPEN"", ""wantedId"": ""7006""}",美的 SAD35 宿舍落地扇,"设备完好,可当面检查。",10000,good,ON_SALE,public,2,明确为所求型号/版本；同义或中英改写不改变需求对象。 资格不通过时最终标签为 0；关键条件未知且无已知失败时为 U。,"[{""code"": ""wanted_active"", ""observed"": {""expiresAt"": ""2026-10-01T00:00:00+08:00"", ""status"": ""OPEN""}, ""outcome"": ""pass"", ""required"": {""expiresAfter"": ""2026-09-26T00:00:00Z"", ""status"": ""OPEN""}}, {""code"": ""product_status"", ""observed"": {""deleted"": false, ""status"": ""ON_SALE""}, ""outcome"": ""pass"", ""required"": {""deleted"": false, ""status"": ""ON_SALE""}}, {""code"": ""visibility"", ""observed"": ""public"", ""outcome"": ""pass"", ""required"": ""trusted synthetic context must permit visibility""}, {""code"": ""not_self"", ""observed"": ""90602"", ""outcome"": ""pass"", ""required"": {""not"": ""8006""}}, {""code"": ""category"", ""observed"": ""fan"", ""outcome"": ""pass"", ""required"": ""fan""}, {""code"": ""budget"", ""observed"": 10000, ""outcome"": ""pass"", ""required"": {""max"": 10000, ""min"": 3000}}, {""code"": ""condition"", ""observed"": ""good"", ""outcome"": ""pass"", ""required"": ""good""}, {""code"": ""place"", ""observed"": [""place-6-library""], ""outcome"": ""pass"", ""required"": [""place-6-library""]}, {""code"": ""model"", ""observed"": ""SAD35"", ""outcome"": ""pass"", ""required"": ""SAD35""}]",,,,,,,,
fan-matching__603,fan-matching,603,dev,matching,宿舍想用美的 SAD35 落地扇,"{""categoryId"": ""fan"", ""maxPriceFen"": 10000, ""minCondition"": ""good"", ""minPriceFen"": 3000, ""requiredModel"": ""SAD35"", ""requiredPlaceIds"": [""place-6-library""]}","{""asOf"": ""2026-09-26T00:00:00Z"", ""campusId"": ""campus-6"", ""viewerId"": ""8006""}","{""entityVersion"": 1, ""expiresAt"": ""2026-10-01T00:00:00+08:00"", ""ownerId"": ""8006"", ""status"": ""OPEN"", ""wantedId"": ""7006""}",美的 F10 桌面风扇,"同类用品,具体型号与目标不同。",6500,good,ON_SALE,public,0,同类但不是指定型号/版本，仅部分相关。 资格不通过时最终标签为 0；关键条件未知且无已知失败时为 U。,"[{""code"": ""wanted_active"", ""observed"": {""expiresAt"": ""2026-10-01T00:00:00+08:00"", ""status"": ""OPEN""}, ""outcome"": ""pass"", ""required"": {""expiresAfter"": ""2026-09-26T00:00:00Z"", ""status"": ""OPEN""}}, {""code"": ""product_status"", ""observed"": {""deleted"": false, ""status"": ""ON_SALE""}, ""outcome"": ""pass"", ""required"": {""deleted"": false, ""status"": ""ON_SALE""}}, {""code"": ""visibility"", ""observed"": ""public"", ""outcome"": ""pass"", ""required"": ""trusted synthetic context must permit visibility""}, {""code"": ""not_self"", ""observed"": ""90603"", ""outcome"": ""pass"", ""required"": {""not"": ""8006""}}, {""code"": ""category"", ""observed"": ""fan"", ""outcome"": ""pass"", ""required"": ""fan""}, {""code"": ""budget"", ""observed"": 6500, ""outcome"": ""pass"", ""required"": {""max"": 10000, ""min"": 3000}}, {""code"": ""condition"", ""observed"": ""good"", ""outcome"": ""pass"", ""required"": ""good""}, {""code"": ""place"", ""observed"": [""place-6-library""], ""outcome"": ""pass"", ""required"": [""place-6-library""]}, {""code"": ""model"", ""observed"": ""OTHER-MODEL"", ""outcome"": ""fail"", ""required"": ""SAD35""}]",,,,,,,,
fan-matching__604,fan-matching,604,dev,matching,宿舍想用美的 SAD35 落地扇,"{""categoryId"": ""fan"", ""maxPriceFen"": 10000, ""minCondition"": ""good"", ""minPriceFen"": 3000, ""requiredModel"": ""SAD35"", ""requiredPlaceIds"": [""place-6-library""]}","{""asOf"": ""2026-09-26T00:00:00Z"", ""campusId"": ""campus-6"", ""viewerId"": ""8006""}","{""entityVersion"": 1, ""expiresAt"": ""2026-10-01T00:00:00+08:00"", ""ownerId"": ""8006"", ""status"": ""OPEN"", ""wantedId"": ""7006""}",美的 SAD35 电风扇,"出售相同型号,价格见标价。",10001,good,ON_SALE,public,0,明确为所求型号/版本；同义或中英改写不改变需求对象。 资格不通过时最终标签为 0；关键条件未知且无已知失败时为 U。,"[{""code"": ""wanted_active"", ""observed"": {""expiresAt"": ""2026-10-01T00:00:00+08:00"", ""status"": ""OPEN""}, ""outcome"": ""pass"", ""required"": {""expiresAfter"": ""2026-09-26T00:00:00Z"", ""status"": ""OPEN""}}, {""code"": ""product_status"", ""observed"": {""deleted"": false, ""status"": ""ON_SALE""}, ""outcome"": ""pass"", ""required"": {""deleted"": false, ""status"": ""ON_SALE""}}, {""code"": ""visibility"", ""observed"": ""public"", ""outcome"": ""pass"", ""required"": ""trusted synthetic context must permit visibility""}, {""code"": ""not_self"", ""observed"": ""90604"", ""outcome"": ""pass"", ""required"": {""not"": ""8006""}}, {""code"": ""category"", ""observed"": ""fan"", ""outcome"": ""pass"", ""required"": ""fan""}, {""code"": ""budget"", ""observed"": 10001, ""outcome"": ""fail"", ""required"": {""max"": 10000, ""min"": 3000}}, {""code"": ""condition"", ""observed"": ""good"", ""outcome"": ""pass"", ""required"": ""good""}, {""code"": ""place"", ""observed"": [""place-6-library""], ""outcome"": ""pass"", ""required"": [""place-6-library""]}, {""code"": ""model"", ""observed"": ""SAD35"", ""outcome"": ""pass"", ""required"": ""SAD35""}]",,,,,,,,
fan-matching__605,fan-matching,605,dev,matching,宿舍想用美的 SAD35 落地扇,"{""categoryId"": ""fan"", ""maxPriceFen"": 10000, ""minCondition"": ""good"", ""minPriceFen"": 3000, ""requiredModel"": ""SAD35"", ""requiredPlaceIds"": [""place-6-library""]}","{""asOf"": ""2026-09-26T00:00:00Z"", ""campusId"": ""campus-6"", ""viewerId"": ""8006""}","{""entityVersion"": 1, ""expiresAt"": ""2026-10-01T00:00:00+08:00"", ""ownerId"": ""8006"", ""status"": ""OPEN"", ""wantedId"": ""7006""}",美的 SAD35 电风扇,"相同型号,已完成交易。",6500,good,SOLD,public,0,明确为所求型号/版本；同义或中英改写不改变需求对象。 资格不通过时最终标签为 0；关键条件未知且无已知失败时为 U。,"[{""code"": ""wanted_active"", ""observed"": {""expiresAt"": ""2026-10-01T00:00:00+08:00"", ""status"": ""OPEN""}, ""outcome"": ""pass"", ""required"": {""expiresAfter"": ""2026-09-26T00:00:00Z"", ""status"": ""OPEN""}}, {""code"": ""product_status"", ""observed"": {""deleted"": false, ""status"": ""SOLD""}, ""outcome"": ""fail"", ""required"": {""deleted"": false, ""status"": ""ON_SALE""}}, {""code"": ""visibility"", ""observed"": ""public"", ""outcome"": ""pass"", ""required"": ""trusted synthetic context must permit visibility""}, {""code"": ""not_self"", ""observed"": ""90605"", ""outcome"": ""pass"", ""required"": {""not"": ""8006""}}, {""code"": ""category"", ""observed"": ""fan"", ""outcome"": ""pass"", ""required"": ""fan""}, {""code"": ""budget"", ""observed"": 6500, ""outcome"": ""pass"", ""required"": {""max"": 10000, ""min"": 3000}}, {""code"": ""condition"", ""observed"": ""good"", ""outcome"": ""pass"", ""required"": ""good""}, {""code"": ""place"", ""observed"": [""place-6-library""], ""outcome"": ""pass"", ""required"": [""place-6-library""]}, {""code"": ""model"", ""observed"": ""SAD35"", ""outcome"": ""pass"", ""required"": ""SAD35""}]",,,,,,,,
fan-matching__606,fan-matching,606,dev,matching,宿舍想用美的 SAD35 落地扇,"{""categoryId"": ""fan"", ""maxPriceFen"": 10000, ""minCondition"": ""good"", ""minPriceFen"": 3000, ""requiredModel"": ""SAD35"", ""requiredPlaceIds"": [""place-6-library""]}","{""asOf"": ""2026-09-26T00:00:00Z"", ""campusId"": ""campus-6"", ""viewerId"": ""8006""}","{""entityVersion"": 1, ""expiresAt"": ""2026-10-01T00:00:00+08:00"", ""ownerId"": ""8006"", ""status"": ""OPEN"", ""wantedId"": ""7006""}",美的 SAD35 电风扇,请依据结构化状态核对资格。,6500,good,ON_SALE,public,0,明确为所求型号/版本；同义或中英改写不改变需求对象。 资格不通过时最终标签为 0；关键条件未知且无已知失败时为 U。,"[{""code"": ""wanted_active"", ""observed"": {""expiresAt"": ""2026-10-01T00:00:00+08:00"", ""status"": ""OPEN""}, ""outcome"": ""pass"", ""required"": {""expiresAfter"": ""2026-09-26T00:00:00Z"", ""status"": ""OPEN""}}, {""code"": ""product_status"", ""observed"": {""deleted"": false, ""status"": ""ON_SALE""}, ""outcome"": ""pass"", ""required"": {""deleted"": false, ""status"": ""ON_SALE""}}, {""code"": ""visibility"", ""observed"": ""public"", ""outcome"": ""pass"", ""required"": ""trusted synthetic context must permit visibility""}, {""code"": ""not_self"", ""observed"": ""90606"", ""outcome"": ""pass"", ""required"": {""not"": ""8006""}}, {""code"": ""category"", ""observed"": ""fan"", ""outcome"": ""pass"", ""required"": ""fan""}, {""code"": ""budget"", ""observed"": 6500, ""outcome"": ""pass"", ""required"": {""max"": 10000, ""min"": 3000}}, {""code"": ""condition"", ""observed"": ""good"", ""outcome"": ""pass"", ""required"": ""good""}, {""code"": ""place"", ""observed"": [""place-6-dormitory""], ""outcome"": ""fail"", ""required"": [""place-6-library""]}, {""code"": ""model"", ""observed"": ""SAD35"", ""outcome"": ""pass"", ""required"": ""SAD35""}]",,,,,,,,
fan-search-exact__601,fan-search-exact,601,dev,search,美的 SAD35 电风扇,"{""categoryId"": ""fan"", ""maxPriceFen"": 10000, ""minCondition"": null, ""minPriceFen"": 3000, ""requiredModel"": null, ""requiredPlaceIds"": []}","{""asOf"": ""2026-09-26T00:00:00Z"", ""campusId"": null, ""viewerId"": null}",null,美的 SAD35 电风扇,"功能正常,附带原装配件。",3000,good,ON_SALE,public,2,明确为所求型号/版本；同义或中英改写不改变需求对象。 资格不通过时最终标签为 0；关键条件未知且无已知失败时为 U。,"[{""code"": ""wanted_active"", ""observed"": null, ""outcome"": ""not_applicable"", ""required"": null}, {""code"": ""product_status"", ""observed"": {""deleted"": false, ""status"": ""ON_SALE""}, ""outcome"": ""pass"", ""required"": {""deleted"": false, ""status"": ""ON_SALE""}}, {""code"": ""visibility"", ""observed"": ""public"", ""outcome"": ""pass"", ""required"": ""trusted synthetic context must permit visibility""}, {""code"": ""not_self"", ""observed"": null, ""outcome"": ""not_applicable"", ""required"": null}, {""code"": ""category"", ""observed"": ""fan"", ""outcome"": ""pass"", ""required"": ""fan""}, {""code"": ""budget"", ""observed"": 3000, ""outcome"": ""pass"", ""required"": {""max"": 10000, ""min"": 3000}}, {""code"": ""condition"", ""observed"": ""good"", ""outcome"": ""not_applicable"", ""required"": null}, {""code"": ""place"", ""observed"": [""place-6-library""], ""outcome"": ""not_applicable"", ""required"": []}, {""code"": ""model"", ""observed"": ""SAD35"", ""outcome"": ""not_applicable"", ""required"": null}]",,,,,,,,
fan-search-exact__602,fan-search-exact,602,dev,search,美的 SAD35 电风扇,"{""categoryId"": ""fan"", ""maxPriceFen"": 10000, ""minCondition"": null, ""minPriceFen"": 3000, ""requiredModel"": null, ""requiredPlaceIds"": []}","{""asOf"": ""2026-09-26T00:00:00Z"", ""campusId"": null, ""viewerId"": null}",null,美的 SAD35 宿舍落地扇,"设备完好,可当面检查。",10000,good,ON_SALE,public,2,明确为所求型号/版本；同义或中英改写不改变需求对象。 资格不通过时最终标签为 0；关键条件未知且无已知失败时为 U。,"[{""code"": ""wanted_active"", ""observed"": null, ""outcome"": ""not_applicable"", ""required"": null}, {""code"": ""product_status"", ""observed"": {""deleted"": false, ""status"": ""ON_SALE""}, ""outcome"": ""pass"", ""required"": {""deleted"": false, ""status"": ""ON_SALE""}}, {""code"": ""visibility"", ""observed"": ""public"", ""outcome"": ""pass"", ""required"": ""trusted synthetic context must permit visibility""}, {""code"": ""not_self"", ""observed"": null, ""outcome"": ""not_applicable"", ""required"": null}, {""code"": ""category"", ""observed"": ""fan"", ""outcome"": ""pass"", ""required"": ""fan""}, {""code"": ""budget"", ""observed"": 10000, ""outcome"": ""pass"", ""required"": {""max"": 10000, ""min"": 3000}}, {""code"": ""condition"", ""observed"": ""good"", ""outcome"": ""not_applicable"", ""required"": null}, {""code"": ""place"", ""observed"": [""place-6-library""], ""outcome"": ""not_applicable"", ""required"": []}, {""code"": ""model"", ""observed"": ""SAD35"", ""outcome"": ""not_applicable"", ""required"": null}]",,,,,,,,
fan-search-exact__603,fan-search-exact,603,dev,search,美的 SAD35 电风扇,"{""categoryId"": ""fan"", ""maxPriceFen"": 10000, ""minCondition"": null, ""minPriceFen"": 3000, ""requiredModel"": null, ""requiredPlaceIds"": []}","{""asOf"": ""2026-09-26T00:00:00Z"", ""campusId"": null, ""viewerId"": null}",null,美的 F10 桌面风扇,"同类用品,具体型号与目标不同。",6500,good,ON_SALE,public,1,同类但不是指定型号/版本，仅部分相关。 资格不通过时最终标签为 0；关键条件未知且无已知失败时为 U。,"[{""code"": ""wanted_active"", ""observed"": null, ""outcome"": ""not_applicable"", ""required"": null}, {""code"": ""product_status"", ""observed"": {""deleted"": false, ""status"": ""ON_SALE""}, ""outcome"": ""pass"", ""required"": {""deleted"": false, ""status"": ""ON_SALE""}}, {""code"": ""visibility"", ""observed"": ""public"", ""outcome"": ""pass"", ""required"": ""trusted synthetic context must permit visibility""}, {""code"": ""not_self"", ""observed"": null, ""outcome"": ""not_applicable"", ""required"": null}, {""code"": ""category"", ""observed"": ""fan"", ""outcome"": ""pass"", ""required"": ""fan""}, {""code"": ""budget"", ""observed"": 6500, ""outcome"": ""pass"", ""required"": {""max"": 10000, ""min"": 3000}}, {""code"": ""condition"", ""observed"": ""good"", ""outcome"": ""not_applicable"", ""required"": null}, {""code"": ""place"", ""observed"": [""place-6-library""], ""outcome"": ""not_applicable"", ""required"": []}, {""code"": ""model"", ""observed"": ""OTHER-MODEL"", ""outcome"": ""not_applicable"", ""required"": null}]",,,,,,,,
fan-search-exact__604,fan-search-exact,604,dev,search,美的 SAD35 电风扇,"{""categoryId"": ""fan"", ""maxPriceFen"": 10000, ""minCondition"": null, ""minPriceFen"": 3000, ""requiredModel"": null, ""requiredPlaceIds"": []}","{""asOf"": ""2026-09-26T00:00:00Z"", ""campusId"": null, ""viewerId"": null}",null,美的 SAD35 电风扇,"出售相同型号,价格见标价。",10001,good,ON_SALE,public,0,明确为所求型号/版本；同义或中英改写不改变需求对象。 资格不通过时最终标签为 0；关键条件未知且无已知失败时为 U。,"[{""code"": ""wanted_active"", ""observed"": null, ""outcome"": ""not_applicable"", ""required"": null}, {""code"": ""product_status"", ""observed"": {""deleted"": false, ""status"": ""ON_SALE""}, ""outcome"": ""pass"", ""required"": {""deleted"": false, ""status"": ""ON_SALE""}}, {""code"": ""visibility"", ""observed"": ""public"", ""outcome"": ""pass"", ""required"": ""trusted synthetic context must permit visibility""}, {""code"": ""not_self"", ""observed"": null, ""outcome"": ""not_applicable"", ""required"": null}, {""code"": ""category"", ""observed"": ""fan"", ""outcome"": ""pass"", ""required"": ""fan""}, {""code"": ""budget"", ""observed"": 10001, ""outcome"": ""fail"", ""required"": {""max"": 10000, ""min"": 3000}}, {""code"": ""condition"", ""observed"": ""good"", ""outcome"": ""not_applicable"", ""required"": null}, {""code"": ""place"", ""observed"": [""place-6-library""], ""outcome"": ""not_applicable"", ""required"": []}, {""code"": ""model"", ""observed"": ""SAD35"", ""outcome"": ""not_applicable"", ""required"": null}]",,,,,,,,
fan-search-exact__605,fan-search-exact,605,dev,search,美的 SAD35 电风扇,"{""categoryId"": ""fan"", ""maxPriceFen"": 10000, ""minCondition"": null, ""minPriceFen"": 3000, ""requiredModel"": null, ""requiredPlaceIds"": []}","{""asOf"": ""2026-09-26T00:00:00Z"", ""campusId"": null, ""viewerId"": null}",null,美的 SAD35 电风扇,"相同型号,已完成交易。",6500,good,SOLD,public,0,明确为所求型号/版本；同义或中英改写不改变需求对象。 资格不通过时最终标签为 0；关键条件未知且无已知失败时为 U。,"[{""code"": ""wanted_active"", ""observed"": null, ""outcome"": ""not_applicable"", ""required"": null}, {""code"": ""product_status"", ""observed"": {""deleted"": false, ""status"": ""SOLD""}, ""outcome"": ""fail"", ""required"": {""deleted"": false, ""status"": ""ON_SALE""}}, {""code"": ""visibility"", ""observed"": ""public"", ""outcome"": ""pass"", ""required"": ""trusted synthetic context must permit visibility""}, {""code"": ""not_self"", ""observed"": null, ""outcome"": ""not_applicable"", ""required"": null}, {""code"": ""category"", ""observed"": ""fan"", ""outcome"": ""pass"", ""required"": ""fan""}, {""code"": ""budget"", ""observed"": 6500, ""outcome"": ""pass"", ""required"": {""max"": 10000, ""min"": 3000}}, {""code"": ""condition"", ""observed"": ""good"", ""outcome"": ""not_applicable"", ""required"": null}, {""code"": ""place"", ""observed"": [""place-6-library""], ""outcome"": ""not_applicable"", ""required"": []}, {""code"": ""model"", ""observed"": ""SAD35"", ""outcome"": ""not_applicable"", ""required"": null}]",,,,,,,,
fan-search-exact__606,fan-search-exact,606,dev,search,美的 SAD35 电风扇,"{""categoryId"": ""fan"", ""maxPriceFen"": 10000, ""minCondition"": null, ""minPriceFen"": 3000, ""requiredModel"": null, ""requiredPlaceIds"": []}","{""asOf"": ""2026-09-26T00:00:00Z"", ""campusId"": null, ""viewerId"": null}",null,美的 SAD35 电风扇,请依据结构化状态核对资格。,6500,good,ON_SALE,public,2,明确为所求型号/版本；同义或中英改写不改变需求对象。 资格不通过时最终标签为 0；关键条件未知且无已知失败时为 U。,"[{""code"": ""wanted_active"", ""observed"": null, ""outcome"": ""not_applicable"", ""required"": null}, {""code"": ""product_status"", ""observed"": {""deleted"": false, ""status"": ""ON_SALE""}, ""outcome"": ""pass"", ""required"": {""deleted"": false, ""status"": ""ON_SALE""}}, {""code"": ""visibility"", ""observed"": ""public"", ""outcome"": ""pass"", ""required"": ""trusted synthetic context must permit visibility""}, {""code"": ""not_self"", ""observed"": null, ""outcome"": ""not_applicable"", ""required"": null}, {""code"": ""category"", ""observed"": ""fan"", ""outcome"": ""pass"", ""required"": ""fan""}, {""code"": ""budget"", ""observed"": 6500, ""outcome"": ""pass"", ""required"": {""max"": 10000, ""min"": 3000}}, {""code"": ""condition"", ""observed"": ""good"", ""outcome"": ""not_applicable"", ""required"": null}, {""code"": ""place"", ""observed"": [""place-6-dormitory""], ""outcome"": ""not_applicable"", ""required"": []}, {""code"": ""model"", ""observed"": ""SAD35"", ""outcome"": ""not_applicable"", ""required"": null}]",,,,,,,,
fan-search-natural__601,fan-search-natural,601,dev,search,宿舍想用美的 SAD35 落地扇,"{""categoryId"": ""fan"", ""maxPriceFen"": 10000, ""minCondition"": null, ""minPriceFen"": 3000, ""requiredModel"": null, ""requiredPlaceIds"": []}","{""asOf"": ""2026-09-26T00:00:00Z"", ""campusId"": null, ""viewerId"": null}",null,美的 SAD35 电风扇,"功能正常,附带原装配件。",3000,good,ON_SALE,public,2,明确为所求型号/版本；同义或中英改写不改变需求对象。 资格不通过时最终标签为 0；关键条件未知且无已知失败时为 U。,"[{""code"": ""wanted_active"", ""observed"": null, ""outcome"": ""not_applicable"", ""required"": null}, {""code"": ""product_status"", ""observed"": {""deleted"": false, ""status"": ""ON_SALE""}, ""outcome"": ""pass"", ""required"": {""deleted"": false, ""status"": ""ON_SALE""}}, {""code"": ""visibility"", ""observed"": ""public"", ""outcome"": ""pass"", ""required"": ""trusted synthetic context must permit visibility""}, {""code"": ""not_self"", ""observed"": null, ""outcome"": ""not_applicable"", ""required"": null}, {""code"": ""category"", ""observed"": ""fan"", ""outcome"": ""pass"", ""required"": ""fan""}, {""code"": ""budget"", ""observed"": 3000, ""outcome"": ""pass"", ""required"": {""max"": 10000, ""min"": 3000}}, {""code"": ""condition"", ""observed"": ""good"", ""outcome"": ""not_applicable"", ""required"": null}, {""code"": ""place"", ""observed"": [""place-6-library""], ""outcome"": ""not_applicable"", ""required"": []}, {""code"": ""model"", ""observed"": ""SAD35"", ""outcome"": ""not_applicable"", ""required"": null}]",,,,,,,,
fan-search-natural__602,fan-search-natural,602,dev,search,宿舍想用美的 SAD35 落地扇,"{""categoryId"": ""fan"", ""maxPriceFen"": 10000, ""minCondition"": null, ""minPriceFen"": 3000, ""requiredModel"": null, ""requiredPlaceIds"": []}","{""asOf"": ""2026-09-26T00:00:00Z"", ""campusId"": null, ""viewerId"": null}",null,美的 SAD35 宿舍落地扇,"设备完好,可当面检查。",10000,good,ON_SALE,public,2,明确为所求型号/版本；同义或中英改写不改变需求对象。 资格不通过时最终标签为 0；关键条件未知且无已知失败时为 U。,"[{""code"": ""wanted_active"", ""observed"": null, ""outcome"": ""not_applicable"", ""required"": null}, {""code"": ""product_status"", ""observed"": {""deleted"": false, ""status"": ""ON_SALE""}, ""outcome"": ""pass"", ""required"": {""deleted"": false, ""status"": ""ON_SALE""}}, {""code"": ""visibility"", ""observed"": ""public"", ""outcome"": ""pass"", ""required"": ""trusted synthetic context must permit visibility""}, {""code"": ""not_self"", ""observed"": null, ""outcome"": ""not_applicable"", ""required"": null}, {""code"": ""category"", ""observed"": ""fan"", ""outcome"": ""pass"", ""required"": ""fan""}, {""code"": ""budget"", ""observed"": 10000, ""outcome"": ""pass"", ""required"": {""max"": 10000, ""min"": 3000}}, {""code"": ""condition"", ""observed"": ""good"", ""outcome"": ""not_applicable"", ""required"": null}, {""code"": ""place"", ""observed"": [""place-6-library""], ""outcome"": ""not_applicable"", ""required"": []}, {""code"": ""model"", ""observed"": ""SAD35"", ""outcome"": ""not_applicable"", ""required"": null}]",,,,,,,,
fan-search-natural__603,fan-search-natural,603,dev,search,宿舍想用美的 SAD35 落地扇,"{""categoryId"": ""fan"", ""maxPriceFen"": 10000, ""minCondition"": null, ""minPriceFen"": 3000, ""requiredModel"": null, ""requiredPlaceIds"": []}","{""asOf"": ""2026-09-26T00:00:00Z"", ""campusId"": null, ""viewerId"": null}",null,美的 F10 桌面风扇,"同类用品,具体型号与目标不同。",6500,good,ON_SALE,public,1,同类但不是指定型号/版本，仅部分相关。 资格不通过时最终标签为 0；关键条件未知且无已知失败时为 U。,"[{""code"": ""wanted_active"", ""observed"": null, ""outcome"": ""not_applicable"", ""required"": null}, {""code"": ""product_status"", ""observed"": {""deleted"": false, ""status"": ""ON_SALE""}, ""outcome"": ""pass"", ""required"": {""deleted"": false, ""status"": ""ON_SALE""}}, {""code"": ""visibility"", ""observed"": ""public"", ""outcome"": ""pass"", ""required"": ""trusted synthetic context must permit visibility""}, {""code"": ""not_self"", ""observed"": null, ""outcome"": ""not_applicable"", ""required"": null}, {""code"": ""category"", ""observed"": ""fan"", ""outcome"": ""pass"", ""required"": ""fan""}, {""code"": ""budget"", ""observed"": 6500, ""outcome"": ""pass"", ""required"": {""max"": 10000, ""min"": 3000}}, {""code"": ""condition"", ""observed"": ""good"", ""outcome"": ""not_applicable"", ""required"": null}, {""code"": ""place"", ""observed"": [""place-6-library""], ""outcome"": ""not_applicable"", ""required"": []}, {""code"": ""model"", ""observed"": ""OTHER-MODEL"", ""outcome"": ""not_applicable"", ""required"": null}]",,,,,,,,
fan-search-natural__604,fan-search-natural,604,dev,search,宿舍想用美的 SAD35 落地扇,"{""categoryId"": ""fan"", ""maxPriceFen"": 10000, ""minCondition"": null, ""minPriceFen"": 3000, ""requiredModel"": null, ""requiredPlaceIds"": []}","{""asOf"": ""2026-09-26T00:00:00Z"", ""campusId"": null, ""viewerId"": null}",null,美的 SAD35 电风扇,"出售相同型号,价格见标价。",10001,good,ON_SALE,public,0,明确为所求型号/版本；同义或中英改写不改变需求对象。 资格不通过时最终标签为 0；关键条件未知且无已知失败时为 U。,"[{""code"": ""wanted_active"", ""observed"": null, ""outcome"": ""not_applicable"", ""required"": null}, {""code"": ""product_status"", ""observed"": {""deleted"": false, ""status"": ""ON_SALE""}, ""outcome"": ""pass"", ""required"": {""deleted"": false, ""status"": ""ON_SALE""}}, {""code"": ""visibility"", ""observed"": ""public"", ""outcome"": ""pass"", ""required"": ""trusted synthetic context must permit visibility""}, {""code"": ""not_self"", ""observed"": null, ""outcome"": ""not_applicable"", ""required"": null}, {""code"": ""category"", ""observed"": ""fan"", ""outcome"": ""pass"", ""required"": ""fan""}, {""code"": ""budget"", ""observed"": 10001, ""outcome"": ""fail"", ""required"": {""max"": 10000, ""min"": 3000}}, {""code"": ""condition"", ""observed"": ""good"", ""outcome"": ""not_applicable"", ""required"": null}, {""code"": ""place"", ""observed"": [""place-6-library""], ""outcome"": ""not_applicable"", ""required"": []}, {""code"": ""model"", ""observed"": ""SAD35"", ""outcome"": ""not_applicable"", ""required"": null}]",,,,,,,,
fan-search-natural__605,fan-search-natural,605,dev,search,宿舍想用美的 SAD35 落地扇,"{""categoryId"": ""fan"", ""maxPriceFen"": 10000, ""minCondition"": null, ""minPriceFen"": 3000, ""requiredModel"": null, ""requiredPlaceIds"": []}","{""asOf"": ""2026-09-26T00:00:00Z"", ""campusId"": null, ""viewerId"": null}",null,美的 SAD35 电风扇,"相同型号,已完成交易。",6500,good,SOLD,public,0,明确为所求型号/版本；同义或中英改写不改变需求对象。 资格不通过时最终标签为 0；关键条件未知且无已知失败时为 U。,"[{""code"": ""wanted_active"", ""observed"": null, ""outcome"": ""not_applicable"", ""required"": null}, {""code"": ""product_status"", ""observed"": {""deleted"": false, ""status"": ""SOLD""}, ""outcome"": ""fail"", ""required"": {""deleted"": false, ""status"": ""ON_SALE""}}, {""code"": ""visibility"", ""observed"": ""public"", ""outcome"": ""pass"", ""required"": ""trusted synthetic context must permit visibility""}, {""code"": ""not_self"", ""observed"": null, ""outcome"": ""not_applicable"", ""required"": null}, {""code"": ""category"", ""observed"": ""fan"", ""outcome"": ""pass"", ""required"": ""fan""}, {""code"": ""budget"", ""observed"": 6500, ""outcome"": ""pass"", ""required"": {""max"": 10000, ""min"": 3000}}, {""code"": ""condition"", ""observed"": ""good"", ""outcome"": ""not_applicable"", ""required"": null}, {""code"": ""place"", ""observed"": [""place-6-library""], ""outcome"": ""not_applicable"", ""required"": []}, {""code"": ""model"", ""observed"": ""SAD35"", ""outcome"": ""not_applicable"", ""required"": null}]",,,,,,,,
fan-search-natural__606,fan-search-natural,606,dev,search,宿舍想用美的 SAD35 落地扇,"{""categoryId"": ""fan"", ""maxPriceFen"": 10000, ""minCondition"": null, ""minPriceFen"": 3000, ""requiredModel"": null, ""requiredPlaceIds"": []}","{""asOf"": ""2026-09-26T00:00:00Z"", ""campusId"": null, ""viewerId"": null}",null,美的 SAD35 电风扇,请依据结构化状态核对资格。,6500,good,ON_SALE,public,2,明确为所求型号/版本；同义或中英改写不改变需求对象。 资格不通过时最终标签为 0；关键条件未知且无已知失败时为 U。,"[{""code"": ""wanted_active"", ""observed"": null, ""outcome"": ""not_applicable"", ""required"": null}, {""code"": ""product_status"", ""observed"": {""deleted"": false, ""status"": ""ON_SALE""}, ""outcome"": ""pass"", ""required"": {""deleted"": false, ""status"": ""ON_SALE""}}, {""code"": ""visibility"", ""observed"": ""public"", ""outcome"": ""pass"", ""required"": ""trusted synthetic context must permit visibility""}, {""code"": ""not_self"", ""observed"": null, ""outcome"": ""not_applicable"", ""required"": null}, {""code"": ""category"", ""observed"": ""fan"", ""outcome"": ""pass"", ""required"": ""fan""}, {""code"": ""budget"", ""observed"": 6500, ""outcome"": ""pass"", ""required"": {""max"": 10000, ""min"": 3000}}, {""code"": ""condition"", ""observed"": ""good"", ""outcome"": ""not_applicable"", ""required"": null}, {""code"": ""place"", ""observed"": [""place-6-dormitory""], ""outcome"": ""not_applicable"", ""required"": []}, {""code"": ""model"", ""observed"": ""SAD35"", ""outcome"": ""not_applicable"", ""required"": null}]",,,,,,,,
guitar-matching__1101,guitar-matching,1101,dev,matching,初学想收雅马哈 F310 民谣吉他,"{""categoryId"": ""guitar"", ""maxPriceFen"": 60000, ""minCondition"": ""good"", ""minPriceFen"": 30000, ""requiredModel"": ""F310"", ""requiredPlaceIds"": [""place-11-library""]}","{""asOf"": ""2026-09-26T00:00:00Z"", ""campusId"": ""campus-11"", ""viewerId"": ""8011""}","{""entityVersion"": 1, ""expiresAt"": ""2026-10-01T00:00:00+08:00"", ""ownerId"": ""8011"", ""status"": ""OPEN"", ""wantedId"": ""7011""}",雅马哈 F310 吉他,"功能正常,附带原装配件。",30000,good,ON_SALE,public,2,明确为所求型号/版本；同义或中英改写不改变需求对象。 资格不通过时最终标签为 0；关键条件未知且无已知失败时为 U。,"[{""code"": ""wanted_active"", ""observed"": {""expiresAt"": ""2026-10-01T00:00:00+08:00"", ""status"": ""OPEN""}, ""outcome"": ""pass"", ""required"": {""expiresAfter"": ""2026-09-26T00:00:00Z"", ""status"": ""OPEN""}}, {""code"": ""product_status"", ""observed"": {""deleted"": false, ""status"": ""ON_SALE""}, ""outcome"": ""pass"", ""required"": {""deleted"": false, ""status"": ""ON_SALE""}}, {""code"": ""visibility"", ""observed"": ""public"", ""outcome"": ""pass"", ""required"": ""trusted synthetic context must permit visibility""}, {""code"": ""not_self"", ""observed"": ""91101"", ""outcome"": ""pass"", ""required"": {""not"": ""8011""}}, {""code"": ""category"", ""observed"": ""guitar"", ""outcome"": ""pass"", ""required"": ""guitar""}, {""code"": ""budget"", ""observed"": 30000, ""outcome"": ""pass"", ""required"": {""max"": 60000, ""min"": 30000}}, {""code"": ""condition"", ""observed"": ""good"", ""outcome"": ""pass"", ""required"": ""good""}, {""code"": ""place"", ""observed"": [""place-11-library""], ""outcome"": ""pass"", ""required"": [""place-11-library""]}, {""code"": ""model"", ""observed"": ""F310"", ""outcome"": ""pass"", ""required"": ""F310""}]",,,,,,,,
guitar-matching__1102,guitar-matching,1102,dev,matching,初学想收雅马哈 F310 民谣吉他,"{""categoryId"": ""guitar"", ""maxPriceFen"": 60000, ""minCondition"": ""good"", ""minPriceFen"": 30000, ""requiredModel"": ""F310"", ""requiredPlaceIds"": [""place-11-library""]}","{""asOf"": ""2026-09-26T00:00:00Z"", ""campusId"": ""campus-11"", ""viewerId"": ""8011""}","{""entityVersion"": 1, ""expiresAt"": ""2026-10-01T00:00:00+08:00"", ""ownerId"": ""8011"", ""status"": ""OPEN"", ""wantedId"": ""7011""}",雅马哈 F310 入门民谣琴,"设备完好,可当面检查。",60000,good,ON_SALE,public,2,明确为所求型号/版本；同义或中英改写不改变需求对象。 资格不通过时最终标签为 0；关键条件未知且无已知失败时为 U。,"[{""code"": ""wanted_active"", ""observed"": {""expiresAt"": ""2026-10-01T00:00:00+08:00"", ""status"": ""OPEN""}, ""outcome"": ""pass"", ""required"": {""expiresAfter"": ""2026-09-26T00:00:00Z"", ""status"": ""OPEN""}}, {""code"": ""product_status"", ""observed"": {""deleted"": false, ""status"": ""ON_SALE""}, ""outcome"": ""pass"", ""required"": {""deleted"": false, ""status"": ""ON_SALE""}}, {""code"": ""visibility"", ""observed"": ""public"", ""outcome"": ""pass"", ""required"": ""trusted synthetic context must permit visibility""}, {""code"": ""not_self"", ""observed"": ""91102"", ""outcome"": ""pass"", ""required"": {""not"": ""8011""}}, {""code"": ""category"", ""observed"": ""guitar"", ""outcome"": ""pass"", ""required"": ""guitar""}, {""code"": ""budget"", ""observed"": 60000, ""outcome"": ""pass"", ""required"": {""max"": 60000, ""min"": 30000}}, {""code"": ""condition"", ""observed"": ""good"", ""outcome"": ""pass"", ""required"": ""good""}, {""code"": ""place"", ""observed"": [""place-11-library""], ""outcome"": ""pass"", ""required"": [""place-11-library""]}, {""code"": ""model"", ""observed"": ""F310"", ""outcome"": ""pass"", ""required"": ""F310""}]",,,,,,,,
guitar-matching__1103,guitar-matching,1103,dev,matching,初学想收雅马哈 F310 民谣吉他,"{""categoryId"": ""guitar"", ""maxPriceFen"": 60000, ""minCondition"": ""good"", ""minPriceFen"": 30000, ""requiredModel"": ""F310"", ""requiredPlaceIds"": [""place-11-library""]}","{""asOf"": ""2026-09-26T00:00:00Z"", ""campusId"": ""campus-11"", ""viewerId"": ""8011""}","{""entityVersion"": 1, ""expiresAt"": ""2026-10-01T00:00:00+08:00"", ""ownerId"": ""8011"", ""status"": ""OPEN"", ""wantedId"": ""7011""}",雅马哈 C40 古典吉他,"同类用品,具体型号与目标不同。",45000,good,ON_SALE,public,0,同类但不是指定型号/版本，仅部分相关。 资格不通过时最终标签为 0；关键条件未知且无已知失败时为 U。,"[{""code"": ""wanted_active"", ""observed"": {""expiresAt"": ""2026-10-01T00:00:00+08:00"", ""status"": ""OPEN""}, ""outcome"": ""pass"", ""required"": {""expiresAfter"": ""2026-09-26T00:00:00Z"", ""status"": ""OPEN""}}, {""code"": ""product_status"", ""observed"": {""deleted"": false, ""status"": ""ON_SALE""}, ""outcome"": ""pass"", ""required"": {""deleted"": false, ""status"": ""ON_SALE""}}, {""code"": ""visibility"", ""observed"": ""public"", ""outcome"": ""pass"", ""required"": ""trusted synthetic context must permit visibility""}, {""code"": ""not_self"", ""observed"": ""91103"", ""outcome"": ""pass"", ""required"": {""not"": ""8011""}}, {""code"": ""category"", ""observed"": ""guitar"", ""outcome"": ""pass"", ""required"": ""guitar""}, {""code"": ""budget"", ""observed"": 45000, ""outcome"": ""pass"", ""required"": {""max"": 60000, ""min"": 30000}}, {""code"": ""condition"", ""observed"": ""good"", ""outcome"": ""pass"", ""required"": ""good""}, {""code"": ""place"", ""observed"": [""place-11-library""], ""outcome"": ""pass"", ""required"": [""place-11-library""]}, {""code"": ""model"", ""observed"": ""OTHER-MODEL"", ""outcome"": ""fail"", ""required"": ""F310""}]",,,,,,,,
guitar-matching__1104,guitar-matching,1104,dev,matching,初学想收雅马哈 F310 民谣吉他,"{""categoryId"": ""guitar"", ""maxPriceFen"": 60000, ""minCondition"": ""good"", ""minPriceFen"": 30000, ""requiredModel"": ""F310"", ""requiredPlaceIds"": [""place-11-library""]}","{""asOf"": ""2026-09-26T00:00:00Z"", ""campusId"": ""campus-11"", ""viewerId"": ""8011""}","{""entityVersion"": 1, ""expiresAt"": ""2026-10-01T00:00:00+08:00"", ""ownerId"": ""8011"", ""status"": ""OPEN"", ""wantedId"": ""7011""}",雅马哈 F310 吉他,"出售相同型号,价格见标价。",60001,good,ON_SALE,public,0,明确为所求型号/版本；同义或中英改写不改变需求对象。 资格不通过时最终标签为 0；关键条件未知且无已知失败时为 U。,"[{""code"": ""wanted_active"", ""observed"": {""expiresAt"": ""2026-10-01T00:00:00+08:00"", ""status"": ""OPEN""}, ""outcome"": ""pass"", ""required"": {""expiresAfter"": ""2026-09-26T00:00:00Z"", ""status"": ""OPEN""}}, {""code"": ""product_status"", ""observed"": {""deleted"": false, ""status"": ""ON_SALE""}, ""outcome"": ""pass"", ""required"": {""deleted"": false, ""status"": ""ON_SALE""}}, {""code"": ""visibility"", ""observed"": ""public"", ""outcome"": ""pass"", ""required"": ""trusted synthetic context must permit visibility""}, {""code"": ""not_self"", ""observed"": ""91104"", ""outcome"": ""pass"", ""required"": {""not"": ""8011""}}, {""code"": ""category"", ""observed"": ""guitar"", ""outcome"": ""pass"", ""required"": ""guitar""}, {""code"": ""budget"", ""observed"": 60001, ""outcome"": ""fail"", ""required"": {""max"": 60000, ""min"": 30000}}, {""code"": ""condition"", ""observed"": ""good"", ""outcome"": ""pass"", ""required"": ""good""}, {""code"": ""place"", ""observed"": [""place-11-library""], ""outcome"": ""pass"", ""required"": [""place-11-library""]}, {""code"": ""model"", ""observed"": ""F310"", ""outcome"": ""pass"", ""required"": ""F310""}]",,,,,,,,
guitar-matching__1105,guitar-matching,1105,dev,matching,初学想收雅马哈 F310 民谣吉他,"{""categoryId"": ""guitar"", ""maxPriceFen"": 60000, ""minCondition"": ""good"", ""minPriceFen"": 30000, ""requiredModel"": ""F310"", ""requiredPlaceIds"": [""place-11-library""]}","{""asOf"": ""2026-09-26T00:00:00Z"", ""campusId"": ""campus-11"", ""viewerId"": ""8011""}","{""entityVersion"": 1, ""expiresAt"": ""2026-10-01T00:00:00+08:00"", ""ownerId"": ""8011"", ""status"": ""OPEN"", ""wantedId"": ""7011""}",雅马哈 F310 吉他,"相同型号,已完成交易。",45000,good,SOLD,public,0,明确为所求型号/版本；同义或中英改写不改变需求对象。 资格不通过时最终标签为 0；关键条件未知且无已知失败时为 U。,"[{""code"": ""wanted_active"", ""observed"": {""expiresAt"": ""2026-10-01T00:00:00+08:00"", ""status"": ""OPEN""}, ""outcome"": ""pass"", ""required"": {""expiresAfter"": ""2026-09-26T00:00:00Z"", ""status"": ""OPEN""}}, {""code"": ""product_status"", ""observed"": {""deleted"": false, ""status"": ""SOLD""}, ""outcome"": ""fail"", ""required"": {""deleted"": false, ""status"": ""ON_SALE""}}, {""code"": ""visibility"", ""observed"": ""public"", ""outcome"": ""pass"", ""required"": ""trusted synthetic context must permit visibility""}, {""code"": ""not_self"", ""observed"": ""91105"", ""outcome"": ""pass"", ""required"": {""not"": ""8011""}}, {""code"": ""category"", ""observed"": ""guitar"", ""outcome"": ""pass"", ""required"": ""guitar""}, {""code"": ""budget"", ""observed"": 45000, ""outcome"": ""pass"", ""required"": {""max"": 60000, ""min"": 30000}}, {""code"": ""condition"", ""observed"": ""good"", ""outcome"": ""pass"", ""required"": ""good""}, {""code"": ""place"", ""observed"": [""place-11-library""], ""outcome"": ""pass"", ""required"": [""place-11-library""]}, {""code"": ""model"", ""observed"": ""F310"", ""outcome"": ""pass"", ""required"": ""F310""}]",,,,,,,,
guitar-matching__1106,guitar-matching,1106,dev,matching,初学想收雅马哈 F310 民谣吉他,"{""categoryId"": ""guitar"", ""maxPriceFen"": 60000, ""minCondition"": ""good"", ""minPriceFen"": 30000, ""requiredModel"": ""F310"", ""requiredPlaceIds"": [""place-11-library""]}","{""asOf"": ""2026-09-26T00:00:00Z"", ""campusId"": ""campus-11"", ""viewerId"": ""8011""}","{""entityVersion"": 1, ""expiresAt"": ""2026-10-01T00:00:00+08:00"", ""ownerId"": ""8011"", ""status"": ""OPEN"", ""wantedId"": ""7011""}",雅马哈 F310 吉他,请依据结构化状态核对资格。,45000,fair,ON_SALE,public,0,明确为所求型号/版本；同义或中英改写不改变需求对象。 资格不通过时最终标签为 0；关键条件未知且无已知失败时为 U。,"[{""code"": ""wanted_active"", ""observed"": {""expiresAt"": ""2026-10-01T00:00:00+08:00"", ""status"": ""OPEN""}, ""outcome"": ""pass"", ""required"": {""expiresAfter"": ""2026-09-26T00:00:00Z"", ""status"": ""OPEN""}}, {""code"": ""product_status"", ""observed"": {""deleted"": false, ""status"": ""ON_SALE""}, ""outcome"": ""pass"", ""required"": {""deleted"": false, ""status"": ""ON_SALE""}}, {""code"": ""visibility"", ""observed"": ""public"", ""outcome"": ""pass"", ""required"": ""trusted synthetic context must permit visibility""}, {""code"": ""not_self"", ""observed"": ""91106"", ""outcome"": ""pass"", ""required"": {""not"": ""8011""}}, {""code"": ""category"", ""observed"": ""guitar"", ""outcome"": ""pass"", ""required"": ""guitar""}, {""code"": ""budget"", ""observed"": 45000, ""outcome"": ""pass"", ""required"": {""max"": 60000, ""min"": 30000}}, {""code"": ""condition"", ""observed"": ""fair"", ""outcome"": ""fail"", ""required"": ""good""}, {""code"": ""place"", ""observed"": [""place-11-library""], ""outcome"": ""pass"", ""required"": [""place-11-library""]}, {""code"": ""model"", ""observed"": ""F310"", ""outcome"": ""pass"", ""required"": ""F310""}]",,,,,,,,
guitar-search-exact__1101,guitar-search-exact,1101,dev,search,雅马哈 F310 吉他,"{""categoryId"": ""guitar"", ""maxPriceFen"": 60000, ""minCondition"": null, ""minPriceFen"": 30000, ""requiredModel"": null, ""requiredPlaceIds"": []}","{""asOf"": ""2026-09-26T00:00:00Z"", ""campusId"": null, ""viewerId"": null}",null,雅马哈 F310 吉他,"功能正常,附带原装配件。",30000,good,ON_SALE,public,2,明确为所求型号/版本；同义或中英改写不改变需求对象。 资格不通过时最终标签为 0；关键条件未知且无已知失败时为 U。,"[{""code"": ""wanted_active"", ""observed"": null, ""outcome"": ""not_applicable"", ""required"": null}, {""code"": ""product_status"", ""observed"": {""deleted"": false, ""status"": ""ON_SALE""}, ""outcome"": ""pass"", ""required"": {""deleted"": false, ""status"": ""ON_SALE""}}, {""code"": ""visibility"", ""observed"": ""public"", ""outcome"": ""pass"", ""required"": ""trusted synthetic context must permit visibility""}, {""code"": ""not_self"", ""observed"": null, ""outcome"": ""not_applicable"", ""required"": null}, {""code"": ""category"", ""observed"": ""guitar"", ""outcome"": ""pass"", ""required"": ""guitar""}, {""code"": ""budget"", ""observed"": 30000, ""outcome"": ""pass"", ""required"": {""max"": 60000, ""min"": 30000}}, {""code"": ""condition"", ""observed"": ""good"", ""outcome"": ""not_applicable"", ""required"": null}, {""code"": ""place"", ""observed"": [""place-11-library""], ""outcome"": ""not_applicable"", ""required"": []}, {""code"": ""model"", ""observed"": ""F310"", ""outcome"": ""not_applicable"", ""required"": null}]",,,,,,,,
guitar-search-exact__1102,guitar-search-exact,1102,dev,search,雅马哈 F310 吉他,"{""categoryId"": ""guitar"", ""maxPriceFen"": 60000, ""minCondition"": null, ""minPriceFen"": 30000, ""requiredModel"": null, ""requiredPlaceIds"": []}","{""asOf"": ""2026-09-26T00:00:00Z"", ""campusId"": null, ""viewerId"": null}",null,雅马哈 F310 入门民谣琴,"设备完好,可当面检查。",60000,good,ON_SALE,public,2,明确为所求型号/版本；同义或中英改写不改变需求对象。 资格不通过时最终标签为 0；关键条件未知且无已知失败时为 U。,"[{""code"": ""wanted_active"", ""observed"": null, ""outcome"": ""not_applicable"", ""required"": null}, {""code"": ""product_status"", ""observed"": {""deleted"": false, ""status"": ""ON_SALE""}, ""outcome"": ""pass"", ""required"": {""deleted"": false, ""status"": ""ON_SALE""}}, {""code"": ""visibility"", ""observed"": ""public"", ""outcome"": ""pass"", ""required"": ""trusted synthetic context must permit visibility""}, {""code"": ""not_self"", ""observed"": null, ""outcome"": ""not_applicable"", ""required"": null}, {""code"": ""category"", ""observed"": ""guitar"", ""outcome"": ""pass"", ""required"": ""guitar""}, {""code"": ""budget"", ""observed"": 60000, ""outcome"": ""pass"", ""required"": {""max"": 60000, ""min"": 30000}}, {""code"": ""condition"", ""observed"": ""good"", ""outcome"": ""not_applicable"", ""required"": null}, {""code"": ""place"", ""observed"": [""place-11-library""], ""outcome"": ""not_applicable"", ""required"": []}, {""code"": ""model"", ""observed"": ""F310"", ""outcome"": ""not_applicable"", ""required"": null}]",,,,,,,,
guitar-search-exact__1103,guitar-search-exact,1103,dev,search,雅马哈 F310 吉他,"{""categoryId"": ""guitar"", ""maxPriceFen"": 60000, ""minCondition"": null, ""minPriceFen"": 30000, ""requiredModel"": null, ""requiredPlaceIds"": []}","{""asOf"": ""2026-09-26T00:00:00Z"", ""campusId"": null, ""viewerId"": null}",null,雅马哈 C40 古典吉他,"同类用品,具体型号与目标不同。",45000,good,ON_SALE,public,1,同类但不是指定型号/版本，仅部分相关。 资格不通过时最终标签为 0；关键条件未知且无已知失败时为 U。,"[{""code"": ""wanted_active"", ""observed"": null, ""outcome"": ""not_applicable"", ""required"": null}, {""code"": ""product_status"", ""observed"": {""deleted"": false, ""status"": ""ON_SALE""}, ""outcome"": ""pass"", ""required"": {""deleted"": false, ""status"": ""ON_SALE""}}, {""code"": ""visibility"", ""observed"": ""public"", ""outcome"": ""pass"", ""required"": ""trusted synthetic context must permit visibility""}, {""code"": ""not_self"", ""observed"": null, ""outcome"": ""not_applicable"", ""required"": null}, {""code"": ""category"", ""observed"": ""guitar"", ""outcome"": ""pass"", ""required"": ""guitar""}, {""code"": ""budget"", ""observed"": 45000, ""outcome"": ""pass"", ""required"": {""max"": 60000, ""min"": 30000}}, {""code"": ""condition"", ""observed"": ""good"", ""outcome"": ""not_applicable"", ""required"": null}, {""code"": ""place"", ""observed"": [""place-11-library""], ""outcome"": ""not_applicable"", ""required"": []}, {""code"": ""model"", ""observed"": ""OTHER-MODEL"", ""outcome"": ""not_applicable"", ""required"": null}]",,,,,,,,
guitar-search-exact__1104,guitar-search-exact,1104,dev,search,雅马哈 F310 吉他,"{""categoryId"": ""guitar"", ""maxPriceFen"": 60000, ""minCondition"": null, ""minPriceFen"": 30000, ""requiredModel"": null, ""requiredPlaceIds"": []}","{""asOf"": ""2026-09-26T00:00:00Z"", ""campusId"": null, ""viewerId"": null}",null,雅马哈 F310 吉他,"出售相同型号,价格见标价。",60001,good,ON_SALE,public,0,明确为所求型号/版本；同义或中英改写不改变需求对象。 资格不通过时最终标签为 0；关键条件未知且无已知失败时为 U。,"[{""code"": ""wanted_active"", ""observed"": null, ""outcome"": ""not_applicable"", ""required"": null}, {""code"": ""product_status"", ""observed"": {""deleted"": false, ""status"": ""ON_SALE""}, ""outcome"": ""pass"", ""required"": {""deleted"": false, ""status"": ""ON_SALE""}}, {""code"": ""visibility"", ""observed"": ""public"", ""outcome"": ""pass"", ""required"": ""trusted synthetic context must permit visibility""}, {""code"": ""not_self"", ""observed"": null, ""outcome"": ""not_applicable"", ""required"": null}, {""code"": ""category"", ""observed"": ""guitar"", ""outcome"": ""pass"", ""required"": ""guitar""}, {""code"": ""budget"", ""observed"": 60001, ""outcome"": ""fail"", ""required"": {""max"": 60000, ""min"": 30000}}, {""code"": ""condition"", ""observed"": ""good"", ""outcome"": ""not_applicable"", ""required"": null}, {""code"": ""place"", ""observed"": [""place-11-library""], ""outcome"": ""not_applicable"", ""required"": []}, {""code"": ""model"", ""observed"": ""F310"", ""outcome"": ""not_applicable"", ""required"": null}]",,,,,,,,
guitar-search-exact__1105,guitar-search-exact,1105,dev,search,雅马哈 F310 吉他,"{""categoryId"": ""guitar"", ""maxPriceFen"": 60000, ""minCondition"": null, ""minPriceFen"": 30000, ""requiredModel"": null, ""requiredPlaceIds"": []}","{""asOf"": ""2026-09-26T00:00:00Z"", ""campusId"": null, ""viewerId"": null}",null,雅马哈 F310 吉他,"相同型号,已完成交易。",45000,good,SOLD,public,0,明确为所求型号/版本；同义或中英改写不改变需求对象。 资格不通过时最终标签为 0；关键条件未知且无已知失败时为 U。,"[{""code"": ""wanted_active"", ""observed"": null, ""outcome"": ""not_applicable"", ""required"": null}, {""code"": ""product_status"", ""observed"": {""deleted"": false, ""status"": ""SOLD""}, ""outcome"": ""fail"", ""required"": {""deleted"": false, ""status"": ""ON_SALE""}}, {""code"": ""visibility"", ""observed"": ""public"", ""outcome"": ""pass"", ""required"": ""trusted synthetic context must permit visibility""}, {""code"": ""not_self"", ""observed"": null, ""outcome"": ""not_applicable"", ""required"": null}, {""code"": ""category"", ""observed"": ""guitar"", ""outcome"": ""pass"", ""required"": ""guitar""}, {""code"": ""budget"", ""observed"": 45000, ""outcome"": ""pass"", ""required"": {""max"": 60000, ""min"": 30000}}, {""code"": ""condition"", ""observed"": ""good"", ""outcome"": ""not_applicable"", ""required"": null}, {""code"": ""place"", ""observed"": [""place-11-library""], ""outcome"": ""not_applicable"", ""required"": []}, {""code"": ""model"", ""observed"": ""F310"", ""outcome"": ""not_applicable"", ""required"": null}]",,,,,,,,
guitar-search-exact__1106,guitar-search-exact,1106,dev,search,雅马哈 F310 吉他,"{""categoryId"": ""guitar"", ""maxPriceFen"": 60000, ""minCondition"": null, ""minPriceFen"": 30000, ""requiredModel"": null, ""requiredPlaceIds"": []}","{""asOf"": ""2026-09-26T00:00:00Z"", ""campusId"": null, ""viewerId"": null}",null,雅马哈 F310 吉他,请依据结构化状态核对资格。,45000,fair,ON_SALE,public,2,明确为所求型号/版本；同义或中英改写不改变需求对象。 资格不通过时最终标签为 0；关键条件未知且无已知失败时为 U。,"[{""code"": ""wanted_active"", ""observed"": null, ""outcome"": ""not_applicable"", ""required"": null}, {""code"": ""product_status"", ""observed"": {""deleted"": false, ""status"": ""ON_SALE""}, ""outcome"": ""pass"", ""required"": {""deleted"": false, ""status"": ""ON_SALE""}}, {""code"": ""visibility"", ""observed"": ""public"", ""outcome"": ""pass"", ""required"": ""trusted synthetic context must permit visibility""}, {""code"": ""not_self"", ""observed"": null, ""outcome"": ""not_applicable"", ""required"": null}, {""code"": ""category"", ""observed"": ""guitar"", ""outcome"": ""pass"", ""required"": ""guitar""}, {""code"": ""budget"", ""observed"": 45000, ""outcome"": ""pass"", ""required"": {""max"": 60000, ""min"": 30000}}, {""code"": ""condition"", ""observed"": ""fair"", ""outcome"": ""not_applicable"", ""required"": null}, {""code"": ""place"", ""observed"": [""place-11-library""], ""outcome"": ""not_applicable"", ""required"": []}, {""code"": ""model"", ""observed"": ""F310"", ""outcome"": ""not_applicable"", ""required"": null}]",,,,,,,,
guitar-search-natural__1101,guitar-search-natural,1101,dev,search,初学想收雅马哈 F310 民谣吉他,"{""categoryId"": ""guitar"", ""maxPriceFen"": 60000, ""minCondition"": null, ""minPriceFen"": 30000, ""requiredModel"": null, ""requiredPlaceIds"": []}","{""asOf"": ""2026-09-26T00:00:00Z"", ""campusId"": null, ""viewerId"": null}",null,雅马哈 F310 吉他,"功能正常,附带原装配件。",30000,good,ON_SALE,public,2,明确为所求型号/版本；同义或中英改写不改变需求对象。 资格不通过时最终标签为 0；关键条件未知且无已知失败时为 U。,"[{""code"": ""wanted_active"", ""observed"": null, ""outcome"": ""not_applicable"", ""required"": null}, {""code"": ""product_status"", ""observed"": {""deleted"": false, ""status"": ""ON_SALE""}, ""outcome"": ""pass"", ""required"": {""deleted"": false, ""status"": ""ON_SALE""}}, {""code"": ""visibility"", ""observed"": ""public"", ""outcome"": ""pass"", ""required"": ""trusted synthetic context must permit visibility""}, {""code"": ""not_self"", ""observed"": null, ""outcome"": ""not_applicable"", ""required"": null}, {""code"": ""category"", ""observed"": ""guitar"", ""outcome"": ""pass"", ""required"": ""guitar""}, {""code"": ""budget"", ""observed"": 30000, ""outcome"": ""pass"", ""required"": {""max"": 60000, ""min"": 30000}}, {""code"": ""condition"", ""observed"": ""good"", ""outcome"": ""not_applicable"", ""required"": null}, {""code"": ""place"", ""observed"": [""place-11-library""], ""outcome"": ""not_applicable"", ""required"": []}, {""code"": ""model"", ""observed"": ""F310"", ""outcome"": ""not_applicable"", ""required"": null}]",,,,,,,,
guitar-search-natural__1102,guitar-search-natural,1102,dev,search,初学想收雅马哈 F310 民谣吉他,"{""categoryId"": ""guitar"", ""maxPriceFen"": 60000, ""minCondition"": null, ""minPriceFen"": 30000, ""requiredModel"": null, ""requiredPlaceIds"": []}","{""asOf"": ""2026-09-26T00:00:00Z"", ""campusId"": null, ""viewerId"": null}",null,雅马哈 F310 入门民谣琴,"设备完好,可当面检查。",60000,good,ON_SALE,public,2,明确为所求型号/版本；同义或中英改写不改变需求对象。 资格不通过时最终标签为 0；关键条件未知且无已知失败时为 U。,"[{""code"": ""wanted_active"", ""observed"": null, ""outcome"": ""not_applicable"", ""required"": null}, {""code"": ""product_status"", ""observed"": {""deleted"": false, ""status"": ""ON_SALE""}, ""outcome"": ""pass"", ""required"": {""deleted"": false, ""status"": ""ON_SALE""}}, {""code"": ""visibility"", ""observed"": ""public"", ""outcome"": ""pass"", ""required"": ""trusted synthetic context must permit visibility""}, {""code"": ""not_self"", ""observed"": null, ""outcome"": ""not_applicable"", ""required"": null}, {""code"": ""category"", ""observed"": ""guitar"", ""outcome"": ""pass"", ""required"": ""guitar""}, {""code"": ""budget"", ""observed"": 60000, ""outcome"": ""pass"", ""required"": {""max"": 60000, ""min"": 30000}}, {""code"": ""condition"", ""observed"": ""good"", ""outcome"": ""not_applicable"", ""required"": null}, {""code"": ""place"", ""observed"": [""place-11-library""], ""outcome"": ""not_applicable"", ""required"": []}, {""code"": ""model"", ""observed"": ""F310"", ""outcome"": ""not_applicable"", ""required"": null}]",,,,,,,,
guitar-search-natural__1103,guitar-search-natural,1103,dev,search,初学想收雅马哈 F310 民谣吉他,"{""categoryId"": ""guitar"", ""maxPriceFen"": 60000, ""minCondition"": null, ""minPriceFen"": 30000, ""requiredModel"": null, ""requiredPlaceIds"": []}","{""asOf"": ""2026-09-26T00:00:00Z"", ""campusId"": null, ""viewerId"": null}",null,雅马哈 C40 古典吉他,"同类用品,具体型号与目标不同。",45000,good,ON_SALE,public,1,同类但不是指定型号/版本，仅部分相关。 资格不通过时最终标签为 0；关键条件未知且无已知失败时为 U。,"[{""code"": ""wanted_active"", ""observed"": null, ""outcome"": ""not_applicable"", ""required"": null}, {""code"": ""product_status"", ""observed"": {""deleted"": false, ""status"": ""ON_SALE""}, ""outcome"": ""pass"", ""required"": {""deleted"": false, ""status"": ""ON_SALE""}}, {""code"": ""visibility"", ""observed"": ""public"", ""outcome"": ""pass"", ""required"": ""trusted synthetic context must permit visibility""}, {""code"": ""not_self"", ""observed"": null, ""outcome"": ""not_applicable"", ""required"": null}, {""code"": ""category"", ""observed"": ""guitar"", ""outcome"": ""pass"", ""required"": ""guitar""}, {""code"": ""budget"", ""observed"": 45000, ""outcome"": ""pass"", ""required"": {""max"": 60000, ""min"": 30000}}, {""code"": ""condition"", ""observed"": ""good"", ""outcome"": ""not_applicable"", ""required"": null}, {""code"": ""place"", ""observed"": [""place-11-library""], ""outcome"": ""not_applicable"", ""required"": []}, {""code"": ""model"", ""observed"": ""OTHER-MODEL"", ""outcome"": ""not_applicable"", ""required"": null}]",,,,,,,,
guitar-search-natural__1104,guitar-search-natural,1104,dev,search,初学想收雅马哈 F310 民谣吉他,"{""categoryId"": ""guitar"", ""maxPriceFen"": 60000, ""minCondition"": null, ""minPriceFen"": 30000, ""requiredModel"": null, ""requiredPlaceIds"": []}","{""asOf"": ""2026-09-26T00:00:00Z"", ""campusId"": null, ""viewerId"": null}",null,雅马哈 F310 吉他,"出售相同型号,价格见标价。",60001,good,ON_SALE,public,0,明确为所求型号/版本；同义或中英改写不改变需求对象。 资格不通过时最终标签为 0；关键条件未知且无已知失败时为 U。,"[{""code"": ""wanted_active"", ""observed"": null, ""outcome"": ""not_applicable"", ""required"": null}, {""code"": ""product_status"", ""observed"": {""deleted"": false, ""status"": ""ON_SALE""}, ""outcome"": ""pass"", ""required"": {""deleted"": false, ""status"": ""ON_SALE""}}, {""code"": ""visibility"", ""observed"": ""public"", ""outcome"": ""pass"", ""required"": ""trusted synthetic context must permit visibility""}, {""code"": ""not_self"", ""observed"": null, ""outcome"": ""not_applicable"", ""required"": null}, {""code"": ""category"", ""observed"": ""guitar"", ""outcome"": ""pass"", ""required"": ""guitar""}, {""code"": ""budget"", ""observed"": 60001, ""outcome"": ""fail"", ""required"": {""max"": 60000, ""min"": 30000}}, {""code"": ""condition"", ""observed"": ""good"", ""outcome"": ""not_applicable"", ""required"": null}, {""code"": ""place"", ""observed"": [""place-11-library""], ""outcome"": ""not_applicable"", ""required"": []}, {""code"": ""model"", ""observed"": ""F310"", ""outcome"": ""not_applicable"", ""required"": null}]",,,,,,,,
guitar-search-natural__1105,guitar-search-natural,1105,dev,search,初学想收雅马哈 F310 民谣吉他,"{""categoryId"": ""guitar"", ""maxPriceFen"": 60000, ""minCondition"": null, ""minPriceFen"": 30000, ""requiredModel"": null, ""requiredPlaceIds"": []}","{""asOf"": ""2026-09-26T00:00:00Z"", ""campusId"": null, ""viewerId"": null}",null,雅马哈 F310 吉他,"相同型号,已完成交易。",45000,good,SOLD,public,0,明确为所求型号/版本；同义或中英改写不改变需求对象。 资格不通过时最终标签为 0；关键条件未知且无已知失败时为 U。,"[{""code"": ""wanted_active"", ""observed"": null, ""outcome"": ""not_applicable"", ""required"": null}, {""code"": ""product_status"", ""observed"": {""deleted"": false, ""status"": ""SOLD""}, ""outcome"": ""fail"", ""required"": {""deleted"": false, ""status"": ""ON_SALE""}}, {""code"": ""visibility"", ""observed"": ""public"", ""outcome"": ""pass"", ""required"": ""trusted synthetic context must permit visibility""}, {""code"": ""not_self"", ""observed"": null, ""outcome"": ""not_applicable"", ""required"": null}, {""code"": ""category"", ""observed"": ""guitar"", ""outcome"": ""pass"", ""required"": ""guitar""}, {""code"": ""budget"", ""observed"": 45000, ""outcome"": ""pass"", ""required"": {""max"": 60000, ""min"": 30000}}, {""code"": ""condition"", ""observed"": ""good"", ""outcome"": ""not_applicable"", ""required"": null}, {""code"": ""place"", ""observed"": [""place-11-library""], ""outcome"": ""not_applicable"", ""required"": []}, {""code"": ""model"", ""observed"": ""F310"", ""outcome"": ""not_applicable"", ""required"": null}]",,,,,,,,
guitar-search-natural__1106,guitar-search-natural,1106,dev,search,初学想收雅马哈 F310 民谣吉他,"{""categoryId"": ""guitar"", ""maxPriceFen"": 60000, ""minCondition"": null, ""minPriceFen"": 30000, ""requiredModel"": null, ""requiredPlaceIds"": []}","{""asOf"": ""2026-09-26T00:00:00Z"", ""campusId"": null, ""viewerId"": null}",null,雅马哈 F310 吉他,请依据结构化状态核对资格。,45000,fair,ON_SALE,public,2,明确为所求型号/版本；同义或中英改写不改变需求对象。 资格不通过时最终标签为 0；关键条件未知且无已知失败时为 U。,"[{""code"": ""wanted_active"", ""observed"": null, ""outcome"": ""not_applicable"", ""required"": null}, {""code"": ""product_status"", ""observed"": {""deleted"": false, ""status"": ""ON_SALE""}, ""outcome"": ""pass"", ""required"": {""deleted"": false, ""status"": ""ON_SALE""}}, {""code"": ""visibility"", ""observed"": ""public"", ""outcome"": ""pass"", ""required"": ""trusted synthetic context must permit visibility""}, {""code"": ""not_self"", ""observed"": null, ""outcome"": ""not_applicable"", ""required"": null}, {""code"": ""category"", ""observed"": ""guitar"", ""outcome"": ""pass"", ""required"": ""guitar""}, {""code"": ""budget"", ""observed"": 45000, ""outcome"": ""pass"", ""required"": {""max"": 60000, ""min"": 30000}}, {""code"": ""condition"", ""observed"": ""fair"", ""outcome"": ""not_applicable"", ""required"": null}, {""code"": ""place"", ""observed"": [""place-11-library""], ""outcome"": ""not_applicable"", ""required"": []}, {""code"": ""model"", ""observed"": ""F310"", ""outcome"": ""not_applicable"", ""required"": null}]",,,,,,,,
headphones-matching__901,headphones-matching,901,dev,matching,想买索尼 WH-1000XM4 降噪耳机,"{""categoryId"": ""headphones"", ""maxPriceFen"": 90000, ""minCondition"": ""good"", ""minPriceFen"": 50000, ""requiredModel"": ""WH-1000XM4"", ""requiredPlaceIds"": [""place-9-library""]}","{""asOf"": ""2026-09-26T00:00:00Z"", ""campusId"": ""campus-9"", ""viewerId"": ""8009""}","{""entityVersion"": 1, ""expiresAt"": ""2026-10-01T00:00:00+08:00"", ""ownerId"": ""8009"", ""status"": ""OPEN"", ""wantedId"": ""7009""}",索尼 WH-1000XM4 耳机,"功能正常,附带原装配件。",50000,good,ON_SALE,public,2,明确为所求型号/版本；同义或中英改写不改变需求对象。 资格不通过时最终标签为 0；关键条件未知且无已知失败时为 U。,"[{""code"": ""wanted_active"", ""observed"": {""expiresAt"": ""2026-10-01T00:00:00+08:00"", ""status"": ""OPEN""}, ""outcome"": ""pass"", ""required"": {""expiresAfter"": ""2026-09-26T00:00:00Z"", ""status"": ""OPEN""}}, {""code"": ""product_status"", ""observed"": {""deleted"": false, ""status"": ""ON_SALE""}, ""outcome"": ""pass"", ""required"": {""deleted"": false, ""status"": ""ON_SALE""}}, {""code"": ""visibility"", ""observed"": ""public"", ""outcome"": ""pass"", ""required"": ""trusted synthetic context must permit visibility""}, {""code"": ""not_self"", ""observed"": ""90901"", ""outcome"": ""pass"", ""required"": {""not"": ""8009""}}, {""code"": ""category"", ""observed"": ""headphones"", ""outcome"": ""pass"", ""required"": ""headphones""}, {""code"": ""budget"", ""observed"": 50000, ""outcome"": ""pass"", ""required"": {""max"": 90000, ""min"": 50000}}, {""code"": ""condition"", ""observed"": ""good"", ""outcome"": ""pass"", ""required"": ""good""}, {""code"": ""place"", ""observed"": [""place-9-library""], ""outcome"": ""pass"", ""required"": [""place-9-library""]}, {""code"": ""model"", ""observed"": ""WH-1000XM4"", ""outcome"": ""pass"", ""required"": ""WH-1000XM4""}]",,,,,,,,
headphones-matching__902,headphones-matching,902,dev,matching,想买索尼 WH-1000XM4 降噪耳机,"{""categoryId"": ""headphones"", ""maxPriceFen"": 90000, ""minCondition"": ""good"", ""minPriceFen"": 50000, ""requiredModel"": ""WH-1000XM4"", ""requiredPlaceIds"": [""place-9-library""]}","{""asOf"": ""2026-09-26T00:00:00Z"", ""campusId"": ""campus-9"", ""viewerId"": ""8009""}","{""entityVersion"": 1, ""expiresAt"": ""2026-10-01T00:00:00+08:00"", ""ownerId"": ""8009"", ""status"": ""OPEN"", ""wantedId"": ""7009""}",索尼 WH-1000XM4 头戴降噪耳机,"设备完好,可当面检查。",90000,good,ON_SALE,public,2,明确为所求型号/版本；同义或中英改写不改变需求对象。 资格不通过时最终标签为 0；关键条件未知且无已知失败时为 U。,"[{""code"": ""wanted_active"", ""observed"": {""expiresAt"": ""2026-10-01T00:00:00+08:00"", ""status"": ""OPEN""}, ""outcome"": ""pass"", ""required"": {""expiresAfter"": ""2026-09-26T00:00:00Z"", ""status"": ""OPEN""}}, {""code"": ""product_status"", ""observed"": {""deleted"": false, ""status"": ""ON_SALE""}, ""outcome"": ""pass"", ""required"": {""deleted"": false, ""status"": ""ON_SALE""}}, {""code"": ""visibility"", ""observed"": ""public"", ""outcome"": ""pass"", ""required"": ""trusted synthetic context must permit visibility""}, {""code"": ""not_self"", ""observed"": ""90902"", ""outcome"": ""pass"", ""required"": {""not"": ""8009""}}, {""code"": ""category"", ""observed"": ""headphones"", ""outcome"": ""pass"", ""required"": ""headphones""}, {""code"": ""budget"", ""observed"": 90000, ""outcome"": ""pass"", ""required"": {""max"": 90000, ""min"": 50000}}, {""code"": ""condition"", ""observed"": ""good"", ""outcome"": ""pass"", ""required"": ""good""}, {""code"": ""place"", ""observed"": [""place-9-library""], ""outcome"": ""pass"", ""required"": [""place-9-library""]}, {""code"": ""model"", ""observed"": ""WH-1000XM4"", ""outcome"": ""pass"", ""required"": ""WH-1000XM4""}]",,,,,,,,
headphones-matching__903,headphones-matching,903,dev,matching,想买索尼 WH-1000XM4 降噪耳机,"{""categoryId"": ""headphones"", ""maxPriceFen"": 90000, ""minCondition"": ""good"", ""minPriceFen"": 50000, ""requiredModel"": ""WH-1000XM4"", ""requiredPlaceIds"": [""place-9-library""]}","{""asOf"": ""2026-09-26T00:00:00Z"", ""campusId"": ""campus-9"", ""viewerId"": ""8009""}","{""entityVersion"": 1, ""expiresAt"": ""2026-10-01T00:00:00+08:00"", ""ownerId"": ""8009"", ""status"": ""OPEN"", ""wantedId"": ""7009""}",索尼 WH-1000XM3 耳机,"同类用品,具体型号与目标不同。",70000,good,ON_SALE,public,0,同类但不是指定型号/版本，仅部分相关。 资格不通过时最终标签为 0；关键条件未知且无已知失败时为 U。,"[{""code"": ""wanted_active"", ""observed"": {""expiresAt"": ""2026-10-01T00:00:00+08:00"", ""status"": ""OPEN""}, ""outcome"": ""pass"", ""required"": {""expiresAfter"": ""2026-09-26T00:00:00Z"", ""status"": ""OPEN""}}, {""code"": ""product_status"", ""observed"": {""deleted"": false, ""status"": ""ON_SALE""}, ""outcome"": ""pass"", ""required"": {""deleted"": false, ""status"": ""ON_SALE""}}, {""code"": ""visibility"", ""observed"": ""public"", ""outcome"": ""pass"", ""required"": ""trusted synthetic context must permit visibility""}, {""code"": ""not_self"", ""observed"": ""90903"", ""outcome"": ""pass"", ""required"": {""not"": ""8009""}}, {""code"": ""category"", ""observed"": ""headphones"", ""outcome"": ""pass"", ""required"": ""headphones""}, {""code"": ""budget"", ""observed"": 70000, ""outcome"": ""pass"", ""required"": {""max"": 90000, ""min"": 50000}}, {""code"": ""condition"", ""observed"": ""good"", ""outcome"": ""pass"", ""required"": ""good""}, {""code"": ""place"", ""observed"": [""place-9-library""], ""outcome"": ""pass"", ""required"": [""place-9-library""]}, {""code"": ""model"", ""observed"": ""OTHER-MODEL"", ""outcome"": ""fail"", ""required"": ""WH-1000XM4""}]",,,,,,,,
headphones-matching__904,headphones-matching,904,dev,matching,想买索尼 WH-1000XM4 降噪耳机,"{""categoryId"": ""headphones"", ""maxPriceFen"": 90000, ""minCondition"": ""good"", ""minPriceFen"": 50000, ""requiredModel"": ""WH-1000XM4"", ""requiredPlaceIds"": [""place-9-library""]}","{""asOf"": ""2026-09-26T00:00:00Z"", ""campusId"": ""campus-9"", ""viewerId"": ""8009""}","{""entityVersion"": 1, ""expiresAt"": ""2026-10-01T00:00:00+08:00"", ""ownerId"": ""8009"", ""status"": ""OPEN"", ""wantedId"": ""7009""}",索尼 WH-1000XM4 耳机,"出售相同型号,价格见标价。",90001,good,ON_SALE,public,0,明确为所求型号/版本；同义或中英改写不改变需求对象。 资格不通过时最终标签为 0；关键条件未知且无已知失败时为 U。,"[{""code"": ""wanted_active"", ""observed"": {""expiresAt"": ""2026-10-01T00:00:00+08:00"", ""status"": ""OPEN""}, ""outcome"": ""pass"", ""required"": {""expiresAfter"": ""2026-09-26T00:00:00Z"", ""status"": ""OPEN""}}, {""code"": ""product_status"", ""observed"": {""deleted"": false, ""status"": ""ON_SALE""}, ""outcome"": ""pass"", ""required"": {""deleted"": false, ""status"": ""ON_SALE""}}, {""code"": ""visibility"", ""observed"": ""public"", ""outcome"": ""pass"", ""required"": ""trusted synthetic context must permit visibility""}, {""code"": ""not_self"", ""observed"": ""90904"", ""outcome"": ""pass"", ""required"": {""not"": ""8009""}}, {""code"": ""category"", ""observed"": ""headphones"", ""outcome"": ""pass"", ""required"": ""headphones""}, {""code"": ""budget"", ""observed"": 90001, ""outcome"": ""fail"", ""required"": {""max"": 90000, ""min"": 50000}}, {""code"": ""condition"", ""observed"": ""good"", ""outcome"": ""pass"", ""required"": ""good""}, {""code"": ""place"", ""observed"": [""place-9-library""], ""outcome"": ""pass"", ""required"": [""place-9-library""]}, {""code"": ""model"", ""observed"": ""WH-1000XM4"", ""outcome"": ""pass"", ""required"": ""WH-1000XM4""}]",,,,,,,,
headphones-matching__905,headphones-matching,905,dev,matching,想买索尼 WH-1000XM4 降噪耳机,"{""categoryId"": ""headphones"", ""maxPriceFen"": 90000, ""minCondition"": ""good"", ""minPriceFen"": 50000, ""requiredModel"": ""WH-1000XM4"", ""requiredPlaceIds"": [""place-9-library""]}","{""asOf"": ""2026-09-26T00:00:00Z"", ""campusId"": ""campus-9"", ""viewerId"": ""8009""}","{""entityVersion"": 1, ""expiresAt"": ""2026-10-01T00:00:00+08:00"", ""ownerId"": ""8009"", ""status"": ""OPEN"", ""wantedId"": ""7009""}",索尼 WH-1000XM4 耳机,"相同型号,已完成交易。",70000,good,SOLD,public,0,明确为所求型号/版本；同义或中英改写不改变需求对象。 资格不通过时最终标签为 0；关键条件未知且无已知失败时为 U。,"[{""code"": ""wanted_active"", ""observed"": {""expiresAt"": ""2026-10-01T00:00:00+08:00"", ""status"": ""OPEN""}, ""outcome"": ""pass"", ""required"": {""expiresAfter"": ""2026-09-26T00:00:00Z"", ""status"": ""OPEN""}}, {""code"": ""product_status"", ""observed"": {""deleted"": false, ""status"": ""SOLD""}, ""outcome"": ""fail"", ""required"": {""deleted"": false, ""status"": ""ON_SALE""}}, {""code"": ""visibility"", ""observed"": ""public"", ""outcome"": ""pass"", ""required"": ""trusted synthetic context must permit visibility""}, {""code"": ""not_self"", ""observed"": ""90905"", ""outcome"": ""pass"", ""required"": {""not"": ""8009""}}, {""code"": ""category"", ""observed"": ""headphones"", ""outcome"": ""pass"", ""required"": ""headphones""}, {""code"": ""budget"", ""observed"": 70000, ""outcome"": ""pass"", ""required"": {""max"": 90000, ""min"": 50000}}, {""code"": ""condition"", ""observed"": ""good"", ""outcome"": ""pass"", ""required"": ""good""}, {""code"": ""place"", ""observed"": [""place-9-library""], ""outcome"": ""pass"", ""required"": [""place-9-library""]}, {""code"": ""model"", ""observed"": ""WH-1000XM4"", ""outcome"": ""pass"", ""required"": ""WH-1000XM4""}]",,,,,,,,
headphones-matching__906,headphones-matching,906,dev,matching,想买索尼 WH-1000XM4 降噪耳机,"{""categoryId"": ""headphones"", ""maxPriceFen"": 90000, ""minCondition"": ""good"", ""minPriceFen"": 50000, ""requiredModel"": ""WH-1000XM4"", ""requiredPlaceIds"": [""place-9-library""]}","{""asOf"": ""2026-09-26T00:00:00Z"", ""campusId"": ""campus-9"", ""viewerId"": ""8009""}","{""entityVersion"": 1, ""expiresAt"": ""2026-10-01T00:00:00+08:00"", ""ownerId"": ""8009"", ""status"": ""OPEN"", ""wantedId"": ""7009""}",索尼 WH-1000XM4 耳机,请依据结构化状态核对资格。,70000,good,ON_SALE,public,0,明确为所求型号/版本；同义或中英改写不改变需求对象。 资格不通过时最终标签为 0；关键条件未知且无已知失败时为 U。,"[{""code"": ""wanted_active"", ""observed"": {""expiresAt"": ""2026-10-01T00:00:00+08:00"", ""status"": ""OPEN""}, ""outcome"": ""pass"", ""required"": {""expiresAfter"": ""2026-09-26T00:00:00Z"", ""status"": ""OPEN""}}, {""code"": ""product_status"", ""observed"": {""deleted"": true, ""status"": ""ON_SALE""}, ""outcome"": ""fail"", ""required"": {""deleted"": false, ""status"": ""ON_SALE""}}, {""code"": ""visibility"", ""observed"": ""public"", ""outcome"": ""pass"", ""required"": ""trusted synthetic context must permit visibility""}, {""code"": ""not_self"", ""observed"": ""90906"", ""outcome"": ""pass"", ""required"": {""not"": ""8009""}}, {""code"": ""category"", ""observed"": ""headphones"", ""outcome"": ""pass"", ""required"": ""headphones""}, {""code"": ""budget"", ""observed"": 70000, ""outcome"": ""pass"", ""required"": {""max"": 90000, ""min"": 50000}}, {""code"": ""condition"", ""observed"": ""good"", ""outcome"": ""pass"", ""required"": ""good""}, {""code"": ""place"", ""observed"": [""place-9-library""], ""outcome"": ""pass"", ""required"": [""place-9-library""]}, {""code"": ""model"", ""observed"": ""WH-1000XM4"", ""outcome"": ""pass"", ""required"": ""WH-1000XM4""}]",,,,,,,,
headphones-search-exact__901,headphones-search-exact,901,dev,search,索尼 WH-1000XM4 耳机,"{""categoryId"": ""headphones"", ""maxPriceFen"": 90000, ""minCondition"": null, ""minPriceFen"": 50000, ""requiredModel"": null, ""requiredPlaceIds"": []}","{""asOf"": ""2026-09-26T00:00:00Z"", ""campusId"": null, ""viewerId"": null}",null,索尼 WH-1000XM4 耳机,"功能正常,附带原装配件。",50000,good,ON_SALE,public,2,明确为所求型号/版本；同义或中英改写不改变需求对象。 资格不通过时最终标签为 0；关键条件未知且无已知失败时为 U。,"[{""code"": ""wanted_active"", ""observed"": null, ""outcome"": ""not_applicable"", ""required"": null}, {""code"": ""product_status"", ""observed"": {""deleted"": false, ""status"": ""ON_SALE""}, ""outcome"": ""pass"", ""required"": {""deleted"": false, ""status"": ""ON_SALE""}}, {""code"": ""visibility"", ""observed"": ""public"", ""outcome"": ""pass"", ""required"": ""trusted synthetic context must permit visibility""}, {""code"": ""not_self"", ""observed"": null, ""outcome"": ""not_applicable"", ""required"": null}, {""code"": ""category"", ""observed"": ""headphones"", ""outcome"": ""pass"", ""required"": ""headphones""}, {""code"": ""budget"", ""observed"": 50000, ""outcome"": ""pass"", ""required"": {""max"": 90000, ""min"": 50000}}, {""code"": ""condition"", ""observed"": ""good"", ""outcome"": ""not_applicable"", ""required"": null}, {""code"": ""place"", ""observed"": [""place-9-library""], ""outcome"": ""not_applicable"", ""required"": []}, {""code"": ""model"", ""observed"": ""WH-1000XM4"", ""outcome"": ""not_applicable"", ""required"": null}]",,,,,,,,
headphones-search-exact__902,headphones-search-exact,902,dev,search,索尼 WH-1000XM4 耳机,"{""categoryId"": ""headphones"", ""maxPriceFen"": 90000, ""minCondition"": null, ""minPriceFen"": 50000, ""requiredModel"": null, ""requiredPlaceIds"": []}","{""asOf"": ""2026-09-26T00:00:00Z"", ""campusId"": null, ""viewerId"": null}",null,索尼 WH-1000XM4 头戴降噪耳机,"设备完好,可当面检查。",90000,good,ON_SALE,public,2,明确为所求型号/版本；同义或中英改写不改变需求对象。 资格不通过时最终标签为 0；关键条件未知且无已知失败时为 U。,"[{""code"": ""wanted_active"", ""observed"": null, ""outcome"": ""not_applicable"", ""required"": null}, {""code"": ""product_status"", ""observed"": {""deleted"": false, ""status"": ""ON_SALE""}, ""outcome"": ""pass"", ""required"": {""deleted"": false, ""status"": ""ON_SALE""}}, {""code"": ""visibility"", ""observed"": ""public"", ""outcome"": ""pass"", ""required"": ""trusted synthetic context must permit visibility""}, {""code"": ""not_self"", ""observed"": null, ""outcome"": ""not_applicable"", ""required"": null}, {""code"": ""category"", ""observed"": ""headphones"", ""outcome"": ""pass"", ""required"": ""headphones""}, {""code"": ""budget"", ""observed"": 90000, ""outcome"": ""pass"", ""required"": {""max"": 90000, ""min"": 50000}}, {""code"": ""condition"", ""observed"": ""good"", ""outcome"": ""not_applicable"", ""required"": null}, {""code"": ""place"", ""observed"": [""place-9-library""], ""outcome"": ""not_applicable"", ""required"": []}, {""code"": ""model"", ""observed"": ""WH-1000XM4"", ""outcome"": ""not_applicable"", ""required"": null}]",,,,,,,,
headphones-search-exact__903,headphones-search-exact,903,dev,search,索尼 WH-1000XM4 耳机,"{""categoryId"": ""headphones"", ""maxPriceFen"": 90000, ""minCondition"": null, ""minPriceFen"": 50000, ""requiredModel"": null, ""requiredPlaceIds"": []}","{""asOf"": ""2026-09-26T00:00:00Z"", ""campusId"": null, ""viewerId"": null}",null,索尼 WH-1000XM3 耳机,"同类用品,具体型号与目标不同。",70000,good,ON_SALE,public,1,同类但不是指定型号/版本，仅部分相关。 资格不通过时最终标签为 0；关键条件未知且无已知失败时为 U。,"[{""code"": ""wanted_active"", ""observed"": null, ""outcome"": ""not_applicable"", ""required"": null}, {""code"": ""product_status"", ""observed"": {""deleted"": false, ""status"": ""ON_SALE""}, ""outcome"": ""pass"", ""required"": {""deleted"": false, ""status"": ""ON_SALE""}}, {""code"": ""visibility"", ""observed"": ""public"", ""outcome"": ""pass"", ""required"": ""trusted synthetic context must permit visibility""}, {""code"": ""not_self"", ""observed"": null, ""outcome"": ""not_applicable"", ""required"": null}, {""code"": ""category"", ""observed"": ""headphones"", ""outcome"": ""pass"", ""required"": ""headphones""}, {""code"": ""budget"", ""observed"": 70000, ""outcome"": ""pass"", ""required"": {""max"": 90000, ""min"": 50000}}, {""code"": ""condition"", ""observed"": ""good"", ""outcome"": ""not_applicable"", ""required"": null}, {""code"": ""place"", ""observed"": [""place-9-library""], ""outcome"": ""not_applicable"", ""required"": []}, {""code"": ""model"", ""observed"": ""OTHER-MODEL"", ""outcome"": ""not_applicable"", ""required"": null}]",,,,,,,,
headphones-search-exact__904,headphones-search-exact,904,dev,search,索尼 WH-1000XM4 耳机,"{""categoryId"": ""headphones"", ""maxPriceFen"": 90000, ""minCondition"": null, ""minPriceFen"": 50000, ""requiredModel"": null, ""requiredPlaceIds"": []}","{""asOf"": ""2026-09-26T00:00:00Z"", ""campusId"": null, ""viewerId"": null}",null,索尼 WH-1000XM4 耳机,"出售相同型号,价格见标价。",90001,good,ON_SALE,public,0,明确为所求型号/版本；同义或中英改写不改变需求对象。 资格不通过时最终标签为 0；关键条件未知且无已知失败时为 U。,"[{""code"": ""wanted_active"", ""observed"": null, ""outcome"": ""not_applicable"", ""required"": null}, {""code"": ""product_status"", ""observed"": {""deleted"": false, ""status"": ""ON_SALE""}, ""outcome"": ""pass"", ""required"": {""deleted"": false, ""status"": ""ON_SALE""}}, {""code"": ""visibility"", ""observed"": ""public"", ""outcome"": ""pass"", ""required"": ""trusted synthetic context must permit visibility""}, {""code"": ""not_self"", ""observed"": null, ""outcome"": ""not_applicable"", ""required"": null}, {""code"": ""category"", ""observed"": ""headphones"", ""outcome"": ""pass"", ""required"": ""headphones""}, {""code"": ""budget"", ""observed"": 90001, ""outcome"": ""fail"", ""required"": {""max"": 90000, ""min"": 50000}}, {""code"": ""condition"", ""observed"": ""good"", ""outcome"": ""not_applicable"", ""required"": null}, {""code"": ""place"", ""observed"": [""place-9-library""], ""outcome"": ""not_applicable"", ""required"": []}, {""code"": ""model"", ""observed"": ""WH-1000XM4"", ""outcome"": ""not_applicable"", ""required"": null}]",,,,,,,,
headphones-search-exact__905,headphones-search-exact,905,dev,search,索尼 WH-1000XM4 耳机,"{""categoryId"": ""headphones"", ""maxPriceFen"": 90000, ""minCondition"": null, ""minPriceFen"": 50000, ""requiredModel"": null, ""requiredPlaceIds"": []}","{""asOf"": ""2026-09-26T00:00:00Z"", ""campusId"": null, ""viewerId"": null}",null,索尼 WH-1000XM4 耳机,"相同型号,已完成交易。",70000,good,SOLD,public,0,明确为所求型号/版本；同义或中英改写不改变需求对象。 资格不通过时最终标签为 0；关键条件未知且无已知失败时为 U。,"[{""code"": ""wanted_active"", ""observed"": null, ""outcome"": ""not_applicable"", ""required"": null}, {""code"": ""product_status"", ""observed"": {""deleted"": false, ""status"": ""SOLD""}, ""outcome"": ""fail"", ""required"": {""deleted"": false, ""status"": ""ON_SALE""}}, {""code"": ""visibility"", ""observed"": ""public"", ""outcome"": ""pass"", ""required"": ""trusted synthetic context must permit visibility""}, {""code"": ""not_self"", ""observed"": null, ""outcome"": ""not_applicable"", ""required"": null}, {""code"": ""category"", ""observed"": ""headphones"", ""outcome"": ""pass"", ""required"": ""headphones""}, {""code"": ""budget"", ""observed"": 70000, ""outcome"": ""pass"", ""required"": {""max"": 90000, ""min"": 50000}}, {""code"": ""condition"", ""observed"": ""good"", ""outcome"": ""not_applicable"", ""required"": null}, {""code"": ""place"", ""observed"": [""place-9-library""], ""outcome"": ""not_applicable"", ""required"": []}, {""code"": ""model"", ""observed"": ""WH-1000XM4"", ""outcome"": ""not_applicable"", ""required"": null}]",,,,,,,,
headphones-search-exact__906,headphones-search-exact,906,dev,search,索尼 WH-1000XM4 耳机,"{""categoryId"": ""headphones"", ""maxPriceFen"": 90000, ""minCondition"": null, ""minPriceFen"": 50000, ""requiredModel"": null, ""requiredPlaceIds"": []}","{""asOf"": ""2026-09-26T00:00:00Z"", ""campusId"": null, ""viewerId"": null}",null,索尼 WH-1000XM4 耳机,请依据结构化状态核对资格。,70000,good,ON_SALE,public,0,明确为所求型号/版本；同义或中英改写不改变需求对象。 资格不通过时最终标签为 0；关键条件未知且无已知失败时为 U。,"[{""code"": ""wanted_active"", ""observed"": null, ""outcome"": ""not_applicable"", ""required"": null}, {""code"": ""product_status"", ""observed"": {""deleted"": true, ""status"": ""ON_SALE""}, ""outcome"": ""fail"", ""required"": {""deleted"": false, ""status"": ""ON_SALE""}}, {""code"": ""visibility"", ""observed"": ""public"", ""outcome"": ""pass"", ""required"": ""trusted synthetic context must permit visibility""}, {""code"": ""not_self"", ""observed"": null, ""outcome"": ""not_applicable"", ""required"": null}, {""code"": ""category"", ""observed"": ""headphones"", ""outcome"": ""pass"", ""required"": ""headphones""}, {""code"": ""budget"", ""observed"": 70000, ""outcome"": ""pass"", ""required"": {""max"": 90000, ""min"": 50000}}, {""code"": ""condition"", ""observed"": ""good"", ""outcome"": ""not_applicable"", ""required"": null}, {""code"": ""place"", ""observed"": [""place-9-library""], ""outcome"": ""not_applicable"", ""required"": []}, {""code"": ""model"", ""observed"": ""WH-1000XM4"", ""outcome"": ""not_applicable"", ""required"": null}]",,,,,,,,
headphones-search-natural__901,headphones-search-natural,901,dev,search,想买索尼 WH-1000XM4 降噪耳机,"{""categoryId"": ""headphones"", ""maxPriceFen"": 90000, ""minCondition"": null, ""minPriceFen"": 50000, ""requiredModel"": null, ""requiredPlaceIds"": []}","{""asOf"": ""2026-09-26T00:00:00Z"", ""campusId"": null, ""viewerId"": null}",null,索尼 WH-1000XM4 耳机,"功能正常,附带原装配件。",50000,good,ON_SALE,public,2,明确为所求型号/版本；同义或中英改写不改变需求对象。 资格不通过时最终标签为 0；关键条件未知且无已知失败时为 U。,"[{""code"": ""wanted_active"", ""observed"": null, ""outcome"": ""not_applicable"", ""required"": null}, {""code"": ""product_status"", ""observed"": {""deleted"": false, ""status"": ""ON_SALE""}, ""outcome"": ""pass"", ""required"": {""deleted"": false, ""status"": ""ON_SALE""}}, {""code"": ""visibility"", ""observed"": ""public"", ""outcome"": ""pass"", ""required"": ""trusted synthetic context must permit visibility""}, {""code"": ""not_self"", ""observed"": null, ""outcome"": ""not_applicable"", ""required"": null}, {""code"": ""category"", ""observed"": ""headphones"", ""outcome"": ""pass"", ""required"": ""headphones""}, {""code"": ""budget"", ""observed"": 50000, ""outcome"": ""pass"", ""required"": {""max"": 90000, ""min"": 50000}}, {""code"": ""condition"", ""observed"": ""good"", ""outcome"": ""not_applicable"", ""required"": null}, {""code"": ""place"", ""observed"": [""place-9-library""], ""outcome"": ""not_applicable"", ""required"": []}, {""code"": ""model"", ""observed"": ""WH-1000XM4"", ""outcome"": ""not_applicable"", ""required"": null}]",,,,,,,,
headphones-search-natural__902,headphones-search-natural,902,dev,search,想买索尼 WH-1000XM4 降噪耳机,"{""categoryId"": ""headphones"", ""maxPriceFen"": 90000, ""minCondition"": null, ""minPriceFen"": 50000, ""requiredModel"": null, ""requiredPlaceIds"": []}","{""asOf"": ""2026-09-26T00:00:00Z"", ""campusId"": null, ""viewerId"": null}",null,索尼 WH-1000XM4 头戴降噪耳机,"设备完好,可当面检查。",90000,good,ON_SALE,public,2,明确为所求型号/版本；同义或中英改写不改变需求对象。 资格不通过时最终标签为 0；关键条件未知且无已知失败时为 U。,"[{""code"": ""wanted_active"", ""observed"": null, ""outcome"": ""not_applicable"", ""required"": null}, {""code"": ""product_status"", ""observed"": {""deleted"": false, ""status"": ""ON_SALE""}, ""outcome"": ""pass"", ""required"": {""deleted"": false, ""status"": ""ON_SALE""}}, {""code"": ""visibility"", ""observed"": ""public"", ""outcome"": ""pass"", ""required"": ""trusted synthetic context must permit visibility""}, {""code"": ""not_self"", ""observed"": null, ""outcome"": ""not_applicable"", ""required"": null}, {""code"": ""category"", ""observed"": ""headphones"", ""outcome"": ""pass"", ""required"": ""headphones""}, {""code"": ""budget"", ""observed"": 90000, ""outcome"": ""pass"", ""required"": {""max"": 90000, ""min"": 50000}}, {""code"": ""condition"", ""observed"": ""good"", ""outcome"": ""not_applicable"", ""required"": null}, {""code"": ""place"", ""observed"": [""place-9-library""], ""outcome"": ""not_applicable"", ""required"": []}, {""code"": ""model"", ""observed"": ""WH-1000XM4"", ""outcome"": ""not_applicable"", ""required"": null}]",,,,,,,,
headphones-search-natural__903,headphones-search-natural,903,dev,search,想买索尼 WH-1000XM4 降噪耳机,"{""categoryId"": ""headphones"", ""maxPriceFen"": 90000, ""minCondition"": null, ""minPriceFen"": 50000, ""requiredModel"": null, ""requiredPlaceIds"": []}","{""asOf"": ""2026-09-26T00:00:00Z"", ""campusId"": null, ""viewerId"": null}",null,索尼 WH-1000XM3 耳机,"同类用品,具体型号与目标不同。",70000,good,ON_SALE,public,1,同类但不是指定型号/版本，仅部分相关。 资格不通过时最终标签为 0；关键条件未知且无已知失败时为 U。,"[{""code"": ""wanted_active"", ""observed"": null, ""outcome"": ""not_applicable"", ""required"": null}, {""code"": ""product_status"", ""observed"": {""deleted"": false, ""status"": ""ON_SALE""}, ""outcome"": ""pass"", ""required"": {""deleted"": false, ""status"": ""ON_SALE""}}, {""code"": ""visibility"", ""observed"": ""public"", ""outcome"": ""pass"", ""required"": ""trusted synthetic context must permit visibility""}, {""code"": ""not_self"", ""observed"": null, ""outcome"": ""not_applicable"", ""required"": null}, {""code"": ""category"", ""observed"": ""headphones"", ""outcome"": ""pass"", ""required"": ""headphones""}, {""code"": ""budget"", ""observed"": 70000, ""outcome"": ""pass"", ""required"": {""max"": 90000, ""min"": 50000}}, {""code"": ""condition"", ""observed"": ""good"", ""outcome"": ""not_applicable"", ""required"": null}, {""code"": ""place"", ""observed"": [""place-9-library""], ""outcome"": ""not_applicable"", ""required"": []}, {""code"": ""model"", ""observed"": ""OTHER-MODEL"", ""outcome"": ""not_applicable"", ""required"": null}]",,,,,,,,
headphones-search-natural__904,headphones-search-natural,904,dev,search,想买索尼 WH-1000XM4 降噪耳机,"{""categoryId"": ""headphones"", ""maxPriceFen"": 90000, ""minCondition"": null, ""minPriceFen"": 50000, ""requiredModel"": null, ""requiredPlaceIds"": []}","{""asOf"": ""2026-09-26T00:00:00Z"", ""campusId"": null, ""viewerId"": null}",null,索尼 WH-1000XM4 耳机,"出售相同型号,价格见标价。",90001,good,ON_SALE,public,0,明确为所求型号/版本；同义或中英改写不改变需求对象。 资格不通过时最终标签为 0；关键条件未知且无已知失败时为 U。,"[{""code"": ""wanted_active"", ""observed"": null, ""outcome"": ""not_applicable"", ""required"": null}, {""code"": ""product_status"", ""observed"": {""deleted"": false, ""status"": ""ON_SALE""}, ""outcome"": ""pass"", ""required"": {""deleted"": false, ""status"": ""ON_SALE""}}, {""code"": ""visibility"", ""observed"": ""public"", ""outcome"": ""pass"", ""required"": ""trusted synthetic context must permit visibility""}, {""code"": ""not_self"", ""observed"": null, ""outcome"": ""not_applicable"", ""required"": null}, {""code"": ""category"", ""observed"": ""headphones"", ""outcome"": ""pass"", ""required"": ""headphones""}, {""code"": ""budget"", ""observed"": 90001, ""outcome"": ""fail"", ""required"": {""max"": 90000, ""min"": 50000}}, {""code"": ""condition"", ""observed"": ""good"", ""outcome"": ""not_applicable"", ""required"": null}, {""code"": ""place"", ""observed"": [""place-9-library""], ""outcome"": ""not_applicable"", ""required"": []}, {""code"": ""model"", ""observed"": ""WH-1000XM4"", ""outcome"": ""not_applicable"", ""required"": null}]",,,,,,,,
headphones-search-natural__905,headphones-search-natural,905,dev,search,想买索尼 WH-1000XM4 降噪耳机,"{""categoryId"": ""headphones"", ""maxPriceFen"": 90000, ""minCondition"": null, ""minPriceFen"": 50000, ""requiredModel"": null, ""requiredPlaceIds"": []}","{""asOf"": ""2026-09-26T00:00:00Z"", ""campusId"": null, ""viewerId"": null}",null,索尼 WH-1000XM4 耳机,"相同型号,已完成交易。",70000,good,SOLD,public,0,明确为所求型号/版本；同义或中英改写不改变需求对象。 资格不通过时最终标签为 0；关键条件未知且无已知失败时为 U。,"[{""code"": ""wanted_active"", ""observed"": null, ""outcome"": ""not_applicable"", ""required"": null}, {""code"": ""product_status"", ""observed"": {""deleted"": false, ""status"": ""SOLD""}, ""outcome"": ""fail"", ""required"": {""deleted"": false, ""status"": ""ON_SALE""}}, {""code"": ""visibility"", ""observed"": ""public"", ""outcome"": ""pass"", ""required"": ""trusted synthetic context must permit visibility""}, {""code"": ""not_self"", ""observed"": null, ""outcome"": ""not_applicable"", ""required"": null}, {""code"": ""category"", ""observed"": ""headphones"", ""outcome"": ""pass"", ""required"": ""headphones""}, {""code"": ""budget"", ""observed"": 70000, ""outcome"": ""pass"", ""required"": {""max"": 90000, ""min"": 50000}}, {""code"": ""condition"", ""observed"": ""good"", ""outcome"": ""not_applicable"", ""required"": null}, {""code"": ""place"", ""observed"": [""place-9-library""], ""outcome"": ""not_applicable"", ""required"": []}, {""code"": ""model"", ""observed"": ""WH-1000XM4"", ""outcome"": ""not_applicable"", ""required"": null}]",,,,,,,,
headphones-search-natural__906,headphones-search-natural,906,dev,search,想买索尼 WH-1000XM4 降噪耳机,"{""categoryId"": ""headphones"", ""maxPriceFen"": 90000, ""minCondition"": null, ""minPriceFen"": 50000, ""requiredModel"": null, ""requiredPlaceIds"": []}","{""asOf"": ""2026-09-26T00:00:00Z"", ""campusId"": null, ""viewerId"": null}",null,索尼 WH-1000XM4 耳机,请依据结构化状态核对资格。,70000,good,ON_SALE,public,0,明确为所求型号/版本；同义或中英改写不改变需求对象。 资格不通过时最终标签为 0；关键条件未知且无已知失败时为 U。,"[{""code"": ""wanted_active"", ""observed"": null, ""outcome"": ""not_applicable"", ""required"": null}, {""code"": ""product_status"", ""observed"": {""deleted"": true, ""status"": ""ON_SALE""}, ""outcome"": ""fail"", ""required"": {""deleted"": false, ""status"": ""ON_SALE""}}, {""code"": ""visibility"", ""observed"": ""public"", ""outcome"": ""pass"", ""required"": ""trusted synthetic context must permit visibility""}, {""code"": ""not_self"", ""observed"": null, ""outcome"": ""not_applicable"", ""required"": null}, {""code"": ""category"", ""observed"": ""headphones"", ""outcome"": ""pass"", ""required"": ""headphones""}, {""code"": ""budget"", ""observed"": 70000, ""outcome"": ""pass"", ""required"": {""max"": 90000, ""min"": 50000}}, {""code"": ""condition"", ""observed"": ""good"", ""outcome"": ""not_applicable"", ""required"": null}, {""code"": ""place"", ""observed"": [""place-9-library""], ""outcome"": ""not_applicable"", ""required"": []}, {""code"": ""model"", ""observed"": ""WH-1000XM4"", ""outcome"": ""not_applicable"", ""required"": null}]",,,,,,,,
keyboard-matching__501,keyboard-matching,501,test_candidate,matching,想收罗技 K380 便携键盘,"{""categoryId"": ""keyboard"", ""maxPriceFen"": 15000, ""minCondition"": ""good"", ""minPriceFen"": 5000, ""requiredModel"": ""K380"", ""requiredPlaceIds"": [""place-5-library""]}","{""asOf"": ""2026-09-26T00:00:00Z"", ""campusId"": ""campus-5"", ""viewerId"": ""8005""}","{""entityVersion"": 1, ""expiresAt"": ""2026-10-01T00:00:00+08:00"", ""ownerId"": ""8005"", ""status"": ""OPEN"", ""wantedId"": ""7005""}",罗技 K380 蓝牙键盘,"功能正常,附带原装配件。",5000,good,ON_SALE,public,2,明确为所求型号/版本；同义或中英改写不改变需求对象。 资格不通过时最终标签为 0；关键条件未知且无已知失败时为 U。,"[{""code"": ""wanted_active"", ""observed"": {""expiresAt"": ""2026-10-01T00:00:00+08:00"", ""status"": ""OPEN""}, ""outcome"": ""pass"", ""required"": {""expiresAfter"": ""2026-09-26T00:00:00Z"", ""status"": ""OPEN""}}, {""code"": ""product_status"", ""observed"": {""deleted"": false, ""status"": ""ON_SALE""}, ""outcome"": ""pass"", ""required"": {""deleted"": false, ""status"": ""ON_SALE""}}, {""code"": ""visibility"", ""observed"": ""public"", ""outcome"": ""pass"", ""required"": ""trusted synthetic context must permit visibility""}, {""code"": ""not_self"", ""observed"": ""90501"", ""outcome"": ""pass"", ""required"": {""not"": ""8005""}}, {""code"": ""category"", ""observed"": ""keyboard"", ""outcome"": ""pass"", ""required"": ""keyboard""}, {""code"": ""budget"", ""observed"": 5000, ""outcome"": ""pass"", ""required"": {""max"": 15000, ""min"": 5000}}, {""code"": ""condition"", ""observed"": ""good"", ""outcome"": ""pass"", ""required"": ""good""}, {""code"": ""place"", ""observed"": [""place-5-library""], ""outcome"": ""pass"", ""required"": [""place-5-library""]}, {""code"": ""model"", ""observed"": ""K380"", ""outcome"": ""pass"", ""required"": ""K380""}]",,,,,,,,
keyboard-matching__502,keyboard-matching,502,test_candidate,matching,想收罗技 K380 便携键盘,"{""categoryId"": ""keyboard"", ""maxPriceFen"": 15000, ""minCondition"": ""good"", ""minPriceFen"": 5000, ""requiredModel"": ""K380"", ""requiredPlaceIds"": [""place-5-library""]}","{""asOf"": ""2026-09-26T00:00:00Z"", ""campusId"": ""campus-5"", ""viewerId"": ""8005""}","{""entityVersion"": 1, ""expiresAt"": ""2026-10-01T00:00:00+08:00"", ""ownerId"": ""8005"", ""status"": ""OPEN"", ""wantedId"": ""7005""}",罗技 K380 便携多设备打字键盘,"设备完好,可当面检查。",15000,good,ON_SALE,public,2,明确为所求型号/版本；同义或中英改写不改变需求对象。 资格不通过时最终标签为 0；关键条件未知且无已知失败时为 U。,"[{""code"": ""wanted_active"", ""observed"": {""expiresAt"": ""2026-10-01T00:00:00+08:00"", ""status"": ""OPEN""}, ""outcome"": ""pass"", ""required"": {""expiresAfter"": ""2026-09-26T00:00:00Z"", ""status"": ""OPEN""}}, {""code"": ""product_status"", ""observed"": {""deleted"": false, ""status"": ""ON_SALE""}, ""outcome"": ""pass"", ""required"": {""deleted"": false, ""status"": ""ON_SALE""}}, {""code"": ""visibility"", ""observed"": ""public"", ""outcome"": ""pass"", ""required"": ""trusted synthetic context must permit visibility""}, {""code"": ""not_self"", ""observed"": ""90502"", ""outcome"": ""pass"", ""required"": {""not"": ""8005""}}, {""code"": ""category"", ""observed"": ""keyboard"", ""outcome"": ""pass"", ""required"": ""keyboard""}, {""code"": ""budget"", ""observed"": 15000, ""outcome"": ""pass"", ""required"": {""max"": 15000, ""min"": 5000}}, {""code"": ""condition"", ""observed"": ""good"", ""outcome"": ""pass"", ""required"": ""good""}, {""code"": ""place"", ""observed"": [""place-5-library""], ""outcome"": ""pass"", ""required"": [""place-5-library""]}, {""code"": ""model"", ""observed"": ""K380"", ""outcome"": ""pass"", ""required"": ""K380""}]",,,,,,,,
keyboard-matching__503,keyboard-matching,503,test_candidate,matching,想收罗技 K380 便携键盘,"{""categoryId"": ""keyboard"", ""maxPriceFen"": 15000, ""minCondition"": ""good"", ""minPriceFen"": 5000, ""requiredModel"": ""K380"", ""requiredPlaceIds"": [""place-5-library""]}","{""asOf"": ""2026-09-26T00:00:00Z"", ""campusId"": ""campus-5"", ""viewerId"": ""8005""}","{""entityVersion"": 1, ""expiresAt"": ""2026-10-01T00:00:00+08:00"", ""ownerId"": ""8005"", ""status"": ""OPEN"", ""wantedId"": ""7005""}",罗技 K480 键盘,"同类用品,具体型号与目标不同。",10000,good,ON_SALE,public,0,同类但不是指定型号/版本，仅部分相关。 资格不通过时最终标签为 0；关键条件未知且无已知失败时为 U。,"[{""code"": ""wanted_active"", ""observed"": {""expiresAt"": ""2026-10-01T00:00:00+08:00"", ""status"": ""OPEN""}, ""outcome"": ""pass"", ""required"": {""expiresAfter"": ""2026-09-26T00:00:00Z"", ""status"": ""OPEN""}}, {""code"": ""product_status"", ""observed"": {""deleted"": false, ""status"": ""ON_SALE""}, ""outcome"": ""pass"", ""required"": {""deleted"": false, ""status"": ""ON_SALE""}}, {""code"": ""visibility"", ""observed"": ""public"", ""outcome"": ""pass"", ""required"": ""trusted synthetic context must permit visibility""}, {""code"": ""not_self"", ""observed"": ""90503"", ""outcome"": ""pass"", ""required"": {""not"": ""8005""}}, {""code"": ""category"", ""observed"": ""keyboard"", ""outcome"": ""pass"", ""required"": ""keyboard""}, {""code"": ""budget"", ""observed"": 10000, ""outcome"": ""pass"", ""required"": {""max"": 15000, ""min"": 5000}}, {""code"": ""condition"", ""observed"": ""good"", ""outcome"": ""pass"", ""required"": ""good""}, {""code"": ""place"", ""observed"": [""place-5-library""], ""outcome"": ""pass"", ""required"": [""place-5-library""]}, {""code"": ""model"", ""observed"": ""OTHER-MODEL"", ""outcome"": ""fail"", ""required"": ""K380""}]",,,,,,,,
keyboard-matching__504,keyboard-matching,504,test_candidate,matching,想收罗技 K380 便携键盘,"{""categoryId"": ""keyboard"", ""maxPriceFen"": 15000, ""minCondition"": ""good"", ""minPriceFen"": 5000, ""requiredModel"": ""K380"", ""requiredPlaceIds"": [""place-5-library""]}","{""asOf"": ""2026-09-26T00:00:00Z"", ""campusId"": ""campus-5"", ""viewerId"": ""8005""}","{""entityVersion"": 1, ""expiresAt"": ""2026-10-01T00:00:00+08:00"", ""ownerId"": ""8005"", ""status"": ""OPEN"", ""wantedId"": ""7005""}",罗技 K380 蓝牙键盘,"出售相同型号,价格见标价。",15001,good,ON_SALE,public,0,明确为所求型号/版本；同义或中英改写不改变需求对象。 资格不通过时最终标签为 0；关键条件未知且无已知失败时为 U。,"[{""code"": ""wanted_active"", ""observed"": {""expiresAt"": ""2026-10-01T00:00:00+08:00"", ""status"": ""OPEN""}, ""outcome"": ""pass"", ""required"": {""expiresAfter"": ""2026-09-26T00:00:00Z"", ""status"": ""OPEN""}}, {""code"": ""product_status"", ""observed"": {""deleted"": false, ""status"": ""ON_SALE""}, ""outcome"": ""pass"", ""required"": {""deleted"": false, ""status"": ""ON_SALE""}}, {""code"": ""visibility"", ""observed"": ""public"", ""outcome"": ""pass"", ""required"": ""trusted synthetic context must permit visibility""}, {""code"": ""not_self"", ""observed"": ""90504"", ""outcome"": ""pass"", ""required"": {""not"": ""8005""}}, {""code"": ""category"", ""observed"": ""keyboard"", ""outcome"": ""pass"", ""required"": ""keyboard""}, {""code"": ""budget"", ""observed"": 15001, ""outcome"": ""fail"", ""required"": {""max"": 15000, ""min"": 5000}}, {""code"": ""condition"", ""observed"": ""good"", ""outcome"": ""pass"", ""required"": ""good""}, {""code"": ""place"", ""observed"": [""place-5-library""], ""outcome"": ""pass"", ""required"": [""place-5-library""]}, {""code"": ""model"", ""observed"": ""K380"", ""outcome"": ""pass"", ""required"": ""K380""}]",,,,,,,,
keyboard-matching__505,keyboard-matching,505,test_candidate,matching,想收罗技 K380 便携键盘,"{""categoryId"": ""keyboard"", ""maxPriceFen"": 15000, ""minCondition"": ""good"", ""minPriceFen"": 5000, ""requiredModel"": ""K380"", ""requiredPlaceIds"": [""place-5-library""]}","{""asOf"": ""2026-09-26T00:00:00Z"", ""campusId"": ""campus-5"", ""viewerId"": ""8005""}","{""entityVersion"": 1, ""expiresAt"": ""2026-10-01T00:00:00+08:00"", ""ownerId"": ""8005"", ""status"": ""OPEN"", ""wantedId"": ""7005""}",罗技 K380 蓝牙键盘,"相同型号,已完成交易。",10000,good,SOLD,public,0,明确为所求型号/版本；同义或中英改写不改变需求对象。 资格不通过时最终标签为 0；关键条件未知且无已知失败时为 U。,"[{""code"": ""wanted_active"", ""observed"": {""expiresAt"": ""2026-10-01T00:00:00+08:00"", ""status"": ""OPEN""}, ""outcome"": ""pass"", ""required"": {""expiresAfter"": ""2026-09-26T00:00:00Z"", ""status"": ""OPEN""}}, {""code"": ""product_status"", ""observed"": {""deleted"": false, ""status"": ""SOLD""}, ""outcome"": ""fail"", ""required"": {""deleted"": false, ""status"": ""ON_SALE""}}, {""code"": ""visibility"", ""observed"": ""public"", ""outcome"": ""pass"", ""required"": ""trusted synthetic context must permit visibility""}, {""code"": ""not_self"", ""observed"": ""90505"", ""outcome"": ""pass"", ""required"": {""not"": ""8005""}}, {""code"": ""category"", ""observed"": ""keyboard"", ""outcome"": ""pass"", ""required"": ""keyboard""}, {""code"": ""budget"", ""observed"": 10000, ""outcome"": ""pass"", ""required"": {""max"": 15000, ""min"": 5000}}, {""code"": ""condition"", ""observed"": ""good"", ""outcome"": ""pass"", ""required"": ""good""}, {""code"": ""place"", ""observed"": [""place-5-library""], ""outcome"": ""pass"", ""required"": [""place-5-library""]}, {""code"": ""model"", ""observed"": ""K380"", ""outcome"": ""pass"", ""required"": ""K380""}]",,,,,,,,
keyboard-matching__506,keyboard-matching,506,test_candidate,matching,想收罗技 K380 便携键盘,"{""categoryId"": ""keyboard"", ""maxPriceFen"": 15000, ""minCondition"": ""good"", ""minPriceFen"": 5000, ""requiredModel"": ""K380"", ""requiredPlaceIds"": [""place-5-library""]}","{""asOf"": ""2026-09-26T00:00:00Z"", ""campusId"": ""campus-5"", ""viewerId"": ""8005""}","{""entityVersion"": 1, ""expiresAt"": ""2026-10-01T00:00:00+08:00"", ""ownerId"": ""8005"", ""status"": ""OPEN"", ""wantedId"": ""7005""}",罗技 K380 蓝牙键盘,请依据结构化状态核对资格。,10000,good,ON_SALE,public,0,明确为所求型号/版本；同义或中英改写不改变需求对象。 资格不通过时最终标签为 0；关键条件未知且无已知失败时为 U。,"[{""code"": ""wanted_active"", ""observed"": {""expiresAt"": ""2026-10-01T00:00:00+08:00"", ""status"": ""OPEN""}, ""outcome"": ""pass"", ""required"": {""expiresAfter"": ""2026-09-26T00:00:00Z"", ""status"": ""OPEN""}}, {""code"": ""product_status"", ""observed"": {""deleted"": false, ""status"": ""ON_SALE""}, ""outcome"": ""pass"", ""required"": {""deleted"": false, ""status"": ""ON_SALE""}}, {""code"": ""visibility"", ""observed"": ""public"", ""outcome"": ""pass"", ""required"": ""trusted synthetic context must permit visibility""}, {""code"": ""not_self"", ""observed"": ""8005"", ""outcome"": ""fail"", ""required"": {""not"": ""8005""}}, {""code"": ""category"", ""observed"": ""keyboard"", ""outcome"": ""pass"", ""required"": ""keyboard""}, {""code"": ""budget"", ""observed"": 10000, ""outcome"": ""pass"", ""required"": {""max"": 15000, ""min"": 5000}}, {""code"": ""condition"", ""observed"": ""good"", ""outcome"": ""pass"", ""required"": ""good""}, {""code"": ""place"", ""observed"": [""place-5-library""], ""outcome"": ""pass"", ""required"": [""place-5-library""]}, {""code"": ""model"", ""observed"": ""K380"", ""outcome"": ""pass"", ""required"": ""K380""}]",,,,,,,,
keyboard-search-exact__501,keyboard-search-exact,501,test_candidate,search,罗技 K380 蓝牙键盘,"{""categoryId"": ""keyboard"", ""maxPriceFen"": 15000, ""minCondition"": null, ""minPriceFen"": 5000, ""requiredModel"": null, ""requiredPlaceIds"": []}","{""asOf"": ""2026-09-26T00:00:00Z"", ""campusId"": null, ""viewerId"": null}",null,罗技 K380 蓝牙键盘,"功能正常,附带原装配件。",5000,good,ON_SALE,public,2,明确为所求型号/版本；同义或中英改写不改变需求对象。 资格不通过时最终标签为 0；关键条件未知且无已知失败时为 U。,"[{""code"": ""wanted_active"", ""observed"": null, ""outcome"": ""not_applicable"", ""required"": null}, {""code"": ""product_status"", ""observed"": {""deleted"": false, ""status"": ""ON_SALE""}, ""outcome"": ""pass"", ""required"": {""deleted"": false, ""status"": ""ON_SALE""}}, {""code"": ""visibility"", ""observed"": ""public"", ""outcome"": ""pass"", ""required"": ""trusted synthetic context must permit visibility""}, {""code"": ""not_self"", ""observed"": null, ""outcome"": ""not_applicable"", ""required"": null}, {""code"": ""category"", ""observed"": ""keyboard"", ""outcome"": ""pass"", ""required"": ""keyboard""}, {""code"": ""budget"", ""observed"": 5000, ""outcome"": ""pass"", ""required"": {""max"": 15000, ""min"": 5000}}, {""code"": ""condition"", ""observed"": ""good"", ""outcome"": ""not_applicable"", ""required"": null}, {""code"": ""place"", ""observed"": [""place-5-library""], ""outcome"": ""not_applicable"", ""required"": []}, {""code"": ""model"", ""observed"": ""K380"", ""outcome"": ""not_applicable"", ""required"": null}]",,,,,,,,
keyboard-search-exact__502,keyboard-search-exact,502,test_candidate,search,罗技 K380 蓝牙键盘,"{""categoryId"": ""keyboard"", ""maxPriceFen"": 15000, ""minCondition"": null, ""minPriceFen"": 5000, ""requiredModel"": null, ""requiredPlaceIds"": []}","{""asOf"": ""2026-09-26T00:00:00Z"", ""campusId"": null, ""viewerId"": null}",null,罗技 K380 便携多设备打字键盘,"设备完好,可当面检查。",15000,good,ON_SALE,public,2,明确为所求型号/版本；同义或中英改写不改变需求对象。 资格不通过时最终标签为 0；关键条件未知且无已知失败时为 U。,"[{""code"": ""wanted_active"", ""observed"": null, ""outcome"": ""not_applicable"", ""required"": null}, {""code"": ""product_status"", ""observed"": {""deleted"": false, ""status"": ""ON_SALE""}, ""outcome"": ""pass"", ""required"": {""deleted"": false, ""status"": ""ON_SALE""}}, {""code"": ""visibility"", ""observed"": ""public"", ""outcome"": ""pass"", ""required"": ""trusted synthetic context must permit visibility""}, {""code"": ""not_self"", ""observed"": null, ""outcome"": ""not_applicable"", ""required"": null}, {""code"": ""category"", ""observed"": ""keyboard"", ""outcome"": ""pass"", ""required"": ""keyboard""}, {""code"": ""budget"", ""observed"": 15000, ""outcome"": ""pass"", ""required"": {""max"": 15000, ""min"": 5000}}, {""code"": ""condition"", ""observed"": ""good"", ""outcome"": ""not_applicable"", ""required"": null}, {""code"": ""place"", ""observed"": [""place-5-library""], ""outcome"": ""not_applicable"", ""required"": []}, {""code"": ""model"", ""observed"": ""K380"", ""outcome"": ""not_applicable"", ""required"": null}]",,,,,,,,
keyboard-search-exact__503,keyboard-search-exact,503,test_candidate,search,罗技 K380 蓝牙键盘,"{""categoryId"": ""keyboard"", ""maxPriceFen"": 15000, ""minCondition"": null, ""minPriceFen"": 5000, ""requiredModel"": null, ""requiredPlaceIds"": []}","{""asOf"": ""2026-09-26T00:00:00Z"", ""campusId"": null, ""viewerId"": null}",null,罗技 K480 键盘,"同类用品,具体型号与目标不同。",10000,good,ON_SALE,public,1,同类但不是指定型号/版本，仅部分相关。 资格不通过时最终标签为 0；关键条件未知且无已知失败时为 U。,"[{""code"": ""wanted_active"", ""observed"": null, ""outcome"": ""not_applicable"", ""required"": null}, {""code"": ""product_status"", ""observed"": {""deleted"": false, ""status"": ""ON_SALE""}, ""outcome"": ""pass"", ""required"": {""deleted"": false, ""status"": ""ON_SALE""}}, {""code"": ""visibility"", ""observed"": ""public"", ""outcome"": ""pass"", ""required"": ""trusted synthetic context must permit visibility""}, {""code"": ""not_self"", ""observed"": null, ""outcome"": ""not_applicable"", ""required"": null}, {""code"": ""category"", ""observed"": ""keyboard"", ""outcome"": ""pass"", ""required"": ""keyboard""}, {""code"": ""budget"", ""observed"": 10000, ""outcome"": ""pass"", ""required"": {""max"": 15000, ""min"": 5000}}, {""code"": ""condition"", ""observed"": ""good"", ""outcome"": ""not_applicable"", ""required"": null}, {""code"": ""place"", ""observed"": [""place-5-library""], ""outcome"": ""not_applicable"", ""required"": []}, {""code"": ""model"", ""observed"": ""OTHER-MODEL"", ""outcome"": ""not_applicable"", ""required"": null}]",,,,,,,,
keyboard-search-exact__504,keyboard-search-exact,504,test_candidate,search,罗技 K380 蓝牙键盘,"{""categoryId"": ""keyboard"", ""maxPriceFen"": 15000, ""minCondition"": null, ""minPriceFen"": 5000, ""requiredModel"": null, ""requiredPlaceIds"": []}","{""asOf"": ""2026-09-26T00:00:00Z"", ""campusId"": null, ""viewerId"": null}",null,罗技 K380 蓝牙键盘,"出售相同型号,价格见标价。",15001,good,ON_SALE,public,0,明确为所求型号/版本；同义或中英改写不改变需求对象。 资格不通过时最终标签为 0；关键条件未知且无已知失败时为 U。,"[{""code"": ""wanted_active"", ""observed"": null, ""outcome"": ""not_applicable"", ""required"": null}, {""code"": ""product_status"", ""observed"": {""deleted"": false, ""status"": ""ON_SALE""}, ""outcome"": ""pass"", ""required"": {""deleted"": false, ""status"": ""ON_SALE""}}, {""code"": ""visibility"", ""observed"": ""public"", ""outcome"": ""pass"", ""required"": ""trusted synthetic context must permit visibility""}, {""code"": ""not_self"", ""observed"": null, ""outcome"": ""not_applicable"", ""required"": null}, {""code"": ""category"", ""observed"": ""keyboard"", ""outcome"": ""pass"", ""required"": ""keyboard""}, {""code"": ""budget"", ""observed"": 15001, ""outcome"": ""fail"", ""required"": {""max"": 15000, ""min"": 5000}}, {""code"": ""condition"", ""observed"": ""good"", ""outcome"": ""not_applicable"", ""required"": null}, {""code"": ""place"", ""observed"": [""place-5-library""], ""outcome"": ""not_applicable"", ""required"": []}, {""code"": ""model"", ""observed"": ""K380"", ""outcome"": ""not_applicable"", ""required"": null}]",,,,,,,,
keyboard-search-exact__505,keyboard-search-exact,505,test_candidate,search,罗技 K380 蓝牙键盘,"{""categoryId"": ""keyboard"", ""maxPriceFen"": 15000, ""minCondition"": null, ""minPriceFen"": 5000, ""requiredModel"": null, ""requiredPlaceIds"": []}","{""asOf"": ""2026-09-26T00:00:00Z"", ""campusId"": null, ""viewerId"": null}",null,罗技 K380 蓝牙键盘,"相同型号,已完成交易。",10000,good,SOLD,public,0,明确为所求型号/版本；同义或中英改写不改变需求对象。 资格不通过时最终标签为 0；关键条件未知且无已知失败时为 U。,"[{""code"": ""wanted_active"", ""observed"": null, ""outcome"": ""not_applicable"", ""required"": null}, {""code"": ""product_status"", ""observed"": {""deleted"": false, ""status"": ""SOLD""}, ""outcome"": ""fail"", ""required"": {""deleted"": false, ""status"": ""ON_SALE""}}, {""code"": ""visibility"", ""observed"": ""public"", ""outcome"": ""pass"", ""required"": ""trusted synthetic context must permit visibility""}, {""code"": ""not_self"", ""observed"": null, ""outcome"": ""not_applicable"", ""required"": null}, {""code"": ""category"", ""observed"": ""keyboard"", ""outcome"": ""pass"", ""required"": ""keyboard""}, {""code"": ""budget"", ""observed"": 10000, ""outcome"": ""pass"", ""required"": {""max"": 15000, ""min"": 5000}}, {""code"": ""condition"", ""observed"": ""good"", ""outcome"": ""not_applicable"", ""required"": null}, {""code"": ""place"", ""observed"": [""place-5-library""], ""outcome"": ""not_applicable"", ""required"": []}, {""code"": ""model"", ""observed"": ""K380"", ""outcome"": ""not_applicable"", ""required"": null}]",,,,,,,,
keyboard-search-exact__506,keyboard-search-exact,506,test_candidate,search,罗技 K380 蓝牙键盘,"{""categoryId"": ""keyboard"", ""maxPriceFen"": 15000, ""minCondition"": null, ""minPriceFen"": 5000, ""requiredModel"": null, ""requiredPlaceIds"": []}","{""asOf"": ""2026-09-26T00:00:00Z"", ""campusId"": null, ""viewerId"": null}",null,罗技 K380 蓝牙键盘,请依据结构化状态核对资格。,10000,good,ON_SALE,public,2,明确为所求型号/版本；同义或中英改写不改变需求对象。 资格不通过时最终标签为 0；关键条件未知且无已知失败时为 U。,"[{""code"": ""wanted_active"", ""observed"": null, ""outcome"": ""not_applicable"", ""required"": null}, {""code"": ""product_status"", ""observed"": {""deleted"": false, ""status"": ""ON_SALE""}, ""outcome"": ""pass"", ""required"": {""deleted"": false, ""status"": ""ON_SALE""}}, {""code"": ""visibility"", ""observed"": ""public"", ""outcome"": ""pass"", ""required"": ""trusted synthetic context must permit visibility""}, {""code"": ""not_self"", ""observed"": null, ""outcome"": ""not_applicable"", ""required"": null}, {""code"": ""category"", ""observed"": ""keyboard"", ""outcome"": ""pass"", ""required"": ""keyboard""}, {""code"": ""budget"", ""observed"": 10000, ""outcome"": ""pass"", ""required"": {""max"": 15000, ""min"": 5000}}, {""code"": ""condition"", ""observed"": ""good"", ""outcome"": ""not_applicable"", ""required"": null}, {""code"": ""place"", ""observed"": [""place-5-library""], ""outcome"": ""not_applicable"", ""required"": []}, {""code"": ""model"", ""observed"": ""K380"", ""outcome"": ""not_applicable"", ""required"": null}]",,,,,,,,
keyboard-search-natural__501,keyboard-search-natural,501,test_candidate,search,想收罗技 K380 便携键盘,"{""categoryId"": ""keyboard"", ""maxPriceFen"": 15000, ""minCondition"": null, ""minPriceFen"": 5000, ""requiredModel"": null, ""requiredPlaceIds"": []}","{""asOf"": ""2026-09-26T00:00:00Z"", ""campusId"": null, ""viewerId"": null}",null,罗技 K380 蓝牙键盘,"功能正常,附带原装配件。",5000,good,ON_SALE,public,2,明确为所求型号/版本；同义或中英改写不改变需求对象。 资格不通过时最终标签为 0；关键条件未知且无已知失败时为 U。,"[{""code"": ""wanted_active"", ""observed"": null, ""outcome"": ""not_applicable"", ""required"": null}, {""code"": ""product_status"", ""observed"": {""deleted"": false, ""status"": ""ON_SALE""}, ""outcome"": ""pass"", ""required"": {""deleted"": false, ""status"": ""ON_SALE""}}, {""code"": ""visibility"", ""observed"": ""public"", ""outcome"": ""pass"", ""required"": ""trusted synthetic context must permit visibility""}, {""code"": ""not_self"", ""observed"": null, ""outcome"": ""not_applicable"", ""required"": null}, {""code"": ""category"", ""observed"": ""keyboard"", ""outcome"": ""pass"", ""required"": ""keyboard""}, {""code"": ""budget"", ""observed"": 5000, ""outcome"": ""pass"", ""required"": {""max"": 15000, ""min"": 5000}}, {""code"": ""condition"", ""observed"": ""good"", ""outcome"": ""not_applicable"", ""required"": null}, {""code"": ""place"", ""observed"": [""place-5-library""], ""outcome"": ""not_applicable"", ""required"": []}, {""code"": ""model"", ""observed"": ""K380"", ""outcome"": ""not_applicable"", ""required"": null}]",,,,,,,,
keyboard-search-natural__502,keyboard-search-natural,502,test_candidate,search,想收罗技 K380 便携键盘,"{""categoryId"": ""keyboard"", ""maxPriceFen"": 15000, ""minCondition"": null, ""minPriceFen"": 5000, ""requiredModel"": null, ""requiredPlaceIds"": []}","{""asOf"": ""2026-09-26T00:00:00Z"", ""campusId"": null, ""viewerId"": null}",null,罗技 K380 便携多设备打字键盘,"设备完好,可当面检查。",15000,good,ON_SALE,public,2,明确为所求型号/版本；同义或中英改写不改变需求对象。 资格不通过时最终标签为 0；关键条件未知且无已知失败时为 U。,"[{""code"": ""wanted_active"", ""observed"": null, ""outcome"": ""not_applicable"", ""required"": null}, {""code"": ""product_status"", ""observed"": {""deleted"": false, ""status"": ""ON_SALE""}, ""outcome"": ""pass"", ""required"": {""deleted"": false, ""status"": ""ON_SALE""}}, {""code"": ""visibility"", ""observed"": ""public"", ""outcome"": ""pass"", ""required"": ""trusted synthetic context must permit visibility""}, {""code"": ""not_self"", ""observed"": null, ""outcome"": ""not_applicable"", ""required"": null}, {""code"": ""category"", ""observed"": ""keyboard"", ""outcome"": ""pass"", ""required"": ""keyboard""}, {""code"": ""budget"", ""observed"": 15000, ""outcome"": ""pass"", ""required"": {""max"": 15000, ""min"": 5000}}, {""code"": ""condition"", ""observed"": ""good"", ""outcome"": ""not_applicable"", ""required"": null}, {""code"": ""place"", ""observed"": [""place-5-library""], ""outcome"": ""not_applicable"", ""required"": []}, {""code"": ""model"", ""observed"": ""K380"", ""outcome"": ""not_applicable"", ""required"": null}]",,,,,,,,
keyboard-search-natural__503,keyboard-search-natural,503,test_candidate,search,想收罗技 K380 便携键盘,"{""categoryId"": ""keyboard"", ""maxPriceFen"": 15000, ""minCondition"": null, ""minPriceFen"": 5000, ""requiredModel"": null, ""requiredPlaceIds"": []}","{""asOf"": ""2026-09-26T00:00:00Z"", ""campusId"": null, ""viewerId"": null}",null,罗技 K480 键盘,"同类用品,具体型号与目标不同。",10000,good,ON_SALE,public,1,同类但不是指定型号/版本，仅部分相关。 资格不通过时最终标签为 0；关键条件未知且无已知失败时为 U。,"[{""code"": ""wanted_active"", ""observed"": null, ""outcome"": ""not_applicable"", ""required"": null}, {""code"": ""product_status"", ""observed"": {""deleted"": false, ""status"": ""ON_SALE""}, ""outcome"": ""pass"", ""required"": {""deleted"": false, ""status"": ""ON_SALE""}}, {""code"": ""visibility"", ""observed"": ""public"", ""outcome"": ""pass"", ""required"": ""trusted synthetic context must permit visibility""}, {""code"": ""not_self"", ""observed"": null, ""outcome"": ""not_applicable"", ""required"": null}, {""code"": ""category"", ""observed"": ""keyboard"", ""outcome"": ""pass"", ""required"": ""keyboard""}, {""code"": ""budget"", ""observed"": 10000, ""outcome"": ""pass"", ""required"": {""max"": 15000, ""min"": 5000}}, {""code"": ""condition"", ""observed"": ""good"", ""outcome"": ""not_applicable"", ""required"": null}, {""code"": ""place"", ""observed"": [""place-5-library""], ""outcome"": ""not_applicable"", ""required"": []}, {""code"": ""model"", ""observed"": ""OTHER-MODEL"", ""outcome"": ""not_applicable"", ""required"": null}]",,,,,,,,
keyboard-search-natural__504,keyboard-search-natural,504,test_candidate,search,想收罗技 K380 便携键盘,"{""categoryId"": ""keyboard"", ""maxPriceFen"": 15000, ""minCondition"": null, ""minPriceFen"": 5000, ""requiredModel"": null, ""requiredPlaceIds"": []}","{""asOf"": ""2026-09-26T00:00:00Z"", ""campusId"": null, ""viewerId"": null}",null,罗技 K380 蓝牙键盘,"出售相同型号,价格见标价。",15001,good,ON_SALE,public,0,明确为所求型号/版本；同义或中英改写不改变需求对象。 资格不通过时最终标签为 0；关键条件未知且无已知失败时为 U。,"[{""code"": ""wanted_active"", ""observed"": null, ""outcome"": ""not_applicable"", ""required"": null}, {""code"": ""product_status"", ""observed"": {""deleted"": false, ""status"": ""ON_SALE""}, ""outcome"": ""pass"", ""required"": {""deleted"": false, ""status"": ""ON_SALE""}}, {""code"": ""visibility"", ""observed"": ""public"", ""outcome"": ""pass"", ""required"": ""trusted synthetic context must permit visibility""}, {""code"": ""not_self"", ""observed"": null, ""outcome"": ""not_applicable"", ""required"": null}, {""code"": ""category"", ""observed"": ""keyboard"", ""outcome"": ""pass"", ""required"": ""keyboard""}, {""code"": ""budget"", ""observed"": 15001, ""outcome"": ""fail"", ""required"": {""max"": 15000, ""min"": 5000}}, {""code"": ""condition"", ""observed"": ""good"", ""outcome"": ""not_applicable"", ""required"": null}, {""code"": ""place"", ""observed"": [""place-5-library""], ""outcome"": ""not_applicable"", ""required"": []}, {""code"": ""model"", ""observed"": ""K380"", ""outcome"": ""not_applicable"", ""required"": null}]",,,,,,,,
keyboard-search-natural__505,keyboard-search-natural,505,test_candidate,search,想收罗技 K380 便携键盘,"{""categoryId"": ""keyboard"", ""maxPriceFen"": 15000, ""minCondition"": null, ""minPriceFen"": 5000, ""requiredModel"": null, ""requiredPlaceIds"": []}","{""asOf"": ""2026-09-26T00:00:00Z"", ""campusId"": null, ""viewerId"": null}",null,罗技 K380 蓝牙键盘,"相同型号,已完成交易。",10000,good,SOLD,public,0,明确为所求型号/版本；同义或中英改写不改变需求对象。 资格不通过时最终标签为 0；关键条件未知且无已知失败时为 U。,"[{""code"": ""wanted_active"", ""observed"": null, ""outcome"": ""not_applicable"", ""required"": null}, {""code"": ""product_status"", ""observed"": {""deleted"": false, ""status"": ""SOLD""}, ""outcome"": ""fail"", ""required"": {""deleted"": false, ""status"": ""ON_SALE""}}, {""code"": ""visibility"", ""observed"": ""public"", ""outcome"": ""pass"", ""required"": ""trusted synthetic context must permit visibility""}, {""code"": ""not_self"", ""observed"": null, ""outcome"": ""not_applicable"", ""required"": null}, {""code"": ""category"", ""observed"": ""keyboard"", ""outcome"": ""pass"", ""required"": ""keyboard""}, {""code"": ""budget"", ""observed"": 10000, ""outcome"": ""pass"", ""required"": {""max"": 15000, ""min"": 5000}}, {""code"": ""condition"", ""observed"": ""good"", ""outcome"": ""not_applicable"", ""required"": null}, {""code"": ""place"", ""observed"": [""place-5-library""], ""outcome"": ""not_applicable"", ""required"": []}, {""code"": ""model"", ""observed"": ""K380"", ""outcome"": ""not_applicable"", ""required"": null}]",,,,,,,,
keyboard-search-natural__506,keyboard-search-natural,506,test_candidate,search,想收罗技 K380 便携键盘,"{""categoryId"": ""keyboard"", ""maxPriceFen"": 15000, ""minCondition"": null, ""minPriceFen"": 5000, ""requiredModel"": null, ""requiredPlaceIds"": []}","{""asOf"": ""2026-09-26T00:00:00Z"", ""campusId"": null, ""viewerId"": null}",null,罗技 K380 蓝牙键盘,请依据结构化状态核对资格。,10000,good,ON_SALE,public,2,明确为所求型号/版本；同义或中英改写不改变需求对象。 资格不通过时最终标签为 0；关键条件未知且无已知失败时为 U。,"[{""code"": ""wanted_active"", ""observed"": null, ""outcome"": ""not_applicable"", ""required"": null}, {""code"": ""product_status"", ""observed"": {""deleted"": false, ""status"": ""ON_SALE""}, ""outcome"": ""pass"", ""required"": {""deleted"": false, ""status"": ""ON_SALE""}}, {""code"": ""visibility"", ""observed"": ""public"", ""outcome"": ""pass"", ""required"": ""trusted synthetic context must permit visibility""}, {""code"": ""not_self"", ""observed"": null, ""outcome"": ""not_applicable"", ""required"": null}, {""code"": ""category"", ""observed"": ""keyboard"", ""outcome"": ""pass"", ""required"": ""keyboard""}, {""code"": ""budget"", ""observed"": 10000, ""outcome"": ""pass"", ""required"": {""max"": 15000, ""min"": 5000}}, {""code"": ""condition"", ""observed"": ""good"", ""outcome"": ""not_applicable"", ""required"": null}, {""code"": ""place"", ""observed"": [""place-5-library""], ""outcome"": ""not_applicable"", ""required"": []}, {""code"": ""model"", ""observed"": ""K380"", ""outcome"": ""not_applicable"", ""required"": null}]",,,,,,,,
lamp-matching__701,lamp-matching,701,dev,matching,想要飞利浦轩坦阅读台灯,"{""categoryId"": ""lamp"", ""maxPriceFen"": 12000, ""minCondition"": ""good"", ""minPriceFen"": 0, ""requiredModel"": ""轩坦"", ""requiredPlaceIds"": [""place-7-library""]}","{""asOf"": ""2026-09-26T00:00:00Z"", ""campusId"": ""campus-7"", ""viewerId"": ""8007""}","{""entityVersion"": 1, ""expiresAt"": ""2026-10-01T00:00:00+08:00"", ""ownerId"": ""8007"", ""status"": ""OPEN"", ""wantedId"": ""7007""}",飞利浦 轩坦 台灯,"功能正常,附带原装配件。",0,good,ON_SALE,public,2,明确为所求型号/版本；同义或中英改写不改变需求对象。 资格不通过时最终标签为 0；关键条件未知且无已知失败时为 U。,"[{""code"": ""wanted_active"", ""observed"": {""expiresAt"": ""2026-10-01T00:00:00+08:00"", ""status"": ""OPEN""}, ""outcome"": ""pass"", ""required"": {""expiresAfter"": ""2026-09-26T00:00:00Z"", ""status"": ""OPEN""}}, {""code"": ""product_status"", ""observed"": {""deleted"": false, ""status"": ""ON_SALE""}, ""outcome"": ""pass"", ""required"": {""deleted"": false, ""status"": ""ON_SALE""}}, {""code"": ""visibility"", ""observed"": ""public"", ""outcome"": ""pass"", ""required"": ""trusted synthetic context must permit visibility""}, {""code"": ""not_self"", ""observed"": ""90701"", ""outcome"": ""pass"", ""required"": {""not"": ""8007""}}, {""code"": ""category"", ""observed"": ""lamp"", ""outcome"": ""pass"", ""required"": ""lamp""}, {""code"": ""budget"", ""observed"": 0, ""outcome"": ""pass"", ""required"": {""max"": 12000, ""min"": 0}}, {""code"": ""condition"", ""observed"": ""good"", ""outcome"": ""pass"", ""required"": ""good""}, {""code"": ""place"", ""observed"": [""place-7-library""], ""outcome"": ""pass"", ""required"": [""place-7-library""]}, {""code"": ""model"", ""observed"": ""轩坦"", ""outcome"": ""pass"", ""required"": ""轩坦""}]",,,,,,,,
lamp-matching__702,lamp-matching,702,dev,matching,想要飞利浦轩坦阅读台灯,"{""categoryId"": ""lamp"", ""maxPriceFen"": 12000, ""minCondition"": ""good"", ""minPriceFen"": 0, ""requiredModel"": ""轩坦"", ""requiredPlaceIds"": [""place-7-library""]}","{""asOf"": ""2026-09-26T00:00:00Z"", ""campusId"": ""campus-7"", ""viewerId"": ""8007""}","{""entityVersion"": 1, ""expiresAt"": ""2026-10-01T00:00:00+08:00"", ""ownerId"": ""8007"", ""status"": ""OPEN"", ""wantedId"": ""7007""}",飞利浦轩坦书桌阅读灯,"设备完好,可当面检查。",12000,good,ON_SALE,public,2,明确为所求型号/版本；同义或中英改写不改变需求对象。 资格不通过时最终标签为 0；关键条件未知且无已知失败时为 U。,"[{""code"": ""wanted_active"", ""observed"": {""expiresAt"": ""2026-10-01T00:00:00+08:00"", ""status"": ""OPEN""}, ""outcome"": ""pass"", ""required"": {""expiresAfter"": ""2026-09-26T00:00:00Z"", ""status"": ""OPEN""}}, {""code"": ""product_status"", ""observed"": {""deleted"": false, ""status"": ""ON_SALE""}, ""outcome"": ""pass"", ""required"": {""deleted"": false, ""status"": ""ON_SALE""}}, {""code"": ""visibility"", ""observed"": ""public"", ""outcome"": ""pass"", ""required"": ""trusted synthetic context must permit visibility""}, {""code"": ""not_self"", ""observed"": ""90702"", ""outcome"": ""pass"", ""required"": {""not"": ""8007""}}, {""code"": ""category"", ""observed"": ""lamp"", ""outcome"": ""pass"", ""required"": ""lamp""}, {""code"": ""budget"", ""observed"": 12000, ""outcome"": ""pass"", ""required"": {""max"": 12000, ""min"": 0}}, {""code"": ""condition"", ""observed"": ""good"", ""outcome"": ""pass"", ""required"": ""good""}, {""code"": ""place"", ""observed"": [""place-7-library""], ""outcome"": ""pass"", ""required"": [""place-7-library""]}, {""code"": ""model"", ""observed"": ""轩坦"", ""outcome"": ""pass"", ""required"": ""轩坦""}]",,,,,,,,
lamp-matching__703,lamp-matching,703,dev,matching,想要飞利浦轩坦阅读台灯,"{""categoryId"": ""lamp"", ""maxPriceFen"": 12000, ""minCondition"": ""good"", ""minPriceFen"": 0, ""requiredModel"": ""轩坦"", ""requiredPlaceIds"": [""place-7-library""]}","{""asOf"": ""2026-09-26T00:00:00Z"", ""campusId"": ""campus-7"", ""viewerId"": ""8007""}","{""entityVersion"": 1, ""expiresAt"": ""2026-10-01T00:00:00+08:00"", ""ownerId"": ""8007"", ""status"": ""OPEN"", ""wantedId"": ""7007""}",飞利浦悦恒吸顶灯,"同类用品,具体型号与目标不同。",6000,good,ON_SALE,public,0,同类但不是指定型号/版本，仅部分相关。 资格不通过时最终标签为 0；关键条件未知且无已知失败时为 U。,"[{""code"": ""wanted_active"", ""observed"": {""expiresAt"": ""2026-10-01T00:00:00+08:00"", ""status"": ""OPEN""}, ""outcome"": ""pass"", ""required"": {""expiresAfter"": ""2026-09-26T00:00:00Z"", ""status"": ""OPEN""}}, {""code"": ""product_status"", ""observed"": {""deleted"": false, ""status"": ""ON_SALE""}, ""outcome"": ""pass"", ""required"": {""deleted"": false, ""status"": ""ON_SALE""}}, {""code"": ""visibility"", ""observed"": ""public"", ""outcome"": ""pass"", ""required"": ""trusted synthetic context must permit visibility""}, {""code"": ""not_self"", ""observed"": ""90703"", ""outcome"": ""pass"", ""required"": {""not"": ""8007""}}, {""code"": ""category"", ""observed"": ""lamp"", ""outcome"": ""pass"", ""required"": ""lamp""}, {""code"": ""budget"", ""observed"": 6000, ""outcome"": ""pass"", ""required"": {""max"": 12000, ""min"": 0}}, {""code"": ""condition"", ""observed"": ""good"", ""outcome"": ""pass"", ""required"": ""good""}, {""code"": ""place"", ""observed"": [""place-7-library""], ""outcome"": ""pass"", ""required"": [""place-7-library""]}, {""code"": ""model"", ""observed"": ""OTHER-MODEL"", ""outcome"": ""fail"", ""required"": ""轩坦""}]",,,,,,,,
lamp-matching__704,lamp-matching,704,dev,matching,想要飞利浦轩坦阅读台灯,"{""categoryId"": ""lamp"", ""maxPriceFen"": 12000, ""minCondition"": ""good"", ""minPriceFen"": 0, ""requiredModel"": ""轩坦"", ""requiredPlaceIds"": [""place-7-library""]}","{""asOf"": ""2026-09-26T00:00:00Z"", ""campusId"": ""campus-7"", ""viewerId"": ""8007""}","{""entityVersion"": 1, ""expiresAt"": ""2026-10-01T00:00:00+08:00"", ""ownerId"": ""8007"", ""status"": ""OPEN"", ""wantedId"": ""7007""}",飞利浦 轩坦 台灯,"出售相同型号,价格见标价。",12001,good,ON_SALE,public,0,明确为所求型号/版本；同义或中英改写不改变需求对象。 资格不通过时最终标签为 0；关键条件未知且无已知失败时为 U。,"[{""code"": ""wanted_active"", ""observed"": {""expiresAt"": ""2026-10-01T00:00:00+08:00"", ""status"": ""OPEN""}, ""outcome"": ""pass"", ""required"": {""expiresAfter"": ""2026-09-26T00:00:00Z"", ""status"": ""OPEN""}}, {""code"": ""product_status"", ""observed"": {""deleted"": false, ""status"": ""ON_SALE""}, ""outcome"": ""pass"", ""required"": {""deleted"": false, ""status"": ""ON_SALE""}}, {""code"": ""visibility"", ""observed"": ""public"", ""outcome"": ""pass"", ""required"": ""trusted synthetic context must permit visibility""}, {""code"": ""not_self"", ""observed"": ""90704"", ""outcome"": ""pass"", ""required"": {""not"": ""8007""}}, {""code"": ""category"", ""observed"": ""lamp"", ""outcome"": ""pass"", ""required"": ""lamp""}, {""code"": ""budget"", ""observed"": 12001, ""outcome"": ""fail"", ""required"": {""max"": 12000, ""min"": 0}}, {""code"": ""condition"", ""observed"": ""good"", ""outcome"": ""pass"", ""required"": ""good""}, {""code"": ""place"", ""observed"": [""place-7-library""], ""outcome"": ""pass"", ""required"": [""place-7-library""]}, {""code"": ""model"", ""observed"": ""轩坦"", ""outcome"": ""pass"", ""required"": ""轩坦""}]",,,,,,,,
lamp-matching__705,lamp-matching,705,dev,matching,想要飞利浦轩坦阅读台灯,"{""categoryId"": ""lamp"", ""maxPriceFen"": 12000, ""minCondition"": ""good"", ""minPriceFen"": 0, ""requiredModel"": ""轩坦"", ""requiredPlaceIds"": [""place-7-library""]}","{""asOf"": ""2026-09-26T00:00:00Z"", ""campusId"": ""campus-7"", ""viewerId"": ""8007""}","{""entityVersion"": 1, ""expiresAt"": ""2026-10-01T00:00:00+08:00"", ""ownerId"": ""8007"", ""status"": ""OPEN"", ""wantedId"": ""7007""}",飞利浦 轩坦 台灯,"相同型号,已完成交易。",6000,good,SOLD,public,0,明确为所求型号/版本；同义或中英改写不改变需求对象。 资格不通过时最终标签为 0；关键条件未知且无已知失败时为 U。,"[{""code"": ""wanted_active"", ""observed"": {""expiresAt"": ""2026-10-01T00:00:00+08:00"", ""status"": ""OPEN""}, ""outcome"": ""pass"", ""required"": {""expiresAfter"": ""2026-09-26T00:00:00Z"", ""status"": ""OPEN""}}, {""code"": ""product_status"", ""observed"": {""deleted"": false, ""status"": ""SOLD""}, ""outcome"": ""fail"", ""required"": {""deleted"": false, ""status"": ""ON_SALE""}}, {""code"": ""visibility"", ""observed"": ""public"", ""outcome"": ""pass"", ""required"": ""trusted synthetic context must permit visibility""}, {""code"": ""not_self"", ""observed"": ""90705"", ""outcome"": ""pass"", ""required"": {""not"": ""8007""}}, {""code"": ""category"", ""observed"": ""lamp"", ""outcome"": ""pass"", ""required"": ""lamp""}, {""code"": ""budget"", ""observed"": 6000, ""outcome"": ""pass"", ""required"": {""max"": 12000, ""min"": 0}}, {""code"": ""condition"", ""observed"": ""good"", ""outcome"": ""pass"", ""required"": ""good""}, {""code"": ""place"", ""observed"": [""place-7-library""], ""outcome"": ""pass"", ""required"": [""place-7-library""]}, {""code"": ""model"", ""observed"": ""轩坦"", ""outcome"": ""pass"", ""required"": ""轩坦""}]",,,,,,,,
lamp-matching__706,lamp-matching,706,dev,matching,想要飞利浦轩坦阅读台灯,"{""categoryId"": ""lamp"", ""maxPriceFen"": 12000, ""minCondition"": ""good"", ""minPriceFen"": 0, ""requiredModel"": ""轩坦"", ""requiredPlaceIds"": [""place-7-library""]}","{""asOf"": ""2026-09-26T00:00:00Z"", ""campusId"": ""campus-7"", ""viewerId"": ""8007""}","{""entityVersion"": 1, ""expiresAt"": ""2026-10-01T00:00:00+08:00"", ""ownerId"": ""8007"", ""status"": ""OPEN"", ""wantedId"": ""7007""}",飞利浦 轩坦 台灯,请依据结构化状态核对资格。,6000,,ON_SALE,public,U,明确为所求型号/版本；同义或中英改写不改变需求对象。 资格不通过时最终标签为 0；关键条件未知且无已知失败时为 U。,"[{""code"": ""wanted_active"", ""observed"": {""expiresAt"": ""2026-10-01T00:00:00+08:00"", ""status"": ""OPEN""}, ""outcome"": ""pass"", ""required"": {""expiresAfter"": ""2026-09-26T00:00:00Z"", ""status"": ""OPEN""}}, {""code"": ""product_status"", ""observed"": {""deleted"": false, ""status"": ""ON_SALE""}, ""outcome"": ""pass"", ""required"": {""deleted"": false, ""status"": ""ON_SALE""}}, {""code"": ""visibility"", ""observed"": ""public"", ""outcome"": ""pass"", ""required"": ""trusted synthetic context must permit visibility""}, {""code"": ""not_self"", ""observed"": ""90706"", ""outcome"": ""pass"", ""required"": {""not"": ""8007""}}, {""code"": ""category"", ""observed"": ""lamp"", ""outcome"": ""pass"", ""required"": ""lamp""}, {""code"": ""budget"", ""observed"": 6000, ""outcome"": ""pass"", ""required"": {""max"": 12000, ""min"": 0}}, {""code"": ""condition"", ""observed"": null, ""outcome"": ""unknown"", ""required"": ""good""}, {""code"": ""place"", ""observed"": [""place-7-library""], ""outcome"": ""pass"", ""required"": [""place-7-library""]}, {""code"": ""model"", ""observed"": ""轩坦"", ""outcome"": ""pass"", ""required"": ""轩坦""}]",,,,,,,,
lamp-search-exact__701,lamp-search-exact,701,dev,search,飞利浦 轩坦 台灯,"{""categoryId"": ""lamp"", ""maxPriceFen"": 12000, ""minCondition"": null, ""minPriceFen"": 0, ""requiredModel"": null, ""requiredPlaceIds"": []}","{""asOf"": ""2026-09-26T00:00:00Z"", ""campusId"": null, ""viewerId"": null}",null,飞利浦 轩坦 台灯,"功能正常,附带原装配件。",0,good,ON_SALE,public,2,明确为所求型号/版本；同义或中英改写不改变需求对象。 资格不通过时最终标签为 0；关键条件未知且无已知失败时为 U。,"[{""code"": ""wanted_active"", ""observed"": null, ""outcome"": ""not_applicable"", ""required"": null}, {""code"": ""product_status"", ""observed"": {""deleted"": false, ""status"": ""ON_SALE""}, ""outcome"": ""pass"", ""required"": {""deleted"": false, ""status"": ""ON_SALE""}}, {""code"": ""visibility"", ""observed"": ""public"", ""outcome"": ""pass"", ""required"": ""trusted synthetic context must permit visibility""}, {""code"": ""not_self"", ""observed"": null, ""outcome"": ""not_applicable"", ""required"": null}, {""code"": ""category"", ""observed"": ""lamp"", ""outcome"": ""pass"", ""required"": ""lamp""}, {""code"": ""budget"", ""observed"": 0, ""outcome"": ""pass"", ""required"": {""max"": 12000, ""min"": 0}}, {""code"": ""condition"", ""observed"": ""good"", ""outcome"": ""not_applicable"", ""required"": null}, {""code"": ""place"", ""observed"": [""place-7-library""], ""outcome"": ""not_applicable"", ""required"": []}, {""code"": ""model"", ""observed"": ""轩坦"", ""outcome"": ""not_applicable"", ""required"": null}]",,,,,,,,
lamp-search-exact__702,lamp-search-exact,702,dev,search,飞利浦 轩坦 台灯,"{""categoryId"": ""lamp"", ""maxPriceFen"": 12000, ""minCondition"": null, ""minPriceFen"": 0, ""requiredModel"": null, ""requiredPlaceIds"": []}","{""asOf"": ""2026-09-26T00:00:00Z"", ""campusId"": null, ""viewerId"": null}",null,飞利浦轩坦书桌阅读灯,"设备完好,可当面检查。",12000,good,ON_SALE,public,2,明确为所求型号/版本；同义或中英改写不改变需求对象。 资格不通过时最终标签为 0；关键条件未知且无已知失败时为 U。,"[{""code"": ""wanted_active"", ""observed"": null, ""outcome"": ""not_applicable"", ""required"": null}, {""code"": ""product_status"", ""observed"": {""deleted"": false, ""status"": ""ON_SALE""}, ""outcome"": ""pass"", ""required"": {""deleted"": false, ""status"": ""ON_SALE""}}, {""code"": ""visibility"", ""observed"": ""public"", ""outcome"": ""pass"", ""required"": ""trusted synthetic context must permit visibility""}, {""code"": ""not_self"", ""observed"": null, ""outcome"": ""not_applicable"", ""required"": null}, {""code"": ""category"", ""observed"": ""lamp"", ""outcome"": ""pass"", ""required"": ""lamp""}, {""code"": ""budget"", ""observed"": 12000, ""outcome"": ""pass"", ""required"": {""max"": 12000, ""min"": 0}}, {""code"": ""condition"", ""observed"": ""good"", ""outcome"": ""not_applicable"", ""required"": null}, {""code"": ""place"", ""observed"": [""place-7-library""], ""outcome"": ""not_applicable"", ""required"": []}, {""code"": ""model"", ""observed"": ""轩坦"", ""outcome"": ""not_applicable"", ""required"": null}]",,,,,,,,
lamp-search-exact__703,lamp-search-exact,703,dev,search,飞利浦 轩坦 台灯,"{""categoryId"": ""lamp"", ""maxPriceFen"": 12000, ""minCondition"": null, ""minPriceFen"": 0, ""requiredModel"": null, ""requiredPlaceIds"": []}","{""asOf"": ""2026-09-26T00:00:00Z"", ""campusId"": null, ""viewerId"": null}",null,飞利浦悦恒吸顶灯,"同类用品,具体型号与目标不同。",6000,good,ON_SALE,public,1,同类但不是指定型号/版本，仅部分相关。 资格不通过时最终标签为 0；关键条件未知且无已知失败时为 U。,"[{""code"": ""wanted_active"", ""observed"": null, ""outcome"": ""not_applicable"", ""required"": null}, {""code"": ""product_status"", ""observed"": {""deleted"": false, ""status"": ""ON_SALE""}, ""outcome"": ""pass"", ""required"": {""deleted"": false, ""status"": ""ON_SALE""}}, {""code"": ""visibility"", ""observed"": ""public"", ""outcome"": ""pass"", ""required"": ""trusted synthetic context must permit visibility""}, {""code"": ""not_self"", ""observed"": null, ""outcome"": ""not_applicable"", ""required"": null}, {""code"": ""category"", ""observed"": ""lamp"", ""outcome"": ""pass"", ""required"": ""lamp""}, {""code"": ""budget"", ""observed"": 6000, ""outcome"": ""pass"", ""required"": {""max"": 12000, ""min"": 0}}, {""code"": ""condition"", ""observed"": ""good"", ""outcome"": ""not_applicable"", ""required"": null}, {""code"": ""place"", ""observed"": [""place-7-library""], ""outcome"": ""not_applicable"", ""required"": []}, {""code"": ""model"", ""observed"": ""OTHER-MODEL"", ""outcome"": ""not_applicable"", ""required"": null}]",,,,,,,,
lamp-search-exact__704,lamp-search-exact,704,dev,search,飞利浦 轩坦 台灯,"{""categoryId"": ""lamp"", ""maxPriceFen"": 12000, ""minCondition"": null, ""minPriceFen"": 0, ""requiredModel"": null, ""requiredPlaceIds"": []}","{""asOf"": ""2026-09-26T00:00:00Z"", ""campusId"": null, ""viewerId"": null}",null,飞利浦 轩坦 台灯,"出售相同型号,价格见标价。",12001,good,ON_SALE,public,0,明确为所求型号/版本；同义或中英改写不改变需求对象。 资格不通过时最终标签为 0；关键条件未知且无已知失败时为 U。,"[{""code"": ""wanted_active"", ""observed"": null, ""outcome"": ""not_applicable"", ""required"": null}, {""code"": ""product_status"", ""observed"": {""deleted"": false, ""status"": ""ON_SALE""}, ""outcome"": ""pass"", ""required"": {""deleted"": false, ""status"": ""ON_SALE""}}, {""code"": ""visibility"", ""observed"": ""public"", ""outcome"": ""pass"", ""required"": ""trusted synthetic context must permit visibility""}, {""code"": ""not_self"", ""observed"": null, ""outcome"": ""not_applicable"", ""required"": null}, {""code"": ""category"", ""observed"": ""lamp"", ""outcome"": ""pass"", ""required"": ""lamp""}, {""code"": ""budget"", ""observed"": 12001, ""outcome"": ""fail"", ""required"": {""max"": 12000, ""min"": 0}}, {""code"": ""condition"", ""observed"": ""good"", ""outcome"": ""not_applicable"", ""required"": null}, {""code"": ""place"", ""observed"": [""place-7-library""], ""outcome"": ""not_applicable"", ""required"": []}, {""code"": ""model"", ""observed"": ""轩坦"", ""outcome"": ""not_applicable"", ""required"": null}]",,,,,,,,
lamp-search-exact__705,lamp-search-exact,705,dev,search,飞利浦 轩坦 台灯,"{""categoryId"": ""lamp"", ""maxPriceFen"": 12000, ""minCondition"": null, ""minPriceFen"": 0, ""requiredModel"": null, ""requiredPlaceIds"": []}","{""asOf"": ""2026-09-26T00:00:00Z"", ""campusId"": null, ""viewerId"": null}",null,飞利浦 轩坦 台灯,"相同型号,已完成交易。",6000,good,SOLD,public,0,明确为所求型号/版本；同义或中英改写不改变需求对象。 资格不通过时最终标签为 0；关键条件未知且无已知失败时为 U。,"[{""code"": ""wanted_active"", ""observed"": null, ""outcome"": ""not_applicable"", ""required"": null}, {""code"": ""product_status"", ""observed"": {""deleted"": false, ""status"": ""SOLD""}, ""outcome"": ""fail"", ""required"": {""deleted"": false, ""status"": ""ON_SALE""}}, {""code"": ""visibility"", ""observed"": ""public"", ""outcome"": ""pass"", ""required"": ""trusted synthetic context must permit visibility""}, {""code"": ""not_self"", ""observed"": null, ""outcome"": ""not_applicable"", ""required"": null}, {""code"": ""category"", ""observed"": ""lamp"", ""outcome"": ""pass"", ""required"": ""lamp""}, {""code"": ""budget"", ""observed"": 6000, ""outcome"": ""pass"", ""required"": {""max"": 12000, ""min"": 0}}, {""code"": ""condition"", ""observed"": ""good"", ""outcome"": ""not_applicable"", ""required"": null}, {""code"": ""place"", ""observed"": [""place-7-library""], ""outcome"": ""not_applicable"", ""required"": []}, {""code"": ""model"", ""observed"": ""轩坦"", ""outcome"": ""not_applicable"", ""required"": null}]",,,,,,,,
lamp-search-exact__706,lamp-search-exact,706,dev,search,飞利浦 轩坦 台灯,"{""categoryId"": ""lamp"", ""maxPriceFen"": 12000, ""minCondition"": null, ""minPriceFen"": 0, ""requiredModel"": null, ""requiredPlaceIds"": []}","{""asOf"": ""2026-09-26T00:00:00Z"", ""campusId"": null, ""viewerId"": null}",null,飞利浦 轩坦 台灯,请依据结构化状态核对资格。,6000,,ON_SALE,public,2,明确为所求型号/版本；同义或中英改写不改变需求对象。 资格不通过时最终标签为 0；关键条件未知且无已知失败时为 U。,"[{""code"": ""wanted_active"", ""observed"": null, ""outcome"": ""not_applicable"", ""required"": null}, {""code"": ""product_status"", ""observed"": {""deleted"": false, ""status"": ""ON_SALE""}, ""outcome"": ""pass"", ""required"": {""deleted"": false, ""status"": ""ON_SALE""}}, {""code"": ""visibility"", ""observed"": ""public"", ""outcome"": ""pass"", ""required"": ""trusted synthetic context must permit visibility""}, {""code"": ""not_self"", ""observed"": null, ""outcome"": ""not_applicable"", ""required"": null}, {""code"": ""category"", ""observed"": ""lamp"", ""outcome"": ""pass"", ""required"": ""lamp""}, {""code"": ""budget"", ""observed"": 6000, ""outcome"": ""pass"", ""required"": {""max"": 12000, ""min"": 0}}, {""code"": ""condition"", ""observed"": null, ""outcome"": ""not_applicable"", ""required"": null}, {""code"": ""place"", ""observed"": [""place-7-library""], ""outcome"": ""not_applicable"", ""required"": []}, {""code"": ""model"", ""observed"": ""轩坦"", ""outcome"": ""not_applicable"", ""required"": null}]",,,,,,,,
lamp-search-natural__701,lamp-search-natural,701,dev,search,想要飞利浦轩坦阅读台灯,"{""categoryId"": ""lamp"", ""maxPriceFen"": 12000, ""minCondition"": null, ""minPriceFen"": 0, ""requiredModel"": null, ""requiredPlaceIds"": []}","{""asOf"": ""2026-09-26T00:00:00Z"", ""campusId"": null, ""viewerId"": null}",null,飞利浦 轩坦 台灯,"功能正常,附带原装配件。",0,good,ON_SALE,public,2,明确为所求型号/版本；同义或中英改写不改变需求对象。 资格不通过时最终标签为 0；关键条件未知且无已知失败时为 U。,"[{""code"": ""wanted_active"", ""observed"": null, ""outcome"": ""not_applicable"", ""required"": null}, {""code"": ""product_status"", ""observed"": {""deleted"": false, ""status"": ""ON_SALE""}, ""outcome"": ""pass"", ""required"": {""deleted"": false, ""status"": ""ON_SALE""}}, {""code"": ""visibility"", ""observed"": ""public"", ""outcome"": ""pass"", ""required"": ""trusted synthetic context must permit visibility""}, {""code"": ""not_self"", ""observed"": null, ""outcome"": ""not_applicable"", ""required"": null}, {""code"": ""category"", ""observed"": ""lamp"", ""outcome"": ""pass"", ""required"": ""lamp""}, {""code"": ""budget"", ""observed"": 0, ""outcome"": ""pass"", ""required"": {""max"": 12000, ""min"": 0}}, {""code"": ""condition"", ""observed"": ""good"", ""outcome"": ""not_applicable"", ""required"": null}, {""code"": ""place"", ""observed"": [""place-7-library""], ""outcome"": ""not_applicable"", ""required"": []}, {""code"": ""model"", ""observed"": ""轩坦"", ""outcome"": ""not_applicable"", ""required"": null}]",,,,,,,,
lamp-search-natural__702,lamp-search-natural,702,dev,search,想要飞利浦轩坦阅读台灯,"{""categoryId"": ""lamp"", ""maxPriceFen"": 12000, ""minCondition"": null, ""minPriceFen"": 0, ""requiredModel"": null, ""requiredPlaceIds"": []}","{""asOf"": ""2026-09-26T00:00:00Z"", ""campusId"": null, ""viewerId"": null}",null,飞利浦轩坦书桌阅读灯,"设备完好,可当面检查。",12000,good,ON_SALE,public,2,明确为所求型号/版本；同义或中英改写不改变需求对象。 资格不通过时最终标签为 0；关键条件未知且无已知失败时为 U。,"[{""code"": ""wanted_active"", ""observed"": null, ""outcome"": ""not_applicable"", ""required"": null}, {""code"": ""product_status"", ""observed"": {""deleted"": false, ""status"": ""ON_SALE""}, ""outcome"": ""pass"", ""required"": {""deleted"": false, ""status"": ""ON_SALE""}}, {""code"": ""visibility"", ""observed"": ""public"", ""outcome"": ""pass"", ""required"": ""trusted synthetic context must permit visibility""}, {""code"": ""not_self"", ""observed"": null, ""outcome"": ""not_applicable"", ""required"": null}, {""code"": ""category"", ""observed"": ""lamp"", ""outcome"": ""pass"", ""required"": ""lamp""}, {""code"": ""budget"", ""observed"": 12000, ""outcome"": ""pass"", ""required"": {""max"": 12000, ""min"": 0}}, {""code"": ""condition"", ""observed"": ""good"", ""outcome"": ""not_applicable"", ""required"": null}, {""code"": ""place"", ""observed"": [""place-7-library""], ""outcome"": ""not_applicable"", ""required"": []}, {""code"": ""model"", ""observed"": ""轩坦"", ""outcome"": ""not_applicable"", ""required"": null}]",,,,,,,,
lamp-search-natural__703,lamp-search-natural,703,dev,search,想要飞利浦轩坦阅读台灯,"{""categoryId"": ""lamp"", ""maxPriceFen"": 12000, ""minCondition"": null, ""minPriceFen"": 0, ""requiredModel"": null, ""requiredPlaceIds"": []}","{""asOf"": ""2026-09-26T00:00:00Z"", ""campusId"": null, ""viewerId"": null}",null,飞利浦悦恒吸顶灯,"同类用品,具体型号与目标不同。",6000,good,ON_SALE,public,1,同类但不是指定型号/版本，仅部分相关。 资格不通过时最终标签为 0；关键条件未知且无已知失败时为 U。,"[{""code"": ""wanted_active"", ""observed"": null, ""outcome"": ""not_applicable"", ""required"": null}, {""code"": ""product_status"", ""observed"": {""deleted"": false, ""status"": ""ON_SALE""}, ""outcome"": ""pass"", ""required"": {""deleted"": false, ""status"": ""ON_SALE""}}, {""code"": ""visibility"", ""observed"": ""public"", ""outcome"": ""pass"", ""required"": ""trusted synthetic context must permit visibility""}, {""code"": ""not_self"", ""observed"": null, ""outcome"": ""not_applicable"", ""required"": null}, {""code"": ""category"", ""observed"": ""lamp"", ""outcome"": ""pass"", ""required"": ""lamp""}, {""code"": ""budget"", ""observed"": 6000, ""outcome"": ""pass"", ""required"": {""max"": 12000, ""min"": 0}}, {""code"": ""condition"", ""observed"": ""good"", ""outcome"": ""not_applicable"", ""required"": null}, {""code"": ""place"", ""observed"": [""place-7-library""], ""outcome"": ""not_applicable"", ""required"": []}, {""code"": ""model"", ""observed"": ""OTHER-MODEL"", ""outcome"": ""not_applicable"", ""required"": null}]",,,,,,,,
lamp-search-natural__704,lamp-search-natural,704,dev,search,想要飞利浦轩坦阅读台灯,"{""categoryId"": ""lamp"", ""maxPriceFen"": 12000, ""minCondition"": null, ""minPriceFen"": 0, ""requiredModel"": null, ""requiredPlaceIds"": []}","{""asOf"": ""2026-09-26T00:00:00Z"", ""campusId"": null, ""viewerId"": null}",null,飞利浦 轩坦 台灯,"出售相同型号,价格见标价。",12001,good,ON_SALE,public,0,明确为所求型号/版本；同义或中英改写不改变需求对象。 资格不通过时最终标签为 0；关键条件未知且无已知失败时为 U。,"[{""code"": ""wanted_active"", ""observed"": null, ""outcome"": ""not_applicable"", ""required"": null}, {""code"": ""product_status"", ""observed"": {""deleted"": false, ""status"": ""ON_SALE""}, ""outcome"": ""pass"", ""required"": {""deleted"": false, ""status"": ""ON_SALE""}}, {""code"": ""visibility"", ""observed"": ""public"", ""outcome"": ""pass"", ""required"": ""trusted synthetic context must permit visibility""}, {""code"": ""not_self"", ""observed"": null, ""outcome"": ""not_applicable"", ""required"": null}, {""code"": ""category"", ""observed"": ""lamp"", ""outcome"": ""pass"", ""required"": ""lamp""}, {""code"": ""budget"", ""observed"": 12001, ""outcome"": ""fail"", ""required"": {""max"": 12000, ""min"": 0}}, {""code"": ""condition"", ""observed"": ""good"", ""outcome"": ""not_applicable"", ""required"": null}, {""code"": ""place"", ""observed"": [""place-7-library""], ""outcome"": ""not_applicable"", ""required"": []}, {""code"": ""model"", ""observed"": ""轩坦"", ""outcome"": ""not_applicable"", ""required"": null}]",,,,,,,,
lamp-search-natural__705,lamp-search-natural,705,dev,search,想要飞利浦轩坦阅读台灯,"{""categoryId"": ""lamp"", ""maxPriceFen"": 12000, ""minCondition"": null, ""minPriceFen"": 0, ""requiredModel"": null, ""requiredPlaceIds"": []}","{""asOf"": ""2026-09-26T00:00:00Z"", ""campusId"": null, ""viewerId"": null}",null,飞利浦 轩坦 台灯,"相同型号,已完成交易。",6000,good,SOLD,public,0,明确为所求型号/版本；同义或中英改写不改变需求对象。 资格不通过时最终标签为 0；关键条件未知且无已知失败时为 U。,"[{""code"": ""wanted_active"", ""observed"": null, ""outcome"": ""not_applicable"", ""required"": null}, {""code"": ""product_status"", ""observed"": {""deleted"": false, ""status"": ""SOLD""}, ""outcome"": ""fail"", ""required"": {""deleted"": false, ""status"": ""ON_SALE""}}, {""code"": ""visibility"", ""observed"": ""public"", ""outcome"": ""pass"", ""required"": ""trusted synthetic context must permit visibility""}, {""code"": ""not_self"", ""observed"": null, ""outcome"": ""not_applicable"", ""required"": null}, {""code"": ""category"", ""observed"": ""lamp"", ""outcome"": ""pass"", ""required"": ""lamp""}, {""code"": ""budget"", ""observed"": 6000, ""outcome"": ""pass"", ""required"": {""max"": 12000, ""min"": 0}}, {""code"": ""condition"", ""observed"": ""good"", ""outcome"": ""not_applicable"", ""required"": null}, {""code"": ""place"", ""observed"": [""place-7-library""], ""outcome"": ""not_applicable"", ""required"": []}, {""code"": ""model"", ""observed"": ""轩坦"", ""outcome"": ""not_applicable"", ""required"": null}]",,,,,,,,
lamp-search-natural__706,lamp-search-natural,706,dev,search,想要飞利浦轩坦阅读台灯,"{""categoryId"": ""lamp"", ""maxPriceFen"": 12000, ""minCondition"": null, ""minPriceFen"": 0, ""requiredModel"": null, ""requiredPlaceIds"": []}","{""asOf"": ""2026-09-26T00:00:00Z"", ""campusId"": null, ""viewerId"": null}",null,飞利浦 轩坦 台灯,请依据结构化状态核对资格。,6000,,ON_SALE,public,2,明确为所求型号/版本；同义或中英改写不改变需求对象。 资格不通过时最终标签为 0；关键条件未知且无已知失败时为 U。,"[{""code"": ""wanted_active"", ""observed"": null, ""outcome"": ""not_applicable"", ""required"": null}, {""code"": ""product_status"", ""observed"": {""deleted"": false, ""status"": ""ON_SALE""}, ""outcome"": ""pass"", ""required"": {""deleted"": false, ""status"": ""ON_SALE""}}, {""code"": ""visibility"", ""observed"": ""public"", ""outcome"": ""pass"", ""required"": ""trusted synthetic context must permit visibility""}, {""code"": ""not_self"", ""observed"": null, ""outcome"": ""not_applicable"", ""required"": null}, {""code"": ""category"", ""observed"": ""lamp"", ""outcome"": ""pass"", ""required"": ""lamp""}, {""code"": ""budget"", ""observed"": 6000, ""outcome"": ""pass"", ""required"": {""max"": 12000, ""min"": 0}}, {""code"": ""condition"", ""observed"": null, ""outcome"": ""not_applicable"", ""required"": null}, {""code"": ""place"", ""observed"": [""place-7-library""], ""outcome"": ""not_applicable"", ""required"": []}, {""code"": ""model"", ""observed"": ""轩坦"", ""outcome"": ""not_applicable"", ""required"": null}]",,,,,,,,
monitor-matching__201,monitor-matching,201,dev,matching,想收戴尔 P2422H 办公屏幕,"{""categoryId"": ""monitor"", ""maxPriceFen"": 70000, ""minCondition"": ""good"", ""minPriceFen"": 40000, ""requiredModel"": ""P2422H"", ""requiredPlaceIds"": [""place-2-library""]}","{""asOf"": ""2026-09-26T00:00:00Z"", ""campusId"": ""campus-2"", ""viewerId"": ""8002""}","{""entityVersion"": 1, ""expiresAt"": ""2026-10-01T00:00:00+08:00"", ""ownerId"": ""8002"", ""status"": ""OPEN"", ""wantedId"": ""7002""}",戴尔 P2422H 显示器,"功能正常,附带原装配件。",40000,good,ON_SALE,public,2,明确为所求型号/版本；同义或中英改写不改变需求对象。 资格不通过时最终标签为 0；关键条件未知且无已知失败时为 U。,"[{""code"": ""wanted_active"", ""observed"": {""expiresAt"": ""2026-10-01T00:00:00+08:00"", ""status"": ""OPEN""}, ""outcome"": ""pass"", ""required"": {""expiresAfter"": ""2026-09-26T00:00:00Z"", ""status"": ""OPEN""}}, {""code"": ""product_status"", ""observed"": {""deleted"": false, ""status"": ""ON_SALE""}, ""outcome"": ""pass"", ""required"": {""deleted"": false, ""status"": ""ON_SALE""}}, {""code"": ""visibility"", ""observed"": ""public"", ""outcome"": ""pass"", ""required"": ""trusted synthetic context must permit visibility""}, {""code"": ""not_self"", ""observed"": ""90201"", ""outcome"": ""pass"", ""required"": {""not"": ""8002""}}, {""code"": ""category"", ""observed"": ""monitor"", ""outcome"": ""pass"", ""required"": ""monitor""}, {""code"": ""budget"", ""observed"": 40000, ""outcome"": ""pass"", ""required"": {""max"": 70000, ""min"": 40000}}, {""code"": ""condition"", ""observed"": ""good"", ""outcome"": ""pass"", ""required"": ""good""}, {""code"": ""place"", ""observed"": [""place-2-library""], ""outcome"": ""pass"", ""required"": [""place-2-library""]}, {""code"": ""model"", ""observed"": ""P2422H"", ""outcome"": ""pass"", ""required"": ""P2422H""}]",,,,,,,,
monitor-matching__202,monitor-matching,202,dev,matching,想收戴尔 P2422H 办公屏幕,"{""categoryId"": ""monitor"", ""maxPriceFen"": 70000, ""minCondition"": ""good"", ""minPriceFen"": 40000, ""requiredModel"": ""P2422H"", ""requiredPlaceIds"": [""place-2-library""]}","{""asOf"": ""2026-09-26T00:00:00Z"", ""campusId"": ""campus-2"", ""viewerId"": ""8002""}","{""entityVersion"": 1, ""expiresAt"": ""2026-10-01T00:00:00+08:00"", ""ownerId"": ""8002"", ""status"": ""OPEN"", ""wantedId"": ""7002""}",戴尔 P2422H 二十四英寸办公屏幕,"设备完好,可当面检查。",70000,good,ON_SALE,public,2,明确为所求型号/版本；同义或中英改写不改变需求对象。 资格不通过时最终标签为 0；关键条件未知且无已知失败时为 U。,"[{""code"": ""wanted_active"", ""observed"": {""expiresAt"": ""2026-10-01T00:00:00+08:00"", ""status"": ""OPEN""}, ""outcome"": ""pass"", ""required"": {""expiresAfter"": ""2026-09-26T00:00:00Z"", ""status"": ""OPEN""}}, {""code"": ""product_status"", ""observed"": {""deleted"": false, ""status"": ""ON_SALE""}, ""outcome"": ""pass"", ""required"": {""deleted"": false, ""status"": ""ON_SALE""}}, {""code"": ""visibility"", ""observed"": ""public"", ""outcome"": ""pass"", ""required"": ""trusted synthetic context must permit visibility""}, {""code"": ""not_self"", ""observed"": ""90202"", ""outcome"": ""pass"", ""required"": {""not"": ""8002""}}, {""code"": ""category"", ""observed"": ""monitor"", ""outcome"": ""pass"", ""required"": ""monitor""}, {""code"": ""budget"", ""observed"": 70000, ""outcome"": ""pass"", ""required"": {""max"": 70000, ""min"": 40000}}, {""code"": ""condition"", ""observed"": ""good"", ""outcome"": ""pass"", ""required"": ""good""}, {""code"": ""place"", ""observed"": [""place-2-library""], ""outcome"": ""pass"", ""required"": [""place-2-library""]}, {""code"": ""model"", ""observed"": ""P2422H"", ""outcome"": ""pass"", ""required"": ""P2422H""}]",,,,,,,,
monitor-matching__203,monitor-matching,203,dev,matching,想收戴尔 P2422H 办公屏幕,"{""categoryId"": ""monitor"", ""maxPriceFen"": 70000, ""minCondition"": ""good"", ""minPriceFen"": 40000, ""requiredModel"": ""P2422H"", ""requiredPlaceIds"": [""place-2-library""]}","{""asOf"": ""2026-09-26T00:00:00Z"", ""campusId"": ""campus-2"", ""viewerId"": ""8002""}","{""entityVersion"": 1, ""expiresAt"": ""2026-10-01T00:00:00+08:00"", ""ownerId"": ""8002"", ""status"": ""OPEN"", ""wantedId"": ""7002""}",戴尔 P2419H 显示器,"同类用品,具体型号与目标不同。",55000,good,ON_SALE,public,0,同类但不是指定型号/版本，仅部分相关。 资格不通过时最终标签为 0；关键条件未知且无已知失败时为 U。,"[{""code"": ""wanted_active"", ""observed"": {""expiresAt"": ""2026-10-01T00:00:00+08:00"", ""status"": ""OPEN""}, ""outcome"": ""pass"", ""required"": {""expiresAfter"": ""2026-09-26T00:00:00Z"", ""status"": ""OPEN""}}, {""code"": ""product_status"", ""observed"": {""deleted"": false, ""status"": ""ON_SALE""}, ""outcome"": ""pass"", ""required"": {""deleted"": false, ""status"": ""ON_SALE""}}, {""code"": ""visibility"", ""observed"": ""public"", ""outcome"": ""pass"", ""required"": ""trusted synthetic context must permit visibility""}, {""code"": ""not_self"", ""observed"": ""90203"", ""outcome"": ""pass"", ""required"": {""not"": ""8002""}}, {""code"": ""category"", ""observed"": ""monitor"", ""outcome"": ""pass"", ""required"": ""monitor""}, {""code"": ""budget"", ""observed"": 55000, ""outcome"": ""pass"", ""required"": {""max"": 70000, ""min"": 40000}}, {""code"": ""condition"", ""observed"": ""good"", ""outcome"": ""pass"", ""required"": ""good""}, {""code"": ""place"", ""observed"": [""place-2-library""], ""outcome"": ""pass"", ""required"": [""place-2-library""]}, {""code"": ""model"", ""observed"": ""OTHER-MODEL"", ""outcome"": ""fail"", ""required"": ""P2422H""}]",,,,,,,,
monitor-matching__204,monitor-matching,204,dev,matching,想收戴尔 P2422H 办公屏幕,"{""categoryId"": ""monitor"", ""maxPriceFen"": 70000, ""minCondition"": ""good"", ""minPriceFen"": 40000, ""requiredModel"": ""P2422H"", ""requiredPlaceIds"": [""place-2-library""]}","{""asOf"": ""2026-09-26T00:00:00Z"", ""campusId"": ""campus-2"", ""viewerId"": ""8002""}","{""entityVersion"": 1, ""expiresAt"": ""2026-10-01T00:00:00+08:00"", ""ownerId"": ""8002"", ""status"": ""OPEN"", ""wantedId"": ""7002""}",戴尔 P2422H 显示器,"出售相同型号,价格见标价。",70001,good,ON_SALE,public,0,明确为所求型号/版本；同义或中英改写不改变需求对象。 资格不通过时最终标签为 0；关键条件未知且无已知失败时为 U。,"[{""code"": ""wanted_active"", ""observed"": {""expiresAt"": ""2026-10-01T00:00:00+08:00"", ""status"": ""OPEN""}, ""outcome"": ""pass"", ""required"": {""expiresAfter"": ""2026-09-26T00:00:00Z"", ""status"": ""OPEN""}}, {""code"": ""product_status"", ""observed"": {""deleted"": false, ""status"": ""ON_SALE""}, ""outcome"": ""pass"", ""required"": {""deleted"": false, ""status"": ""ON_SALE""}}, {""code"": ""visibility"", ""observed"": ""public"", ""outcome"": ""pass"", ""required"": ""trusted synthetic context must permit visibility""}, {""code"": ""not_self"", ""observed"": ""90204"", ""outcome"": ""pass"", ""required"": {""not"": ""8002""}}, {""code"": ""category"", ""observed"": ""monitor"", ""outcome"": ""pass"", ""required"": ""monitor""}, {""code"": ""budget"", ""observed"": 70001, ""outcome"": ""fail"", ""required"": {""max"": 70000, ""min"": 40000}}, {""code"": ""condition"", ""observed"": ""good"", ""outcome"": ""pass"", ""required"": ""good""}, {""code"": ""place"", ""observed"": [""place-2-library""], ""outcome"": ""pass"", ""required"": [""place-2-library""]}, {""code"": ""model"", ""observed"": ""P2422H"", ""outcome"": ""pass"", ""required"": ""P2422H""}]",,,,,,,,
monitor-matching__205,monitor-matching,205,dev,matching,想收戴尔 P2422H 办公屏幕,"{""categoryId"": ""monitor"", ""maxPriceFen"": 70000, ""minCondition"": ""good"", ""minPriceFen"": 40000, ""requiredModel"": ""P2422H"", ""requiredPlaceIds"": [""place-2-library""]}","{""asOf"": ""2026-09-26T00:00:00Z"", ""campusId"": ""campus-2"", ""viewerId"": ""8002""}","{""entityVersion"": 1, ""expiresAt"": ""2026-10-01T00:00:00+08:00"", ""ownerId"": ""8002"", ""status"": ""OPEN"", ""wantedId"": ""7002""}",戴尔 P2422H 显示器,"相同型号,已完成交易。",55000,good,SOLD,public,0,明确为所求型号/版本；同义或中英改写不改变需求对象。 资格不通过时最终标签为 0；关键条件未知且无已知失败时为 U。,"[{""code"": ""wanted_active"", ""observed"": {""expiresAt"": ""2026-10-01T00:00:00+08:00"", ""status"": ""OPEN""}, ""outcome"": ""pass"", ""required"": {""expiresAfter"": ""2026-09-26T00:00:00Z"", ""status"": ""OPEN""}}, {""code"": ""product_status"", ""observed"": {""deleted"": false, ""status"": ""SOLD""}, ""outcome"": ""fail"", ""required"": {""deleted"": false, ""status"": ""ON_SALE""}}, {""code"": ""visibility"", ""observed"": ""public"", ""outcome"": ""pass"", ""required"": ""trusted synthetic context must permit visibility""}, {""code"": ""not_self"", ""observed"": ""90205"", ""outcome"": ""pass"", ""required"": {""not"": ""8002""}}, {""code"": ""category"", ""observed"": ""monitor"", ""outcome"": ""pass"", ""required"": ""monitor""}, {""code"": ""budget"", ""observed"": 55000, ""outcome"": ""pass"", ""required"": {""max"": 70000, ""min"": 40000}}, {""code"": ""condition"", ""observed"": ""good"", ""outcome"": ""pass"", ""required"": ""good""}, {""code"": ""place"", ""observed"": [""place-2-library""], ""outcome"": ""pass"", ""required"": [""place-2-library""]}, {""code"": ""model"", ""observed"": ""P2422H"", ""outcome"": ""pass"", ""required"": ""P2422H""}]",,,,,,,,
monitor-matching__206,monitor-matching,206,dev,matching,想收戴尔 P2422H 办公屏幕,"{""categoryId"": ""monitor"", ""maxPriceFen"": 70000, ""minCondition"": ""good"", ""minPriceFen"": 40000, ""requiredModel"": ""P2422H"", ""requiredPlaceIds"": [""place-2-library""]}","{""asOf"": ""2026-09-26T00:00:00Z"", ""campusId"": ""campus-2"", ""viewerId"": ""8002""}","{""entityVersion"": 1, ""expiresAt"": ""2026-10-01T00:00:00+08:00"", ""ownerId"": ""8002"", ""status"": ""OPEN"", ""wantedId"": ""7002""}",戴尔 P2422H 显示器,请依据结构化状态核对资格。,55000,good,HIDDEN,public,0,明确为所求型号/版本；同义或中英改写不改变需求对象。 资格不通过时最终标签为 0；关键条件未知且无已知失败时为 U。,"[{""code"": ""wanted_active"", ""observed"": {""expiresAt"": ""2026-10-01T00:00:00+08:00"", ""status"": ""OPEN""}, ""outcome"": ""pass"", ""required"": {""expiresAfter"": ""2026-09-26T00:00:00Z"", ""status"": ""OPEN""}}, {""code"": ""product_status"", ""observed"": {""deleted"": false, ""status"": ""HIDDEN""}, ""outcome"": ""fail"", ""required"": {""deleted"": false, ""status"": ""ON_SALE""}}, {""code"": ""visibility"", ""observed"": ""public"", ""outcome"": ""pass"", ""required"": ""trusted synthetic context must permit visibility""}, {""code"": ""not_self"", ""observed"": ""90206"", ""outcome"": ""pass"", ""required"": {""not"": ""8002""}}, {""code"": ""category"", ""observed"": ""monitor"", ""outcome"": ""pass"", ""required"": ""monitor""}, {""code"": ""budget"", ""observed"": 55000, ""outcome"": ""pass"", ""required"": {""max"": 70000, ""min"": 40000}}, {""code"": ""condition"", ""observed"": ""good"", ""outcome"": ""pass"", ""required"": ""good""}, {""code"": ""place"", ""observed"": [""place-2-library""], ""outcome"": ""pass"", ""required"": [""place-2-library""]}, {""code"": ""model"", ""observed"": ""P2422H"", ""outcome"": ""pass"", ""required"": ""P2422H""}]",,,,,,,,
monitor-search-exact__201,monitor-search-exact,201,dev,search,戴尔 P2422H 显示器,"{""categoryId"": ""monitor"", ""maxPriceFen"": 70000, ""minCondition"": null, ""minPriceFen"": 40000, ""requiredModel"": null, ""requiredPlaceIds"": []}","{""asOf"": ""2026-09-26T00:00:00Z"", ""campusId"": null, ""viewerId"": null}",null,戴尔 P2422H 显示器,"功能正常,附带原装配件。",40000,good,ON_SALE,public,2,明确为所求型号/版本；同义或中英改写不改变需求对象。 资格不通过时最终标签为 0；关键条件未知且无已知失败时为 U。,"[{""code"": ""wanted_active"", ""observed"": null, ""outcome"": ""not_applicable"", ""required"": null}, {""code"": ""product_status"", ""observed"": {""deleted"": false, ""status"": ""ON_SALE""}, ""outcome"": ""pass"", ""required"": {""deleted"": false, ""status"": ""ON_SALE""}}, {""code"": ""visibility"", ""observed"": ""public"", ""outcome"": ""pass"", ""required"": ""trusted synthetic context must permit visibility""}, {""code"": ""not_self"", ""observed"": null, ""outcome"": ""not_applicable"", ""required"": null}, {""code"": ""category"", ""observed"": ""monitor"", ""outcome"": ""pass"", ""required"": ""monitor""}, {""code"": ""budget"", ""observed"": 40000, ""outcome"": ""pass"", ""required"": {""max"": 70000, ""min"": 40000}}, {""code"": ""condition"", ""observed"": ""good"", ""outcome"": ""not_applicable"", ""required"": null}, {""code"": ""place"", ""observed"": [""place-2-library""], ""outcome"": ""not_applicable"", ""required"": []}, {""code"": ""model"", ""observed"": ""P2422H"", ""outcome"": ""not_applicable"", ""required"": null}]",,,,,,,,
monitor-search-exact__202,monitor-search-exact,202,dev,search,戴尔 P2422H 显示器,"{""categoryId"": ""monitor"", ""maxPriceFen"": 70000, ""minCondition"": null, ""minPriceFen"": 40000, ""requiredModel"": null, ""requiredPlaceIds"": []}","{""asOf"": ""2026-09-26T00:00:00Z"", ""campusId"": null, ""viewerId"": null}",null,戴尔 P2422H 二十四英寸办公屏幕,"设备完好,可当面检查。",70000,good,ON_SALE,public,2,明确为所求型号/版本；同义或中英改写不改变需求对象。 资格不通过时最终标签为 0；关键条件未知且无已知失败时为 U。,"[{""code"": ""wanted_active"", ""observed"": null, ""outcome"": ""not_applicable"", ""required"": null}, {""code"": ""product_status"", ""observed"": {""deleted"": false, ""status"": ""ON_SALE""}, ""outcome"": ""pass"", ""required"": {""deleted"": false, ""status"": ""ON_SALE""}}, {""code"": ""visibility"", ""observed"": ""public"", ""outcome"": ""pass"", ""required"": ""trusted synthetic context must permit visibility""}, {""code"": ""not_self"", ""observed"": null, ""outcome"": ""not_applicable"", ""required"": null}, {""code"": ""category"", ""observed"": ""monitor"", ""outcome"": ""pass"", ""required"": ""monitor""}, {""code"": ""budget"", ""observed"": 70000, ""outcome"": ""pass"", ""required"": {""max"": 70000, ""min"": 40000}}, {""code"": ""condition"", ""observed"": ""good"", ""outcome"": ""not_applicable"", ""required"": null}, {""code"": ""place"", ""observed"": [""place-2-library""], ""outcome"": ""not_applicable"", ""required"": []}, {""code"": ""model"", ""observed"": ""P2422H"", ""outcome"": ""not_applicable"", ""required"": null}]",,,,,,,,
monitor-search-exact__203,monitor-search-exact,203,dev,search,戴尔 P2422H 显示器,"{""categoryId"": ""monitor"", ""maxPriceFen"": 70000, ""minCondition"": null, ""minPriceFen"": 40000, ""requiredModel"": null, ""requiredPlaceIds"": []}","{""asOf"": ""2026-09-26T00:00:00Z"", ""campusId"": null, ""viewerId"": null}",null,戴尔 P2419H 显示器,"同类用品,具体型号与目标不同。",55000,good,ON_SALE,public,1,同类但不是指定型号/版本，仅部分相关。 资格不通过时最终标签为 0；关键条件未知且无已知失败时为 U。,"[{""code"": ""wanted_active"", ""observed"": null, ""outcome"": ""not_applicable"", ""required"": null}, {""code"": ""product_status"", ""observed"": {""deleted"": false, ""status"": ""ON_SALE""}, ""outcome"": ""pass"", ""required"": {""deleted"": false, ""status"": ""ON_SALE""}}, {""code"": ""visibility"", ""observed"": ""public"", ""outcome"": ""pass"", ""required"": ""trusted synthetic context must permit visibility""}, {""code"": ""not_self"", ""observed"": null, ""outcome"": ""not_applicable"", ""required"": null}, {""code"": ""category"", ""observed"": ""monitor"", ""outcome"": ""pass"", ""required"": ""monitor""}, {""code"": ""budget"", ""observed"": 55000, ""outcome"": ""pass"", ""required"": {""max"": 70000, ""min"": 40000}}, {""code"": ""condition"", ""observed"": ""good"", ""outcome"": ""not_applicable"", ""required"": null}, {""code"": ""place"", ""observed"": [""place-2-library""], ""outcome"": ""not_applicable"", ""required"": []}, {""code"": ""model"", ""observed"": ""OTHER-MODEL"", ""outcome"": ""not_applicable"", ""required"": null}]",,,,,,,,
monitor-search-exact__204,monitor-search-exact,204,dev,search,戴尔 P2422H 显示器,"{""categoryId"": ""monitor"", ""maxPriceFen"": 70000, ""minCondition"": null, ""minPriceFen"": 40000, ""requiredModel"": null, ""requiredPlaceIds"": []}","{""asOf"": ""2026-09-26T00:00:00Z"", ""campusId"": null, ""viewerId"": null}",null,戴尔 P2422H 显示器,"出售相同型号,价格见标价。",70001,good,ON_SALE,public,0,明确为所求型号/版本；同义或中英改写不改变需求对象。 资格不通过时最终标签为 0；关键条件未知且无已知失败时为 U。,"[{""code"": ""wanted_active"", ""observed"": null, ""outcome"": ""not_applicable"", ""required"": null}, {""code"": ""product_status"", ""observed"": {""deleted"": false, ""status"": ""ON_SALE""}, ""outcome"": ""pass"", ""required"": {""deleted"": false, ""status"": ""ON_SALE""}}, {""code"": ""visibility"", ""observed"": ""public"", ""outcome"": ""pass"", ""required"": ""trusted synthetic context must permit visibility""}, {""code"": ""not_self"", ""observed"": null, ""outcome"": ""not_applicable"", ""required"": null}, {""code"": ""category"", ""observed"": ""monitor"", ""outcome"": ""pass"", ""required"": ""monitor""}, {""code"": ""budget"", ""observed"": 70001, ""outcome"": ""fail"", ""required"": {""max"": 70000, ""min"": 40000}}, {""code"": ""condition"", ""observed"": ""good"", ""outcome"": ""not_applicable"", ""required"": null}, {""code"": ""place"", ""observed"": [""place-2-library""], ""outcome"": ""not_applicable"", ""required"": []}, {""code"": ""model"", ""observed"": ""P2422H"", ""outcome"": ""not_applicable"", ""required"": null}]",,,,,,,,
monitor-search-exact__205,monitor-search-exact,205,dev,search,戴尔 P2422H 显示器,"{""categoryId"": ""monitor"", ""maxPriceFen"": 70000, ""minCondition"": null, ""minPriceFen"": 40000, ""requiredModel"": null, ""requiredPlaceIds"": []}","{""asOf"": ""2026-09-26T00:00:00Z"", ""campusId"": null, ""viewerId"": null}",null,戴尔 P2422H 显示器,"相同型号,已完成交易。",55000,good,SOLD,public,0,明确为所求型号/版本；同义或中英改写不改变需求对象。 资格不通过时最终标签为 0；关键条件未知且无已知失败时为 U。,"[{""code"": ""wanted_active"", ""observed"": null, ""outcome"": ""not_applicable"", ""required"": null}, {""code"": ""product_status"", ""observed"": {""deleted"": false, ""status"": ""SOLD""}, ""outcome"": ""fail"", ""required"": {""deleted"": false, ""status"": ""ON_SALE""}}, {""code"": ""visibility"", ""observed"": ""public"", ""outcome"": ""pass"", ""required"": ""trusted synthetic context must permit visibility""}, {""code"": ""not_self"", ""observed"": null, ""outcome"": ""not_applicable"", ""required"": null}, {""code"": ""category"", ""observed"": ""monitor"", ""outcome"": ""pass"", ""required"": ""monitor""}, {""code"": ""budget"", ""observed"": 55000, ""outcome"": ""pass"", ""required"": {""max"": 70000, ""min"": 40000}}, {""code"": ""condition"", ""observed"": ""good"", ""outcome"": ""not_applicable"", ""required"": null}, {""code"": ""place"", ""observed"": [""place-2-library""], ""outcome"": ""not_applicable"", ""required"": []}, {""code"": ""model"", ""observed"": ""P2422H"", ""outcome"": ""not_applicable"", ""required"": null}]",,,,,,,,
monitor-search-exact__206,monitor-search-exact,206,dev,search,戴尔 P2422H 显示器,"{""categoryId"": ""monitor"", ""maxPriceFen"": 70000, ""minCondition"": null, ""minPriceFen"": 40000, ""requiredModel"": null, ""requiredPlaceIds"": []}","{""asOf"": ""2026-09-26T00:00:00Z"", ""campusId"": null, ""viewerId"": null}",null,戴尔 P2422H 显示器,请依据结构化状态核对资格。,55000,good,HIDDEN,public,0,明确为所求型号/版本；同义或中英改写不改变需求对象。 资格不通过时最终标签为 0；关键条件未知且无已知失败时为 U。,"[{""code"": ""wanted_active"", ""observed"": null, ""outcome"": ""not_applicable"", ""required"": null}, {""code"": ""product_status"", ""observed"": {""deleted"": false, ""status"": ""HIDDEN""}, ""outcome"": ""fail"", ""required"": {""deleted"": false, ""status"": ""ON_SALE""}}, {""code"": ""visibility"", ""observed"": ""public"", ""outcome"": ""pass"", ""required"": ""trusted synthetic context must permit visibility""}, {""code"": ""not_self"", ""observed"": null, ""outcome"": ""not_applicable"", ""required"": null}, {""code"": ""category"", ""observed"": ""monitor"", ""outcome"": ""pass"", ""required"": ""monitor""}, {""code"": ""budget"", ""observed"": 55000, ""outcome"": ""pass"", ""required"": {""max"": 70000, ""min"": 40000}}, {""code"": ""condition"", ""observed"": ""good"", ""outcome"": ""not_applicable"", ""required"": null}, {""code"": ""place"", ""observed"": [""place-2-library""], ""outcome"": ""not_applicable"", ""required"": []}, {""code"": ""model"", ""observed"": ""P2422H"", ""outcome"": ""not_applicable"", ""required"": null}]",,,,,,,,
monitor-search-natural__201,monitor-search-natural,201,dev,search,想收戴尔 P2422H 办公屏幕,"{""categoryId"": ""monitor"", ""maxPriceFen"": 70000, ""minCondition"": null, ""minPriceFen"": 40000, ""requiredModel"": null, ""requiredPlaceIds"": []}","{""asOf"": ""2026-09-26T00:00:00Z"", ""campusId"": null, ""viewerId"": null}",null,戴尔 P2422H 显示器,"功能正常,附带原装配件。",40000,good,ON_SALE,public,2,明确为所求型号/版本；同义或中英改写不改变需求对象。 资格不通过时最终标签为 0；关键条件未知且无已知失败时为 U。,"[{""code"": ""wanted_active"", ""observed"": null, ""outcome"": ""not_applicable"", ""required"": null}, {""code"": ""product_status"", ""observed"": {""deleted"": false, ""status"": ""ON_SALE""}, ""outcome"": ""pass"", ""required"": {""deleted"": false, ""status"": ""ON_SALE""}}, {""code"": ""visibility"", ""observed"": ""public"", ""outcome"": ""pass"", ""required"": ""trusted synthetic context must permit visibility""}, {""code"": ""not_self"", ""observed"": null, ""outcome"": ""not_applicable"", ""required"": null}, {""code"": ""category"", ""observed"": ""monitor"", ""outcome"": ""pass"", ""required"": ""monitor""}, {""code"": ""budget"", ""observed"": 40000, ""outcome"": ""pass"", ""required"": {""max"": 70000, ""min"": 40000}}, {""code"": ""condition"", ""observed"": ""good"", ""outcome"": ""not_applicable"", ""required"": null}, {""code"": ""place"", ""observed"": [""place-2-library""], ""outcome"": ""not_applicable"", ""required"": []}, {""code"": ""model"", ""observed"": ""P2422H"", ""outcome"": ""not_applicable"", ""required"": null}]",,,,,,,,
monitor-search-natural__202,monitor-search-natural,202,dev,search,想收戴尔 P2422H 办公屏幕,"{""categoryId"": ""monitor"", ""maxPriceFen"": 70000, ""minCondition"": null, ""minPriceFen"": 40000, ""requiredModel"": null, ""requiredPlaceIds"": []}","{""asOf"": ""2026-09-26T00:00:00Z"", ""campusId"": null, ""viewerId"": null}",null,戴尔 P2422H 二十四英寸办公屏幕,"设备完好,可当面检查。",70000,good,ON_SALE,public,2,明确为所求型号/版本；同义或中英改写不改变需求对象。 资格不通过时最终标签为 0；关键条件未知且无已知失败时为 U。,"[{""code"": ""wanted_active"", ""observed"": null, ""outcome"": ""not_applicable"", ""required"": null}, {""code"": ""product_status"", ""observed"": {""deleted"": false, ""status"": ""ON_SALE""}, ""outcome"": ""pass"", ""required"": {""deleted"": false, ""status"": ""ON_SALE""}}, {""code"": ""visibility"", ""observed"": ""public"", ""outcome"": ""pass"", ""required"": ""trusted synthetic context must permit visibility""}, {""code"": ""not_self"", ""observed"": null, ""outcome"": ""not_applicable"", ""required"": null}, {""code"": ""category"", ""observed"": ""monitor"", ""outcome"": ""pass"", ""required"": ""monitor""}, {""code"": ""budget"", ""observed"": 70000, ""outcome"": ""pass"", ""required"": {""max"": 70000, ""min"": 40000}}, {""code"": ""condition"", ""observed"": ""good"", ""outcome"": ""not_applicable"", ""required"": null}, {""code"": ""place"", ""observed"": [""place-2-library""], ""outcome"": ""not_applicable"", ""required"": []}, {""code"": ""model"", ""observed"": ""P2422H"", ""outcome"": ""not_applicable"", ""required"": null}]",,,,,,,,
monitor-search-natural__203,monitor-search-natural,203,dev,search,想收戴尔 P2422H 办公屏幕,"{""categoryId"": ""monitor"", ""maxPriceFen"": 70000, ""minCondition"": null, ""minPriceFen"": 40000, ""requiredModel"": null, ""requiredPlaceIds"": []}","{""asOf"": ""2026-09-26T00:00:00Z"", ""campusId"": null, ""viewerId"": null}",null,戴尔 P2419H 显示器,"同类用品,具体型号与目标不同。",55000,good,ON_SALE,public,1,同类但不是指定型号/版本，仅部分相关。 资格不通过时最终标签为 0；关键条件未知且无已知失败时为 U。,"[{""code"": ""wanted_active"", ""observed"": null, ""outcome"": ""not_applicable"", ""required"": null}, {""code"": ""product_status"", ""observed"": {""deleted"": false, ""status"": ""ON_SALE""}, ""outcome"": ""pass"", ""required"": {""deleted"": false, ""status"": ""ON_SALE""}}, {""code"": ""visibility"", ""observed"": ""public"", ""outcome"": ""pass"", ""required"": ""trusted synthetic context must permit visibility""}, {""code"": ""not_self"", ""observed"": null, ""outcome"": ""not_applicable"", ""required"": null}, {""code"": ""category"", ""observed"": ""monitor"", ""outcome"": ""pass"", ""required"": ""monitor""}, {""code"": ""budget"", ""observed"": 55000, ""outcome"": ""pass"", ""required"": {""max"": 70000, ""min"": 40000}}, {""code"": ""condition"", ""observed"": ""good"", ""outcome"": ""not_applicable"", ""required"": null}, {""code"": ""place"", ""observed"": [""place-2-library""], ""outcome"": ""not_applicable"", ""required"": []}, {""code"": ""model"", ""observed"": ""OTHER-MODEL"", ""outcome"": ""not_applicable"", ""required"": null}]",,,,,,,,
monitor-search-natural__204,monitor-search-natural,204,dev,search,想收戴尔 P2422H 办公屏幕,"{""categoryId"": ""monitor"", ""maxPriceFen"": 70000, ""minCondition"": null, ""minPriceFen"": 40000, ""requiredModel"": null, ""requiredPlaceIds"": []}","{""asOf"": ""2026-09-26T00:00:00Z"", ""campusId"": null, ""viewerId"": null}",null,戴尔 P2422H 显示器,"出售相同型号,价格见标价。",70001,good,ON_SALE,public,0,明确为所求型号/版本；同义或中英改写不改变需求对象。 资格不通过时最终标签为 0；关键条件未知且无已知失败时为 U。,"[{""code"": ""wanted_active"", ""observed"": null, ""outcome"": ""not_applicable"", ""required"": null}, {""code"": ""product_status"", ""observed"": {""deleted"": false, ""status"": ""ON_SALE""}, ""outcome"": ""pass"", ""required"": {""deleted"": false, ""status"": ""ON_SALE""}}, {""code"": ""visibility"", ""observed"": ""public"", ""outcome"": ""pass"", ""required"": ""trusted synthetic context must permit visibility""}, {""code"": ""not_self"", ""observed"": null, ""outcome"": ""not_applicable"", ""required"": null}, {""code"": ""category"", ""observed"": ""monitor"", ""outcome"": ""pass"", ""required"": ""monitor""}, {""code"": ""budget"", ""observed"": 70001, ""outcome"": ""fail"", ""required"": {""max"": 70000, ""min"": 40000}}, {""code"": ""condition"", ""observed"": ""good"", ""outcome"": ""not_applicable"", ""required"": null}, {""code"": ""place"", ""observed"": [""place-2-library""], ""outcome"": ""not_applicable"", ""required"": []}, {""code"": ""model"", ""observed"": ""P2422H"", ""outcome"": ""not_applicable"", ""required"": null}]",,,,,,,,
monitor-search-natural__205,monitor-search-natural,205,dev,search,想收戴尔 P2422H 办公屏幕,"{""categoryId"": ""monitor"", ""maxPriceFen"": 70000, ""minCondition"": null, ""minPriceFen"": 40000, ""requiredModel"": null, ""requiredPlaceIds"": []}","{""asOf"": ""2026-09-26T00:00:00Z"", ""campusId"": null, ""viewerId"": null}",null,戴尔 P2422H 显示器,"相同型号,已完成交易。",55000,good,SOLD,public,0,明确为所求型号/版本；同义或中英改写不改变需求对象。 资格不通过时最终标签为 0；关键条件未知且无已知失败时为 U。,"[{""code"": ""wanted_active"", ""observed"": null, ""outcome"": ""not_applicable"", ""required"": null}, {""code"": ""product_status"", ""observed"": {""deleted"": false, ""status"": ""SOLD""}, ""outcome"": ""fail"", ""required"": {""deleted"": false, ""status"": ""ON_SALE""}}, {""code"": ""visibility"", ""observed"": ""public"", ""outcome"": ""pass"", ""required"": ""trusted synthetic context must permit visibility""}, {""code"": ""not_self"", ""observed"": null, ""outcome"": ""not_applicable"", ""required"": null}, {""code"": ""category"", ""observed"": ""monitor"", ""outcome"": ""pass"", ""required"": ""monitor""}, {""code"": ""budget"", ""observed"": 55000, ""outcome"": ""pass"", ""required"": {""max"": 70000, ""min"": 40000}}, {""code"": ""condition"", ""observed"": ""good"", ""outcome"": ""not_applicable"", ""required"": null}, {""code"": ""place"", ""observed"": [""place-2-library""], ""outcome"": ""not_applicable"", ""required"": []}, {""code"": ""model"", ""observed"": ""P2422H"", ""outcome"": ""not_applicable"", ""required"": null}]",,,,,,,,
monitor-search-natural__206,monitor-search-natural,206,dev,search,想收戴尔 P2422H 办公屏幕,"{""categoryId"": ""monitor"", ""maxPriceFen"": 70000, ""minCondition"": null, ""minPriceFen"": 40000, ""requiredModel"": null, ""requiredPlaceIds"": []}","{""asOf"": ""2026-09-26T00:00:00Z"", ""campusId"": null, ""viewerId"": null}",null,戴尔 P2422H 显示器,请依据结构化状态核对资格。,55000,good,HIDDEN,public,0,明确为所求型号/版本；同义或中英改写不改变需求对象。 资格不通过时最终标签为 0；关键条件未知且无已知失败时为 U。,"[{""code"": ""wanted_active"", ""observed"": null, ""outcome"": ""not_applicable"", ""required"": null}, {""code"": ""product_status"", ""observed"": {""deleted"": false, ""status"": ""HIDDEN""}, ""outcome"": ""fail"", ""required"": {""deleted"": false, ""status"": ""ON_SALE""}}, {""code"": ""visibility"", ""observed"": ""public"", ""outcome"": ""pass"", ""required"": ""trusted synthetic context must permit visibility""}, {""code"": ""not_self"", ""observed"": null, ""outcome"": ""not_applicable"", ""required"": null}, {""code"": ""category"", ""observed"": ""monitor"", ""outcome"": ""pass"", ""required"": ""monitor""}, {""code"": ""budget"", ""observed"": 55000, ""outcome"": ""pass"", ""required"": {""max"": 70000, ""min"": 40000}}, {""code"": ""condition"", ""observed"": ""good"", ""outcome"": ""not_applicable"", ""required"": null}, {""code"": ""place"", ""observed"": [""place-2-library""], ""outcome"": ""not_applicable"", ""required"": []}, {""code"": ""model"", ""observed"": ""P2422H"", ""outcome"": ""not_applicable"", ""required"": null}]",,,,,,,,
tablet-matching__1001,tablet-matching,1001,test_candidate,matching,上课记笔记用的第九代 iPad,"{""categoryId"": ""tablet"", ""maxPriceFen"": 160000, ""minCondition"": ""good"", ""minPriceFen"": 100000, ""requiredModel"": ""iPad 9"", ""requiredPlaceIds"": [""place-10-library""]}","{""asOf"": ""2026-09-26T00:00:00Z"", ""campusId"": ""campus-10"", ""viewerId"": ""8010""}","{""entityVersion"": 1, ""expiresAt"": ""2026-10-01T00:00:00+08:00"", ""ownerId"": ""8010"", ""status"": ""OPEN"", ""wantedId"": ""7010""}",苹果 iPad 9 平板,"功能正常,附带原装配件。",100000,good,ON_SALE,public,2,明确为所求型号/版本；同义或中英改写不改变需求对象。 资格不通过时最终标签为 0；关键条件未知且无已知失败时为 U。,"[{""code"": ""wanted_active"", ""observed"": {""expiresAt"": ""2026-10-01T00:00:00+08:00"", ""status"": ""OPEN""}, ""outcome"": ""pass"", ""required"": {""expiresAfter"": ""2026-09-26T00:00:00Z"", ""status"": ""OPEN""}}, {""code"": ""product_status"", ""observed"": {""deleted"": false, ""status"": ""ON_SALE""}, ""outcome"": ""pass"", ""required"": {""deleted"": false, ""status"": ""ON_SALE""}}, {""code"": ""visibility"", ""observed"": ""public"", ""outcome"": ""pass"", ""required"": ""trusted synthetic context must permit visibility""}, {""code"": ""not_self"", ""observed"": ""91001"", ""outcome"": ""pass"", ""required"": {""not"": ""8010""}}, {""code"": ""category"", ""observed"": ""tablet"", ""outcome"": ""pass"", ""required"": ""tablet""}, {""code"": ""budget"", ""observed"": 100000, ""outcome"": ""pass"", ""required"": {""max"": 160000, ""min"": 100000}}, {""code"": ""condition"", ""observed"": ""good"", ""outcome"": ""pass"", ""required"": ""good""}, {""code"": ""place"", ""observed"": [""place-10-library""], ""outcome"": ""pass"", ""required"": [""place-10-library""]}, {""code"": ""model"", ""observed"": ""iPad 9"", ""outcome"": ""pass"", ""required"": ""iPad 9""}]",,,,,,,,
tablet-matching__1002,tablet-matching,1002,test_candidate,matching,上课记笔记用的第九代 iPad,"{""categoryId"": ""tablet"", ""maxPriceFen"": 160000, ""minCondition"": ""good"", ""minPriceFen"": 100000, ""requiredModel"": ""iPad 9"", ""requiredPlaceIds"": [""place-10-library""]}","{""asOf"": ""2026-09-26T00:00:00Z"", ""campusId"": ""campus-10"", ""viewerId"": ""8010""}","{""entityVersion"": 1, ""expiresAt"": ""2026-10-01T00:00:00+08:00"", ""ownerId"": ""8010"", ""status"": ""OPEN"", ""wantedId"": ""7010""}",苹果第九代 iPad 64GB 学习平板,"设备完好,可当面检查。",160000,good,ON_SALE,public,2,明确为所求型号/版本；同义或中英改写不改变需求对象。 资格不通过时最终标签为 0；关键条件未知且无已知失败时为 U。,"[{""code"": ""wanted_active"", ""observed"": {""expiresAt"": ""2026-10-01T00:00:00+08:00"", ""status"": ""OPEN""}, ""outcome"": ""pass"", ""required"": {""expiresAfter"": ""2026-09-26T00:00:00Z"", ""status"": ""OPEN""}}, {""code"": ""product_status"", ""observed"": {""deleted"": false, ""status"": ""ON_SALE""}, ""outcome"": ""pass"", ""required"": {""deleted"": false, ""status"": ""ON_SALE""}}, {""code"": ""visibility"", ""observed"": ""public"", ""outcome"": ""pass"", ""required"": ""trusted synthetic context must permit visibility""}, {""code"": ""not_self"", ""observed"": ""91002"", ""outcome"": ""pass"", ""required"": {""not"": ""8010""}}, {""code"": ""category"", ""observed"": ""tablet"", ""outcome"": ""pass"", ""required"": ""tablet""}, {""code"": ""budget"", ""observed"": 160000, ""outcome"": ""pass"", ""required"": {""max"": 160000, ""min"": 100000}}, {""code"": ""condition"", ""observed"": ""good"", ""outcome"": ""pass"", ""required"": ""good""}, {""code"": ""place"", ""observed"": [""place-10-library""], ""outcome"": ""pass"", ""required"": [""place-10-library""]}, {""code"": ""model"", ""observed"": ""iPad 9"", ""outcome"": ""pass"", ""required"": ""iPad 9""}]",,,,,,,,
tablet-matching__1003,tablet-matching,1003,test_candidate,matching,上课记笔记用的第九代 iPad,"{""categoryId"": ""tablet"", ""maxPriceFen"": 160000, ""minCondition"": ""good"", ""minPriceFen"": 100000, ""requiredModel"": ""iPad 9"", ""requiredPlaceIds"": [""place-10-library""]}","{""asOf"": ""2026-09-26T00:00:00Z"", ""campusId"": ""campus-10"", ""viewerId"": ""8010""}","{""entityVersion"": 1, ""expiresAt"": ""2026-10-01T00:00:00+08:00"", ""ownerId"": ""8010"", ""status"": ""OPEN"", ""wantedId"": ""7010""}",苹果 iPad 8 平板,"同类用品,具体型号与目标不同。",130000,good,ON_SALE,public,0,同类但不是指定型号/版本，仅部分相关。 资格不通过时最终标签为 0；关键条件未知且无已知失败时为 U。,"[{""code"": ""wanted_active"", ""observed"": {""expiresAt"": ""2026-10-01T00:00:00+08:00"", ""status"": ""OPEN""}, ""outcome"": ""pass"", ""required"": {""expiresAfter"": ""2026-09-26T00:00:00Z"", ""status"": ""OPEN""}}, {""code"": ""product_status"", ""observed"": {""deleted"": false, ""status"": ""ON_SALE""}, ""outcome"": ""pass"", ""required"": {""deleted"": false, ""status"": ""ON_SALE""}}, {""code"": ""visibility"", ""observed"": ""public"", ""outcome"": ""pass"", ""required"": ""trusted synthetic context must permit visibility""}, {""code"": ""not_self"", ""observed"": ""91003"", ""outcome"": ""pass"", ""required"": {""not"": ""8010""}}, {""code"": ""category"", ""observed"": ""tablet"", ""outcome"": ""pass"", ""required"": ""tablet""}, {""code"": ""budget"", ""observed"": 130000, ""outcome"": ""pass"", ""required"": {""max"": 160000, ""min"": 100000}}, {""code"": ""condition"", ""observed"": ""good"", ""outcome"": ""pass"", ""required"": ""good""}, {""code"": ""place"", ""observed"": [""place-10-library""], ""outcome"": ""pass"", ""required"": [""place-10-library""]}, {""code"": ""model"", ""observed"": ""OTHER-MODEL"", ""outcome"": ""fail"", ""required"": ""iPad 9""}]",,,,,,,,
tablet-matching__1004,tablet-matching,1004,test_candidate,matching,上课记笔记用的第九代 iPad,"{""categoryId"": ""tablet"", ""maxPriceFen"": 160000, ""minCondition"": ""good"", ""minPriceFen"": 100000, ""requiredModel"": ""iPad 9"", ""requiredPlaceIds"": [""place-10-library""]}","{""asOf"": ""2026-09-26T00:00:00Z"", ""campusId"": ""campus-10"", ""viewerId"": ""8010""}","{""entityVersion"": 1, ""expiresAt"": ""2026-10-01T00:00:00+08:00"", ""ownerId"": ""8010"", ""status"": ""OPEN"", ""wantedId"": ""7010""}",苹果 iPad 9 平板,"出售相同型号,价格见标价。",160001,good,ON_SALE,public,0,明确为所求型号/版本；同义或中英改写不改变需求对象。 资格不通过时最终标签为 0；关键条件未知且无已知失败时为 U。,"[{""code"": ""wanted_active"", ""observed"": {""expiresAt"": ""2026-10-01T00:00:00+08:00"", ""status"": ""OPEN""}, ""outcome"": ""pass"", ""required"": {""expiresAfter"": ""2026-09-26T00:00:00Z"", ""status"": ""OPEN""}}, {""code"": ""product_status"", ""observed"": {""deleted"": false, ""status"": ""ON_SALE""}, ""outcome"": ""pass"", ""required"": {""deleted"": false, ""status"": ""ON_SALE""}}, {""code"": ""visibility"", ""observed"": ""public"", ""outcome"": ""pass"", ""required"": ""trusted synthetic context must permit visibility""}, {""code"": ""not_self"", ""observed"": ""91004"", ""outcome"": ""pass"", ""required"": {""not"": ""8010""}}, {""code"": ""category"", ""observed"": ""tablet"", ""outcome"": ""pass"", ""required"": ""tablet""}, {""code"": ""budget"", ""observed"": 160001, ""outcome"": ""fail"", ""required"": {""max"": 160000, ""min"": 100000}}, {""code"": ""condition"", ""observed"": ""good"", ""outcome"": ""pass"", ""required"": ""good""}, {""code"": ""place"", ""observed"": [""place-10-library""], ""outcome"": ""pass"", ""required"": [""place-10-library""]}, {""code"": ""model"", ""observed"": ""iPad 9"", ""outcome"": ""pass"", ""required"": ""iPad 9""}]",,,,,,,,
tablet-matching__1005,tablet-matching,1005,test_candidate,matching,上课记笔记用的第九代 iPad,"{""categoryId"": ""tablet"", ""maxPriceFen"": 160000, ""minCondition"": ""good"", ""minPriceFen"": 100000, ""requiredModel"": ""iPad 9"", ""requiredPlaceIds"": [""place-10-library""]}","{""asOf"": ""2026-09-26T00:00:00Z"", ""campusId"": ""campus-10"", ""viewerId"": ""8010""}","{""entityVersion"": 1, ""expiresAt"": ""2026-10-01T00:00:00+08:00"", ""ownerId"": ""8010"", ""status"": ""OPEN"", ""wantedId"": ""7010""}",苹果 iPad 9 平板,"相同型号,已完成交易。",130000,good,SOLD,public,0,明确为所求型号/版本；同义或中英改写不改变需求对象。 资格不通过时最终标签为 0；关键条件未知且无已知失败时为 U。,"[{""code"": ""wanted_active"", ""observed"": {""expiresAt"": ""2026-10-01T00:00:00+08:00"", ""status"": ""OPEN""}, ""outcome"": ""pass"", ""required"": {""expiresAfter"": ""2026-09-26T00:00:00Z"", ""status"": ""OPEN""}}, {""code"": ""product_status"", ""observed"": {""deleted"": false, ""status"": ""SOLD""}, ""outcome"": ""fail"", ""required"": {""deleted"": false, ""status"": ""ON_SALE""}}, {""code"": ""visibility"", ""observed"": ""public"", ""outcome"": ""pass"", ""required"": ""trusted synthetic context must permit visibility""}, {""code"": ""not_self"", ""observed"": ""91005"", ""outcome"": ""pass"", ""required"": {""not"": ""8010""}}, {""code"": ""category"", ""observed"": ""tablet"", ""outcome"": ""pass"", ""required"": ""tablet""}, {""code"": ""budget"", ""observed"": 130000, ""outcome"": ""pass"", ""required"": {""max"": 160000, ""min"": 100000}}, {""code"": ""condition"", ""observed"": ""good"", ""outcome"": ""pass"", ""required"": ""good""}, {""code"": ""place"", ""observed"": [""place-10-library""], ""outcome"": ""pass"", ""required"": [""place-10-library""]}, {""code"": ""model"", ""observed"": ""iPad 9"", ""outcome"": ""pass"", ""required"": ""iPad 9""}]",,,,,,,,
tablet-matching__1006,tablet-matching,1006,test_candidate,matching,上课记笔记用的第九代 iPad,"{""categoryId"": ""tablet"", ""maxPriceFen"": 160000, ""minCondition"": ""good"", ""minPriceFen"": 100000, ""requiredModel"": ""iPad 9"", ""requiredPlaceIds"": [""place-10-library""]}","{""asOf"": ""2026-09-26T00:00:00Z"", ""campusId"": ""campus-10"", ""viewerId"": ""8010""}","{""entityVersion"": 1, ""expiresAt"": ""2026-10-01T00:00:00+08:00"", ""ownerId"": ""8010"", ""status"": ""OPEN"", ""wantedId"": ""7010""}",苹果 iPad 9 平板,请依据结构化状态核对资格。,130000,good,ON_SALE,public,U,明确为所求型号/版本；同义或中英改写不改变需求对象。 资格不通过时最终标签为 0；关键条件未知且无已知失败时为 U。,"[{""code"": ""wanted_active"", ""observed"": {""expiresAt"": ""2026-10-01T00:00:00+08:00"", ""status"": ""OPEN""}, ""outcome"": ""pass"", ""required"": {""expiresAfter"": ""2026-09-26T00:00:00Z"", ""status"": ""OPEN""}}, {""code"": ""product_status"", ""observed"": {""deleted"": false, ""status"": ""ON_SALE""}, ""outcome"": ""pass"", ""required"": {""deleted"": false, ""status"": ""ON_SALE""}}, {""code"": ""visibility"", ""observed"": ""public"", ""outcome"": ""pass"", ""required"": ""trusted synthetic context must permit visibility""}, {""code"": ""not_self"", ""observed"": ""91006"", ""outcome"": ""pass"", ""required"": {""not"": ""8010""}}, {""code"": ""category"", ""observed"": ""tablet"", ""outcome"": ""pass"", ""required"": ""tablet""}, {""code"": ""budget"", ""observed"": 130000, ""outcome"": ""pass"", ""required"": {""max"": 160000, ""min"": 100000}}, {""code"": ""condition"", ""observed"": ""good"", ""outcome"": ""pass"", ""required"": ""good""}, {""code"": ""place"", ""observed"": [""place-10-library""], ""outcome"": ""pass"", ""required"": [""place-10-library""]}, {""code"": ""model"", ""observed"": null, ""outcome"": ""unknown"", ""required"": ""iPad 9""}]",,,,,,,,
tablet-search-exact__1001,tablet-search-exact,1001,test_candidate,search,苹果 iPad 9 平板,"{""categoryId"": ""tablet"", ""maxPriceFen"": 160000, ""minCondition"": null, ""minPriceFen"": 100000, ""requiredModel"": null, ""requiredPlaceIds"": []}","{""asOf"": ""2026-09-26T00:00:00Z"", ""campusId"": null, ""viewerId"": null}",null,苹果 iPad 9 平板,"功能正常,附带原装配件。",100000,good,ON_SALE,public,2,明确为所求型号/版本；同义或中英改写不改变需求对象。 资格不通过时最终标签为 0；关键条件未知且无已知失败时为 U。,"[{""code"": ""wanted_active"", ""observed"": null, ""outcome"": ""not_applicable"", ""required"": null}, {""code"": ""product_status"", ""observed"": {""deleted"": false, ""status"": ""ON_SALE""}, ""outcome"": ""pass"", ""required"": {""deleted"": false, ""status"": ""ON_SALE""}}, {""code"": ""visibility"", ""observed"": ""public"", ""outcome"": ""pass"", ""required"": ""trusted synthetic context must permit visibility""}, {""code"": ""not_self"", ""observed"": null, ""outcome"": ""not_applicable"", ""required"": null}, {""code"": ""category"", ""observed"": ""tablet"", ""outcome"": ""pass"", ""required"": ""tablet""}, {""code"": ""budget"", ""observed"": 100000, ""outcome"": ""pass"", ""required"": {""max"": 160000, ""min"": 100000}}, {""code"": ""condition"", ""observed"": ""good"", ""outcome"": ""not_applicable"", ""required"": null}, {""code"": ""place"", ""observed"": [""place-10-library""], ""outcome"": ""not_applicable"", ""required"": []}, {""code"": ""model"", ""observed"": ""iPad 9"", ""outcome"": ""not_applicable"", ""required"": null}]",,,,,,,,
tablet-search-exact__1002,tablet-search-exact,1002,test_candidate,search,苹果 iPad 9 平板,"{""categoryId"": ""tablet"", ""maxPriceFen"": 160000, ""minCondition"": null, ""minPriceFen"": 100000, ""requiredModel"": null, ""requiredPlaceIds"": []}","{""asOf"": ""2026-09-26T00:00:00Z"", ""campusId"": null, ""viewerId"": null}",null,苹果第九代 iPad 64GB 学习平板,"设备完好,可当面检查。",160000,good,ON_SALE,public,2,明确为所求型号/版本；同义或中英改写不改变需求对象。 资格不通过时最终标签为 0；关键条件未知且无已知失败时为 U。,"[{""code"": ""wanted_active"", ""observed"": null, ""outcome"": ""not_applicable"", ""required"": null}, {""code"": ""product_status"", ""observed"": {""deleted"": false, ""status"": ""ON_SALE""}, ""outcome"": ""pass"", ""required"": {""deleted"": false, ""status"": ""ON_SALE""}}, {""code"": ""visibility"", ""observed"": ""public"", ""outcome"": ""pass"", ""required"": ""trusted synthetic context must permit visibility""}, {""code"": ""not_self"", ""observed"": null, ""outcome"": ""not_applicable"", ""required"": null}, {""code"": ""category"", ""observed"": ""tablet"", ""outcome"": ""pass"", ""required"": ""tablet""}, {""code"": ""budget"", ""observed"": 160000, ""outcome"": ""pass"", ""required"": {""max"": 160000, ""min"": 100000}}, {""code"": ""condition"", ""observed"": ""good"", ""outcome"": ""not_applicable"", ""required"": null}, {""code"": ""place"", ""observed"": [""place-10-library""], ""outcome"": ""not_applicable"", ""required"": []}, {""code"": ""model"", ""observed"": ""iPad 9"", ""outcome"": ""not_applicable"", ""required"": null}]",,,,,,,,
tablet-search-exact__1003,tablet-search-exact,1003,test_candidate,search,苹果 iPad 9 平板,"{""categoryId"": ""tablet"", ""maxPriceFen"": 160000, ""minCondition"": null, ""minPriceFen"": 100000, ""requiredModel"": null, ""requiredPlaceIds"": []}","{""asOf"": ""2026-09-26T00:00:00Z"", ""campusId"": null, ""viewerId"": null}",null,苹果 iPad 8 平板,"同类用品,具体型号与目标不同。",130000,good,ON_SALE,public,1,同类但不是指定型号/版本，仅部分相关。 资格不通过时最终标签为 0；关键条件未知且无已知失败时为 U。,"[{""code"": ""wanted_active"", ""observed"": null, ""outcome"": ""not_applicable"", ""required"": null}, {""code"": ""product_status"", ""observed"": {""deleted"": false, ""status"": ""ON_SALE""}, ""outcome"": ""pass"", ""required"": {""deleted"": false, ""status"": ""ON_SALE""}}, {""code"": ""visibility"", ""observed"": ""public"", ""outcome"": ""pass"", ""required"": ""trusted synthetic context must permit visibility""}, {""code"": ""not_self"", ""observed"": null, ""outcome"": ""not_applicable"", ""required"": null}, {""code"": ""category"", ""observed"": ""tablet"", ""outcome"": ""pass"", ""required"": ""tablet""}, {""code"": ""budget"", ""observed"": 130000, ""outcome"": ""pass"", ""required"": {""max"": 160000, ""min"": 100000}}, {""code"": ""condition"", ""observed"": ""good"", ""outcome"": ""not_applicable"", ""required"": null}, {""code"": ""place"", ""observed"": [""place-10-library""], ""outcome"": ""not_applicable"", ""required"": []}, {""code"": ""model"", ""observed"": ""OTHER-MODEL"", ""outcome"": ""not_applicable"", ""required"": null}]",,,,,,,,
tablet-search-exact__1004,tablet-search-exact,1004,test_candidate,search,苹果 iPad 9 平板,"{""categoryId"": ""tablet"", ""maxPriceFen"": 160000, ""minCondition"": null, ""minPriceFen"": 100000, ""requiredModel"": null, ""requiredPlaceIds"": []}","{""asOf"": ""2026-09-26T00:00:00Z"", ""campusId"": null, ""viewerId"": null}",null,苹果 iPad 9 平板,"出售相同型号,价格见标价。",160001,good,ON_SALE,public,0,明确为所求型号/版本；同义或中英改写不改变需求对象。 资格不通过时最终标签为 0；关键条件未知且无已知失败时为 U。,"[{""code"": ""wanted_active"", ""observed"": null, ""outcome"": ""not_applicable"", ""required"": null}, {""code"": ""product_status"", ""observed"": {""deleted"": false, ""status"": ""ON_SALE""}, ""outcome"": ""pass"", ""required"": {""deleted"": false, ""status"": ""ON_SALE""}}, {""code"": ""visibility"", ""observed"": ""public"", ""outcome"": ""pass"", ""required"": ""trusted synthetic context must permit visibility""}, {""code"": ""not_self"", ""observed"": null, ""outcome"": ""not_applicable"", ""required"": null}, {""code"": ""category"", ""observed"": ""tablet"", ""outcome"": ""pass"", ""required"": ""tablet""}, {""code"": ""budget"", ""observed"": 160001, ""outcome"": ""fail"", ""required"": {""max"": 160000, ""min"": 100000}}, {""code"": ""condition"", ""observed"": ""good"", ""outcome"": ""not_applicable"", ""required"": null}, {""code"": ""place"", ""observed"": [""place-10-library""], ""outcome"": ""not_applicable"", ""required"": []}, {""code"": ""model"", ""observed"": ""iPad 9"", ""outcome"": ""not_applicable"", ""required"": null}]",,,,,,,,
tablet-search-exact__1005,tablet-search-exact,1005,test_candidate,search,苹果 iPad 9 平板,"{""categoryId"": ""tablet"", ""maxPriceFen"": 160000, ""minCondition"": null, ""minPriceFen"": 100000, ""requiredModel"": null, ""requiredPlaceIds"": []}","{""asOf"": ""2026-09-26T00:00:00Z"", ""campusId"": null, ""viewerId"": null}",null,苹果 iPad 9 平板,"相同型号,已完成交易。",130000,good,SOLD,public,0,明确为所求型号/版本；同义或中英改写不改变需求对象。 资格不通过时最终标签为 0；关键条件未知且无已知失败时为 U。,"[{""code"": ""wanted_active"", ""observed"": null, ""outcome"": ""not_applicable"", ""required"": null}, {""code"": ""product_status"", ""observed"": {""deleted"": false, ""status"": ""SOLD""}, ""outcome"": ""fail"", ""required"": {""deleted"": false, ""status"": ""ON_SALE""}}, {""code"": ""visibility"", ""observed"": ""public"", ""outcome"": ""pass"", ""required"": ""trusted synthetic context must permit visibility""}, {""code"": ""not_self"", ""observed"": null, ""outcome"": ""not_applicable"", ""required"": null}, {""code"": ""category"", ""observed"": ""tablet"", ""outcome"": ""pass"", ""required"": ""tablet""}, {""code"": ""budget"", ""observed"": 130000, ""outcome"": ""pass"", ""required"": {""max"": 160000, ""min"": 100000}}, {""code"": ""condition"", ""observed"": ""good"", ""outcome"": ""not_applicable"", ""required"": null}, {""code"": ""place"", ""observed"": [""place-10-library""], ""outcome"": ""not_applicable"", ""required"": []}, {""code"": ""model"", ""observed"": ""iPad 9"", ""outcome"": ""not_applicable"", ""required"": null}]",,,,,,,,
tablet-search-exact__1006,tablet-search-exact,1006,test_candidate,search,苹果 iPad 9 平板,"{""categoryId"": ""tablet"", ""maxPriceFen"": 160000, ""minCondition"": null, ""minPriceFen"": 100000, ""requiredModel"": null, ""requiredPlaceIds"": []}","{""asOf"": ""2026-09-26T00:00:00Z"", ""campusId"": null, ""viewerId"": null}",null,苹果 iPad 9 平板,请依据结构化状态核对资格。,130000,good,ON_SALE,public,2,明确为所求型号/版本；同义或中英改写不改变需求对象。 资格不通过时最终标签为 0；关键条件未知且无已知失败时为 U。,"[{""code"": ""wanted_active"", ""observed"": null, ""outcome"": ""not_applicable"", ""required"": null}, {""code"": ""product_status"", ""observed"": {""deleted"": false, ""status"": ""ON_SALE""}, ""outcome"": ""pass"", ""required"": {""deleted"": false, ""status"": ""ON_SALE""}}, {""code"": ""visibility"", ""observed"": ""public"", ""outcome"": ""pass"", ""required"": ""trusted synthetic context must permit visibility""}, {""code"": ""not_self"", ""observed"": null, ""outcome"": ""not_applicable"", ""required"": null}, {""code"": ""category"", ""observed"": ""tablet"", ""outcome"": ""pass"", ""required"": ""tablet""}, {""code"": ""budget"", ""observed"": 130000, ""outcome"": ""pass"", ""required"": {""max"": 160000, ""min"": 100000}}, {""code"": ""condition"", ""observed"": ""good"", ""outcome"": ""not_applicable"", ""required"": null}, {""code"": ""place"", ""observed"": [""place-10-library""], ""outcome"": ""not_applicable"", ""required"": []}, {""code"": ""model"", ""observed"": null, ""outcome"": ""not_applicable"", ""required"": null}]",,,,,,,,
tablet-search-natural__1001,tablet-search-natural,1001,test_candidate,search,上课记笔记用的第九代 iPad,"{""categoryId"": ""tablet"", ""maxPriceFen"": 160000, ""minCondition"": null, ""minPriceFen"": 100000, ""requiredModel"": null, ""requiredPlaceIds"": []}","{""asOf"": ""2026-09-26T00:00:00Z"", ""campusId"": null, ""viewerId"": null}",null,苹果 iPad 9 平板,"功能正常,附带原装配件。",100000,good,ON_SALE,public,2,明确为所求型号/版本；同义或中英改写不改变需求对象。 资格不通过时最终标签为 0；关键条件未知且无已知失败时为 U。,"[{""code"": ""wanted_active"", ""observed"": null, ""outcome"": ""not_applicable"", ""required"": null}, {""code"": ""product_status"", ""observed"": {""deleted"": false, ""status"": ""ON_SALE""}, ""outcome"": ""pass"", ""required"": {""deleted"": false, ""status"": ""ON_SALE""}}, {""code"": ""visibility"", ""observed"": ""public"", ""outcome"": ""pass"", ""required"": ""trusted synthetic context must permit visibility""}, {""code"": ""not_self"", ""observed"": null, ""outcome"": ""not_applicable"", ""required"": null}, {""code"": ""category"", ""observed"": ""tablet"", ""outcome"": ""pass"", ""required"": ""tablet""}, {""code"": ""budget"", ""observed"": 100000, ""outcome"": ""pass"", ""required"": {""max"": 160000, ""min"": 100000}}, {""code"": ""condition"", ""observed"": ""good"", ""outcome"": ""not_applicable"", ""required"": null}, {""code"": ""place"", ""observed"": [""place-10-library""], ""outcome"": ""not_applicable"", ""required"": []}, {""code"": ""model"", ""observed"": ""iPad 9"", ""outcome"": ""not_applicable"", ""required"": null}]",,,,,,,,
tablet-search-natural__1002,tablet-search-natural,1002,test_candidate,search,上课记笔记用的第九代 iPad,"{""categoryId"": ""tablet"", ""maxPriceFen"": 160000, ""minCondition"": null, ""minPriceFen"": 100000, ""requiredModel"": null, ""requiredPlaceIds"": []}","{""asOf"": ""2026-09-26T00:00:00Z"", ""campusId"": null, ""viewerId"": null}",null,苹果第九代 iPad 64GB 学习平板,"设备完好,可当面检查。",160000,good,ON_SALE,public,2,明确为所求型号/版本；同义或中英改写不改变需求对象。 资格不通过时最终标签为 0；关键条件未知且无已知失败时为 U。,"[{""code"": ""wanted_active"", ""observed"": null, ""outcome"": ""not_applicable"", ""required"": null}, {""code"": ""product_status"", ""observed"": {""deleted"": false, ""status"": ""ON_SALE""}, ""outcome"": ""pass"", ""required"": {""deleted"": false, ""status"": ""ON_SALE""}}, {""code"": ""visibility"", ""observed"": ""public"", ""outcome"": ""pass"", ""required"": ""trusted synthetic context must permit visibility""}, {""code"": ""not_self"", ""observed"": null, ""outcome"": ""not_applicable"", ""required"": null}, {""code"": ""category"", ""observed"": ""tablet"", ""outcome"": ""pass"", ""required"": ""tablet""}, {""code"": ""budget"", ""observed"": 160000, ""outcome"": ""pass"", ""required"": {""max"": 160000, ""min"": 100000}}, {""code"": ""condition"", ""observed"": ""good"", ""outcome"": ""not_applicable"", ""required"": null}, {""code"": ""place"", ""observed"": [""place-10-library""], ""outcome"": ""not_applicable"", ""required"": []}, {""code"": ""model"", ""observed"": ""iPad 9"", ""outcome"": ""not_applicable"", ""required"": null}]",,,,,,,,
tablet-search-natural__1003,tablet-search-natural,1003,test_candidate,search,上课记笔记用的第九代 iPad,"{""categoryId"": ""tablet"", ""maxPriceFen"": 160000, ""minCondition"": null, ""minPriceFen"": 100000, ""requiredModel"": null, ""requiredPlaceIds"": []}","{""asOf"": ""2026-09-26T00:00:00Z"", ""campusId"": null, ""viewerId"": null}",null,苹果 iPad 8 平板,"同类用品,具体型号与目标不同。",130000,good,ON_SALE,public,1,同类但不是指定型号/版本，仅部分相关。 资格不通过时最终标签为 0；关键条件未知且无已知失败时为 U。,"[{""code"": ""wanted_active"", ""observed"": null, ""outcome"": ""not_applicable"", ""required"": null}, {""code"": ""product_status"", ""observed"": {""deleted"": false, ""status"": ""ON_SALE""}, ""outcome"": ""pass"", ""required"": {""deleted"": false, ""status"": ""ON_SALE""}}, {""code"": ""visibility"", ""observed"": ""public"", ""outcome"": ""pass"", ""required"": ""trusted synthetic context must permit visibility""}, {""code"": ""not_self"", ""observed"": null, ""outcome"": ""not_applicable"", ""required"": null}, {""code"": ""category"", ""observed"": ""tablet"", ""outcome"": ""pass"", ""required"": ""tablet""}, {""code"": ""budget"", ""observed"": 130000, ""outcome"": ""pass"", ""required"": {""max"": 160000, ""min"": 100000}}, {""code"": ""condition"", ""observed"": ""good"", ""outcome"": ""not_applicable"", ""required"": null}, {""code"": ""place"", ""observed"": [""place-10-library""], ""outcome"": ""not_applicable"", ""required"": []}, {""code"": ""model"", ""observed"": ""OTHER-MODEL"", ""outcome"": ""not_applicable"", ""required"": null}]",,,,,,,,
tablet-search-natural__1004,tablet-search-natural,1004,test_candidate,search,上课记笔记用的第九代 iPad,"{""categoryId"": ""tablet"", ""maxPriceFen"": 160000, ""minCondition"": null, ""minPriceFen"": 100000, ""requiredModel"": null, ""requiredPlaceIds"": []}","{""asOf"": ""2026-09-26T00:00:00Z"", ""campusId"": null, ""viewerId"": null}",null,苹果 iPad 9 平板,"出售相同型号,价格见标价。",160001,good,ON_SALE,public,0,明确为所求型号/版本；同义或中英改写不改变需求对象。 资格不通过时最终标签为 0；关键条件未知且无已知失败时为 U。,"[{""code"": ""wanted_active"", ""observed"": null, ""outcome"": ""not_applicable"", ""required"": null}, {""code"": ""product_status"", ""observed"": {""deleted"": false, ""status"": ""ON_SALE""}, ""outcome"": ""pass"", ""required"": {""deleted"": false, ""status"": ""ON_SALE""}}, {""code"": ""visibility"", ""observed"": ""public"", ""outcome"": ""pass"", ""required"": ""trusted synthetic context must permit visibility""}, {""code"": ""not_self"", ""observed"": null, ""outcome"": ""not_applicable"", ""required"": null}, {""code"": ""category"", ""observed"": ""tablet"", ""outcome"": ""pass"", ""required"": ""tablet""}, {""code"": ""budget"", ""observed"": 160001, ""outcome"": ""fail"", ""required"": {""max"": 160000, ""min"": 100000}}, {""code"": ""condition"", ""observed"": ""good"", ""outcome"": ""not_applicable"", ""required"": null}, {""code"": ""place"", ""observed"": [""place-10-library""], ""outcome"": ""not_applicable"", ""required"": []}, {""code"": ""model"", ""observed"": ""iPad 9"", ""outcome"": ""not_applicable"", ""required"": null}]",,,,,,,,
tablet-search-natural__1005,tablet-search-natural,1005,test_candidate,search,上课记笔记用的第九代 iPad,"{""categoryId"": ""tablet"", ""maxPriceFen"": 160000, ""minCondition"": null, ""minPriceFen"": 100000, ""requiredModel"": null, ""requiredPlaceIds"": []}","{""asOf"": ""2026-09-26T00:00:00Z"", ""campusId"": null, ""viewerId"": null}",null,苹果 iPad 9 平板,"相同型号,已完成交易。",130000,good,SOLD,public,0,明确为所求型号/版本；同义或中英改写不改变需求对象。 资格不通过时最终标签为 0；关键条件未知且无已知失败时为 U。,"[{""code"": ""wanted_active"", ""observed"": null, ""outcome"": ""not_applicable"", ""required"": null}, {""code"": ""product_status"", ""observed"": {""deleted"": false, ""status"": ""SOLD""}, ""outcome"": ""fail"", ""required"": {""deleted"": false, ""status"": ""ON_SALE""}}, {""code"": ""visibility"", ""observed"": ""public"", ""outcome"": ""pass"", ""required"": ""trusted synthetic context must permit visibility""}, {""code"": ""not_self"", ""observed"": null, ""outcome"": ""not_applicable"", ""required"": null}, {""code"": ""category"", ""observed"": ""tablet"", ""outcome"": ""pass"", ""required"": ""tablet""}, {""code"": ""budget"", ""observed"": 130000, ""outcome"": ""pass"", ""required"": {""max"": 160000, ""min"": 100000}}, {""code"": ""condition"", ""observed"": ""good"", ""outcome"": ""not_applicable"", ""required"": null}, {""code"": ""place"", ""observed"": [""place-10-library""], ""outcome"": ""not_applicable"", ""required"": []}, {""code"": ""model"", ""observed"": ""iPad 9"", ""outcome"": ""not_applicable"", ""required"": null}]",,,,,,,,
tablet-search-natural__1006,tablet-search-natural,1006,test_candidate,search,上课记笔记用的第九代 iPad,"{""categoryId"": ""tablet"", ""maxPriceFen"": 160000, ""minCondition"": null, ""minPriceFen"": 100000, ""requiredModel"": null, ""requiredPlaceIds"": []}","{""asOf"": ""2026-09-26T00:00:00Z"", ""campusId"": null, ""viewerId"": null}",null,苹果 iPad 9 平板,请依据结构化状态核对资格。,130000,good,ON_SALE,public,2,明确为所求型号/版本；同义或中英改写不改变需求对象。 资格不通过时最终标签为 0；关键条件未知且无已知失败时为 U。,"[{""code"": ""wanted_active"", ""observed"": null, ""outcome"": ""not_applicable"", ""required"": null}, {""code"": ""product_status"", ""observed"": {""deleted"": false, ""status"": ""ON_SALE""}, ""outcome"": ""pass"", ""required"": {""deleted"": false, ""status"": ""ON_SALE""}}, {""code"": ""visibility"", ""observed"": ""public"", ""outcome"": ""pass"", ""required"": ""trusted synthetic context must permit visibility""}, {""code"": ""not_self"", ""observed"": null, ""outcome"": ""not_applicable"", ""required"": null}, {""code"": ""category"", ""observed"": ""tablet"", ""outcome"": ""pass"", ""required"": ""tablet""}, {""code"": ""budget"", ""observed"": 130000, ""outcome"": ""pass"", ""required"": {""max"": 160000, ""min"": 100000}}, {""code"": ""condition"", ""observed"": ""good"", ""outcome"": ""not_applicable"", ""required"": null}, {""code"": ""place"", ""observed"": [""place-10-library""], ""outcome"": ""not_applicable"", ""required"": []}, {""code"": ""model"", ""observed"": null, ""outcome"": ""not_applicable"", ""required"": null}]",,,,,,,,
tennis-matching__1201,tennis-matching,1201,dev,matching,求 Wilson Clash 100 网球拍,"{""categoryId"": ""tennis"", ""maxPriceFen"": 80000, ""minCondition"": ""good"", ""minPriceFen"": 40000, ""requiredModel"": ""Clash 100"", ""requiredPlaceIds"": [""place-12-library""]}","{""asOf"": ""2026-09-26T00:00:00Z"", ""campusId"": ""campus-12"", ""viewerId"": ""8012""}","{""entityVersion"": 1, ""expiresAt"": ""2026-10-01T00:00:00+08:00"", ""ownerId"": ""8012"", ""status"": ""OPEN"", ""wantedId"": ""7012""}",威尔胜 Clash 100 网球拍,"功能正常,附带原装配件。",40000,good,ON_SALE,public,2,明确为所求型号/版本；同义或中英改写不改变需求对象。 资格不通过时最终标签为 0；关键条件未知且无已知失败时为 U。,"[{""code"": ""wanted_active"", ""observed"": {""expiresAt"": ""2026-10-01T00:00:00+08:00"", ""status"": ""OPEN""}, ""outcome"": ""pass"", ""required"": {""expiresAfter"": ""2026-09-26T00:00:00Z"", ""status"": ""OPEN""}}, {""code"": ""product_status"", ""observed"": {""deleted"": false, ""status"": ""ON_SALE""}, ""outcome"": ""pass"", ""required"": {""deleted"": false, ""status"": ""ON_SALE""}}, {""code"": ""visibility"", ""observed"": ""public"", ""outcome"": ""pass"", ""required"": ""trusted synthetic context must permit visibility""}, {""code"": ""not_self"", ""observed"": ""91201"", ""outcome"": ""pass"", ""required"": {""not"": ""8012""}}, {""code"": ""category"", ""observed"": ""tennis"", ""outcome"": ""pass"", ""required"": ""tennis""}, {""code"": ""budget"", ""observed"": 40000, ""outcome"": ""pass"", ""required"": {""max"": 80000, ""min"": 40000}}, {""code"": ""condition"", ""observed"": ""good"", ""outcome"": ""pass"", ""required"": ""good""}, {""code"": ""place"", ""observed"": [""place-12-library""], ""outcome"": ""pass"", ""required"": [""place-12-library""]}, {""code"": ""model"", ""observed"": ""Clash 100"", ""outcome"": ""pass"", ""required"": ""Clash 100""}]",,,,,,,,
tennis-matching__1202,tennis-matching,1202,dev,matching,求 Wilson Clash 100 网球拍,"{""categoryId"": ""tennis"", ""maxPriceFen"": 80000, ""minCondition"": ""good"", ""minPriceFen"": 40000, ""requiredModel"": ""Clash 100"", ""requiredPlaceIds"": [""place-12-library""]}","{""asOf"": ""2026-09-26T00:00:00Z"", ""campusId"": ""campus-12"", ""viewerId"": ""8012""}","{""entityVersion"": 1, ""expiresAt"": ""2026-10-01T00:00:00+08:00"", ""ownerId"": ""8012"", ""status"": ""OPEN"", ""wantedId"": ""7012""}",Wilson Clash 100 碳素网球拍,"设备完好,可当面检查。",80000,good,ON_SALE,public,2,明确为所求型号/版本；同义或中英改写不改变需求对象。 资格不通过时最终标签为 0；关键条件未知且无已知失败时为 U。,"[{""code"": ""wanted_active"", ""observed"": {""expiresAt"": ""2026-10-01T00:00:00+08:00"", ""status"": ""OPEN""}, ""outcome"": ""pass"", ""required"": {""expiresAfter"": ""2026-09-26T00:00:00Z"", ""status"": ""OPEN""}}, {""code"": ""product_status"", ""observed"": {""deleted"": false, ""status"": ""ON_SALE""}, ""outcome"": ""pass"", ""required"": {""deleted"": false, ""status"": ""ON_SALE""}}, {""code"": ""visibility"", ""observed"": ""public"", ""outcome"": ""pass"", ""required"": ""trusted synthetic context must permit visibility""}, {""code"": ""not_self"", ""observed"": ""91202"", ""outcome"": ""pass"", ""required"": {""not"": ""8012""}}, {""code"": ""category"", ""observed"": ""tennis"", ""outcome"": ""pass"", ""required"": ""tennis""}, {""code"": ""budget"", ""observed"": 80000, ""outcome"": ""pass"", ""required"": {""max"": 80000, ""min"": 40000}}, {""code"": ""condition"", ""observed"": ""good"", ""outcome"": ""pass"", ""required"": ""good""}, {""code"": ""place"", ""observed"": [""place-12-library""], ""outcome"": ""pass"", ""required"": [""place-12-library""]}, {""code"": ""model"", ""observed"": ""Clash 100"", ""outcome"": ""pass"", ""required"": ""Clash 100""}]",,,,,,,,
tennis-matching__1203,tennis-matching,1203,dev,matching,求 Wilson Clash 100 网球拍,"{""categoryId"": ""tennis"", ""maxPriceFen"": 80000, ""minCondition"": ""good"", ""minPriceFen"": 40000, ""requiredModel"": ""Clash 100"", ""requiredPlaceIds"": [""place-12-library""]}","{""asOf"": ""2026-09-26T00:00:00Z"", ""campusId"": ""campus-12"", ""viewerId"": ""8012""}","{""entityVersion"": 1, ""expiresAt"": ""2026-10-01T00:00:00+08:00"", ""ownerId"": ""8012"", ""status"": ""OPEN"", ""wantedId"": ""7012""}",Wilson Blade 98 网球拍,"同类用品,具体型号与目标不同。",60000,good,ON_SALE,public,0,同类但不是指定型号/版本，仅部分相关。 资格不通过时最终标签为 0；关键条件未知且无已知失败时为 U。,"[{""code"": ""wanted_active"", ""observed"": {""expiresAt"": ""2026-10-01T00:00:00+08:00"", ""status"": ""OPEN""}, ""outcome"": ""pass"", ""required"": {""expiresAfter"": ""2026-09-26T00:00:00Z"", ""status"": ""OPEN""}}, {""code"": ""product_status"", ""observed"": {""deleted"": false, ""status"": ""ON_SALE""}, ""outcome"": ""pass"", ""required"": {""deleted"": false, ""status"": ""ON_SALE""}}, {""code"": ""visibility"", ""observed"": ""public"", ""outcome"": ""pass"", ""required"": ""trusted synthetic context must permit visibility""}, {""code"": ""not_self"", ""observed"": ""91203"", ""outcome"": ""pass"", ""required"": {""not"": ""8012""}}, {""code"": ""category"", ""observed"": ""tennis"", ""outcome"": ""pass"", ""required"": ""tennis""}, {""code"": ""budget"", ""observed"": 60000, ""outcome"": ""pass"", ""required"": {""max"": 80000, ""min"": 40000}}, {""code"": ""condition"", ""observed"": ""good"", ""outcome"": ""pass"", ""required"": ""good""}, {""code"": ""place"", ""observed"": [""place-12-library""], ""outcome"": ""pass"", ""required"": [""place-12-library""]}, {""code"": ""model"", ""observed"": ""OTHER-MODEL"", ""outcome"": ""fail"", ""required"": ""Clash 100""}]",,,,,,,,
tennis-matching__1204,tennis-matching,1204,dev,matching,求 Wilson Clash 100 网球拍,"{""categoryId"": ""tennis"", ""maxPriceFen"": 80000, ""minCondition"": ""good"", ""minPriceFen"": 40000, ""requiredModel"": ""Clash 100"", ""requiredPlaceIds"": [""place-12-library""]}","{""asOf"": ""2026-09-26T00:00:00Z"", ""campusId"": ""campus-12"", ""viewerId"": ""8012""}","{""entityVersion"": 1, ""expiresAt"": ""2026-10-01T00:00:00+08:00"", ""ownerId"": ""8012"", ""status"": ""OPEN"", ""wantedId"": ""7012""}",威尔胜 Clash 100 网球拍,"出售相同型号,价格见标价。",80001,good,ON_SALE,public,0,明确为所求型号/版本；同义或中英改写不改变需求对象。 资格不通过时最终标签为 0；关键条件未知且无已知失败时为 U。,"[{""code"": ""wanted_active"", ""observed"": {""expiresAt"": ""2026-10-01T00:00:00+08:00"", ""status"": ""OPEN""}, ""outcome"": ""pass"", ""required"": {""expiresAfter"": ""2026-09-26T00:00:00Z"", ""status"": ""OPEN""}}, {""code"": ""product_status"", ""observed"": {""deleted"": false, ""status"": ""ON_SALE""}, ""outcome"": ""pass"", ""required"": {""deleted"": false, ""status"": ""ON_SALE""}}, {""code"": ""visibility"", ""observed"": ""public"", ""outcome"": ""pass"", ""required"": ""trusted synthetic context must permit visibility""}, {""code"": ""not_self"", ""observed"": ""91204"", ""outcome"": ""pass"", ""required"": {""not"": ""8012""}}, {""code"": ""category"", ""observed"": ""tennis"", ""outcome"": ""pass"", ""required"": ""tennis""}, {""code"": ""budget"", ""observed"": 80001, ""outcome"": ""fail"", ""required"": {""max"": 80000, ""min"": 40000}}, {""code"": ""condition"", ""observed"": ""good"", ""outcome"": ""pass"", ""required"": ""good""}, {""code"": ""place"", ""observed"": [""place-12-library""], ""outcome"": ""pass"", ""required"": [""place-12-library""]}, {""code"": ""model"", ""observed"": ""Clash 100"", ""outcome"": ""pass"", ""required"": ""Clash 100""}]",,,,,,,,
tennis-matching__1205,tennis-matching,1205,dev,matching,求 Wilson Clash 100 网球拍,"{""categoryId"": ""tennis"", ""maxPriceFen"": 80000, ""minCondition"": ""good"", ""minPriceFen"": 40000, ""requiredModel"": ""Clash 100"", ""requiredPlaceIds"": [""place-12-library""]}","{""asOf"": ""2026-09-26T00:00:00Z"", ""campusId"": ""campus-12"", ""viewerId"": ""8012""}","{""entityVersion"": 1, ""expiresAt"": ""2026-10-01T00:00:00+08:00"", ""ownerId"": ""8012"", ""status"": ""OPEN"", ""wantedId"": ""7012""}",威尔胜 Clash 100 网球拍,"相同型号,已完成交易。",60000,good,SOLD,public,0,明确为所求型号/版本；同义或中英改写不改变需求对象。 资格不通过时最终标签为 0；关键条件未知且无已知失败时为 U。,"[{""code"": ""wanted_active"", ""observed"": {""expiresAt"": ""2026-10-01T00:00:00+08:00"", ""status"": ""OPEN""}, ""outcome"": ""pass"", ""required"": {""expiresAfter"": ""2026-09-26T00:00:00Z"", ""status"": ""OPEN""}}, {""code"": ""product_status"", ""observed"": {""deleted"": false, ""status"": ""SOLD""}, ""outcome"": ""fail"", ""required"": {""deleted"": false, ""status"": ""ON_SALE""}}, {""code"": ""visibility"", ""observed"": ""public"", ""outcome"": ""pass"", ""required"": ""trusted synthetic context must permit visibility""}, {""code"": ""not_self"", ""observed"": ""91205"", ""outcome"": ""pass"", ""required"": {""not"": ""8012""}}, {""code"": ""category"", ""observed"": ""tennis"", ""outcome"": ""pass"", ""required"": ""tennis""}, {""code"": ""budget"", ""observed"": 60000, ""outcome"": ""pass"", ""required"": {""max"": 80000, ""min"": 40000}}, {""code"": ""condition"", ""observed"": ""good"", ""outcome"": ""pass"", ""required"": ""good""}, {""code"": ""place"", ""observed"": [""place-12-library""], ""outcome"": ""pass"", ""required"": [""place-12-library""]}, {""code"": ""model"", ""observed"": ""Clash 100"", ""outcome"": ""pass"", ""required"": ""Clash 100""}]",,,,,,,,
tennis-matching__1206,tennis-matching,1206,dev,matching,求 Wilson Clash 100 网球拍,"{""categoryId"": ""tennis"", ""maxPriceFen"": 80000, ""minCondition"": ""good"", ""minPriceFen"": 40000, ""requiredModel"": ""Clash 100"", ""requiredPlaceIds"": [""place-12-library""]}","{""asOf"": ""2026-09-26T00:00:00Z"", ""campusId"": ""campus-12"", ""viewerId"": ""8012""}","{""entityVersion"": 1, ""expiresAt"": ""2026-10-01T00:00:00+08:00"", ""ownerId"": ""8012"", ""status"": ""OPEN"", ""wantedId"": ""7012""}",威尔胜 Clash 100 网球拍,请依据结构化状态核对资格。,60000,good,ON_SALE,public,2,明确为所求型号/版本；同义或中英改写不改变需求对象。 资格不通过时最终标签为 0；关键条件未知且无已知失败时为 U。,"[{""code"": ""wanted_active"", ""observed"": {""expiresAt"": ""2026-10-01T00:00:00+08:00"", ""status"": ""OPEN""}, ""outcome"": ""pass"", ""required"": {""expiresAfter"": ""2026-09-26T00:00:00Z"", ""status"": ""OPEN""}}, {""code"": ""product_status"", ""observed"": {""deleted"": false, ""status"": ""ON_SALE""}, ""outcome"": ""pass"", ""required"": {""deleted"": false, ""status"": ""ON_SALE""}}, {""code"": ""visibility"", ""observed"": ""public"", ""outcome"": ""pass"", ""required"": ""trusted synthetic context must permit visibility""}, {""code"": ""not_self"", ""observed"": ""91206"", ""outcome"": ""pass"", ""required"": {""not"": ""8012""}}, {""code"": ""category"", ""observed"": ""tennis"", ""outcome"": ""pass"", ""required"": ""tennis""}, {""code"": ""budget"", ""observed"": 60000, ""outcome"": ""pass"", ""required"": {""max"": 80000, ""min"": 40000}}, {""code"": ""condition"", ""observed"": ""good"", ""outcome"": ""pass"", ""required"": ""good""}, {""code"": ""place"", ""observed"": [""place-12-library""], ""outcome"": ""pass"", ""required"": [""place-12-library""]}, {""code"": ""model"", ""observed"": ""Clash 100"", ""outcome"": ""pass"", ""required"": ""Clash 100""}]",,,,,,,,
tennis-matching-expired__1201,tennis-matching-expired,1201,dev,matching,求 Wilson Clash 100 网球拍,"{""categoryId"": ""tennis"", ""maxPriceFen"": 80000, ""minCondition"": ""good"", ""minPriceFen"": 40000, ""requiredModel"": ""Clash 100"", ""requiredPlaceIds"": [""place-12-library""]}","{""asOf"": ""2026-09-26T00:00:00Z"", ""campusId"": ""campus-12"", ""viewerId"": ""8012""}","{""entityVersion"": 1, ""expiresAt"": ""2026-09-26T00:00:00Z"", ""ownerId"": ""8012"", ""status"": ""OPEN"", ""wantedId"": ""7512""}",威尔胜 Clash 100 网球拍,"功能正常,附带原装配件。",40000,good,ON_SALE,public,0,明确为所求型号/版本；同义或中英改写不改变需求对象。 资格不通过时最终标签为 0；关键条件未知且无已知失败时为 U。,"[{""code"": ""wanted_active"", ""observed"": {""expiresAt"": ""2026-09-26T00:00:00Z"", ""status"": ""OPEN""}, ""outcome"": ""fail"", ""required"": {""expiresAfter"": ""2026-09-26T00:00:00Z"", ""status"": ""OPEN""}}, {""code"": ""product_status"", ""observed"": {""deleted"": false, ""status"": ""ON_SALE""}, ""outcome"": ""pass"", ""required"": {""deleted"": false, ""status"": ""ON_SALE""}}, {""code"": ""visibility"", ""observed"": ""public"", ""outcome"": ""pass"", ""required"": ""trusted synthetic context must permit visibility""}, {""code"": ""not_self"", ""observed"": ""91201"", ""outcome"": ""pass"", ""required"": {""not"": ""8012""}}, {""code"": ""category"", ""observed"": ""tennis"", ""outcome"": ""pass"", ""required"": ""tennis""}, {""code"": ""budget"", ""observed"": 40000, ""outcome"": ""pass"", ""required"": {""max"": 80000, ""min"": 40000}}, {""code"": ""condition"", ""observed"": ""good"", ""outcome"": ""pass"", ""required"": ""good""}, {""code"": ""place"", ""observed"": [""place-12-library""], ""outcome"": ""pass"", ""required"": [""place-12-library""]}, {""code"": ""model"", ""observed"": ""Clash 100"", ""outcome"": ""pass"", ""required"": ""Clash 100""}]",,,,,,,,
tennis-matching-expired__1202,tennis-matching-expired,1202,dev,matching,求 Wilson Clash 100 网球拍,"{""categoryId"": ""tennis"", ""maxPriceFen"": 80000, ""minCondition"": ""good"", ""minPriceFen"": 40000, ""requiredModel"": ""Clash 100"", ""requiredPlaceIds"": [""place-12-library""]}","{""asOf"": ""2026-09-26T00:00:00Z"", ""campusId"": ""campus-12"", ""viewerId"": ""8012""}","{""entityVersion"": 1, ""expiresAt"": ""2026-09-26T00:00:00Z"", ""ownerId"": ""8012"", ""status"": ""OPEN"", ""wantedId"": ""7512""}",Wilson Clash 100 碳素网球拍,"设备完好,可当面检查。",80000,good,ON_SALE,public,0,明确为所求型号/版本；同义或中英改写不改变需求对象。 资格不通过时最终标签为 0；关键条件未知且无已知失败时为 U。,"[{""code"": ""wanted_active"", ""observed"": {""expiresAt"": ""2026-09-26T00:00:00Z"", ""status"": ""OPEN""}, ""outcome"": ""fail"", ""required"": {""expiresAfter"": ""2026-09-26T00:00:00Z"", ""status"": ""OPEN""}}, {""code"": ""product_status"", ""observed"": {""deleted"": false, ""status"": ""ON_SALE""}, ""outcome"": ""pass"", ""required"": {""deleted"": false, ""status"": ""ON_SALE""}}, {""code"": ""visibility"", ""observed"": ""public"", ""outcome"": ""pass"", ""required"": ""trusted synthetic context must permit visibility""}, {""code"": ""not_self"", ""observed"": ""91202"", ""outcome"": ""pass"", ""required"": {""not"": ""8012""}}, {""code"": ""category"", ""observed"": ""tennis"", ""outcome"": ""pass"", ""required"": ""tennis""}, {""code"": ""budget"", ""observed"": 80000, ""outcome"": ""pass"", ""required"": {""max"": 80000, ""min"": 40000}}, {""code"": ""condition"", ""observed"": ""good"", ""outcome"": ""pass"", ""required"": ""good""}, {""code"": ""place"", ""observed"": [""place-12-library""], ""outcome"": ""pass"", ""required"": [""place-12-library""]}, {""code"": ""model"", ""observed"": ""Clash 100"", ""outcome"": ""pass"", ""required"": ""Clash 100""}]",,,,,,,,
tennis-matching-expired__1203,tennis-matching-expired,1203,dev,matching,求 Wilson Clash 100 网球拍,"{""categoryId"": ""tennis"", ""maxPriceFen"": 80000, ""minCondition"": ""good"", ""minPriceFen"": 40000, ""requiredModel"": ""Clash 100"", ""requiredPlaceIds"": [""place-12-library""]}","{""asOf"": ""2026-09-26T00:00:00Z"", ""campusId"": ""campus-12"", ""viewerId"": ""8012""}","{""entityVersion"": 1, ""expiresAt"": ""2026-09-26T00:00:00Z"", ""ownerId"": ""8012"", ""status"": ""OPEN"", ""wantedId"": ""7512""}",Wilson Blade 98 网球拍,"同类用品,具体型号与目标不同。",60000,good,ON_SALE,public,0,同类但不是指定型号/版本，仅部分相关。 资格不通过时最终标签为 0；关键条件未知且无已知失败时为 U。,"[{""code"": ""wanted_active"", ""observed"": {""expiresAt"": ""2026-09-26T00:00:00Z"", ""status"": ""OPEN""}, ""outcome"": ""fail"", ""required"": {""expiresAfter"": ""2026-09-26T00:00:00Z"", ""status"": ""OPEN""}}, {""code"": ""product_status"", ""observed"": {""deleted"": false, ""status"": ""ON_SALE""}, ""outcome"": ""pass"", ""required"": {""deleted"": false, ""status"": ""ON_SALE""}}, {""code"": ""visibility"", ""observed"": ""public"", ""outcome"": ""pass"", ""required"": ""trusted synthetic context must permit visibility""}, {""code"": ""not_self"", ""observed"": ""91203"", ""outcome"": ""pass"", ""required"": {""not"": ""8012""}}, {""code"": ""category"", ""observed"": ""tennis"", ""outcome"": ""pass"", ""required"": ""tennis""}, {""code"": ""budget"", ""observed"": 60000, ""outcome"": ""pass"", ""required"": {""max"": 80000, ""min"": 40000}}, {""code"": ""condition"", ""observed"": ""good"", ""outcome"": ""pass"", ""required"": ""good""}, {""code"": ""place"", ""observed"": [""place-12-library""], ""outcome"": ""pass"", ""required"": [""place-12-library""]}, {""code"": ""model"", ""observed"": ""OTHER-MODEL"", ""outcome"": ""fail"", ""required"": ""Clash 100""}]",,,,,,,,
tennis-matching-expired__1204,tennis-matching-expired,1204,dev,matching,求 Wilson Clash 100 网球拍,"{""categoryId"": ""tennis"", ""maxPriceFen"": 80000, ""minCondition"": ""good"", ""minPriceFen"": 40000, ""requiredModel"": ""Clash 100"", ""requiredPlaceIds"": [""place-12-library""]}","{""asOf"": ""2026-09-26T00:00:00Z"", ""campusId"": ""campus-12"", ""viewerId"": ""8012""}","{""entityVersion"": 1, ""expiresAt"": ""2026-09-26T00:00:00Z"", ""ownerId"": ""8012"", ""status"": ""OPEN"", ""wantedId"": ""7512""}",威尔胜 Clash 100 网球拍,"出售相同型号,价格见标价。",80001,good,ON_SALE,public,0,明确为所求型号/版本；同义或中英改写不改变需求对象。 资格不通过时最终标签为 0；关键条件未知且无已知失败时为 U。,"[{""code"": ""wanted_active"", ""observed"": {""expiresAt"": ""2026-09-26T00:00:00Z"", ""status"": ""OPEN""}, ""outcome"": ""fail"", ""required"": {""expiresAfter"": ""2026-09-26T00:00:00Z"", ""status"": ""OPEN""}}, {""code"": ""product_status"", ""observed"": {""deleted"": false, ""status"": ""ON_SALE""}, ""outcome"": ""pass"", ""required"": {""deleted"": false, ""status"": ""ON_SALE""}}, {""code"": ""visibility"", ""observed"": ""public"", ""outcome"": ""pass"", ""required"": ""trusted synthetic context must permit visibility""}, {""code"": ""not_self"", ""observed"": ""91204"", ""outcome"": ""pass"", ""required"": {""not"": ""8012""}}, {""code"": ""category"", ""observed"": ""tennis"", ""outcome"": ""pass"", ""required"": ""tennis""}, {""code"": ""budget"", ""observed"": 80001, ""outcome"": ""fail"", ""required"": {""max"": 80000, ""min"": 40000}}, {""code"": ""condition"", ""observed"": ""good"", ""outcome"": ""pass"", ""required"": ""good""}, {""code"": ""place"", ""observed"": [""place-12-library""], ""outcome"": ""pass"", ""required"": [""place-12-library""]}, {""code"": ""model"", ""observed"": ""Clash 100"", ""outcome"": ""pass"", ""required"": ""Clash 100""}]",,,,,,,,
tennis-matching-expired__1205,tennis-matching-expired,1205,dev,matching,求 Wilson Clash 100 网球拍,"{""categoryId"": ""tennis"", ""maxPriceFen"": 80000, ""minCondition"": ""good"", ""minPriceFen"": 40000, ""requiredModel"": ""Clash 100"", ""requiredPlaceIds"": [""place-12-library""]}","{""asOf"": ""2026-09-26T00:00:00Z"", ""campusId"": ""campus-12"", ""viewerId"": ""8012""}","{""entityVersion"": 1, ""expiresAt"": ""2026-09-26T00:00:00Z"", ""ownerId"": ""8012"", ""status"": ""OPEN"", ""wantedId"": ""7512""}",威尔胜 Clash 100 网球拍,"相同型号,已完成交易。",60000,good,SOLD,public,0,明确为所求型号/版本；同义或中英改写不改变需求对象。 资格不通过时最终标签为 0；关键条件未知且无已知失败时为 U。,"[{""code"": ""wanted_active"", ""observed"": {""expiresAt"": ""2026-09-26T00:00:00Z"", ""status"": ""OPEN""}, ""outcome"": ""fail"", ""required"": {""expiresAfter"": ""2026-09-26T00:00:00Z"", ""status"": ""OPEN""}}, {""code"": ""product_status"", ""observed"": {""deleted"": false, ""status"": ""SOLD""}, ""outcome"": ""fail"", ""required"": {""deleted"": false, ""status"": ""ON_SALE""}}, {""code"": ""visibility"", ""observed"": ""public"", ""outcome"": ""pass"", ""required"": ""trusted synthetic context must permit visibility""}, {""code"": ""not_self"", ""observed"": ""91205"", ""outcome"": ""pass"", ""required"": {""not"": ""8012""}}, {""code"": ""category"", ""observed"": ""tennis"", ""outcome"": ""pass"", ""required"": ""tennis""}, {""code"": ""budget"", ""observed"": 60000, ""outcome"": ""pass"", ""required"": {""max"": 80000, ""min"": 40000}}, {""code"": ""condition"", ""observed"": ""good"", ""outcome"": ""pass"", ""required"": ""good""}, {""code"": ""place"", ""observed"": [""place-12-library""], ""outcome"": ""pass"", ""required"": [""place-12-library""]}, {""code"": ""model"", ""observed"": ""Clash 100"", ""outcome"": ""pass"", ""required"": ""Clash 100""}]",,,,,,,,
tennis-matching-expired__1206,tennis-matching-expired,1206,dev,matching,求 Wilson Clash 100 网球拍,"{""categoryId"": ""tennis"", ""maxPriceFen"": 80000, ""minCondition"": ""good"", ""minPriceFen"": 40000, ""requiredModel"": ""Clash 100"", ""requiredPlaceIds"": [""place-12-library""]}","{""asOf"": ""2026-09-26T00:00:00Z"", ""campusId"": ""campus-12"", ""viewerId"": ""8012""}","{""entityVersion"": 1, ""expiresAt"": ""2026-09-26T00:00:00Z"", ""ownerId"": ""8012"", ""status"": ""OPEN"", ""wantedId"": ""7512""}",威尔胜 Clash 100 网球拍,请依据结构化状态核对资格。,60000,good,ON_SALE,public,0,明确为所求型号/版本；同义或中英改写不改变需求对象。 资格不通过时最终标签为 0；关键条件未知且无已知失败时为 U。,"[{""code"": ""wanted_active"", ""observed"": {""expiresAt"": ""2026-09-26T00:00:00Z"", ""status"": ""OPEN""}, ""outcome"": ""fail"", ""required"": {""expiresAfter"": ""2026-09-26T00:00:00Z"", ""status"": ""OPEN""}}, {""code"": ""product_status"", ""observed"": {""deleted"": false, ""status"": ""ON_SALE""}, ""outcome"": ""pass"", ""required"": {""deleted"": false, ""status"": ""ON_SALE""}}, {""code"": ""visibility"", ""observed"": ""public"", ""outcome"": ""pass"", ""required"": ""trusted synthetic context must permit visibility""}, {""code"": ""not_self"", ""observed"": ""91206"", ""outcome"": ""pass"", ""required"": {""not"": ""8012""}}, {""code"": ""category"", ""observed"": ""tennis"", ""outcome"": ""pass"", ""required"": ""tennis""}, {""code"": ""budget"", ""observed"": 60000, ""outcome"": ""pass"", ""required"": {""max"": 80000, ""min"": 40000}}, {""code"": ""condition"", ""observed"": ""good"", ""outcome"": ""pass"", ""required"": ""good""}, {""code"": ""place"", ""observed"": [""place-12-library""], ""outcome"": ""pass"", ""required"": [""place-12-library""]}, {""code"": ""model"", ""observed"": ""Clash 100"", ""outcome"": ""pass"", ""required"": ""Clash 100""}]",,,,,,,,
tennis-search-exact__1201,tennis-search-exact,1201,dev,search,威尔胜 Clash 100 网球拍,"{""categoryId"": ""tennis"", ""maxPriceFen"": 80000, ""minCondition"": null, ""minPriceFen"": 40000, ""requiredModel"": null, ""requiredPlaceIds"": []}","{""asOf"": ""2026-09-26T00:00:00Z"", ""campusId"": null, ""viewerId"": null}",null,威尔胜 Clash 100 网球拍,"功能正常,附带原装配件。",40000,good,ON_SALE,public,2,明确为所求型号/版本；同义或中英改写不改变需求对象。 资格不通过时最终标签为 0；关键条件未知且无已知失败时为 U。,"[{""code"": ""wanted_active"", ""observed"": null, ""outcome"": ""not_applicable"", ""required"": null}, {""code"": ""product_status"", ""observed"": {""deleted"": false, ""status"": ""ON_SALE""}, ""outcome"": ""pass"", ""required"": {""deleted"": false, ""status"": ""ON_SALE""}}, {""code"": ""visibility"", ""observed"": ""public"", ""outcome"": ""pass"", ""required"": ""trusted synthetic context must permit visibility""}, {""code"": ""not_self"", ""observed"": null, ""outcome"": ""not_applicable"", ""required"": null}, {""code"": ""category"", ""observed"": ""tennis"", ""outcome"": ""pass"", ""required"": ""tennis""}, {""code"": ""budget"", ""observed"": 40000, ""outcome"": ""pass"", ""required"": {""max"": 80000, ""min"": 40000}}, {""code"": ""condition"", ""observed"": ""good"", ""outcome"": ""not_applicable"", ""required"": null}, {""code"": ""place"", ""observed"": [""place-12-library""], ""outcome"": ""not_applicable"", ""required"": []}, {""code"": ""model"", ""observed"": ""Clash 100"", ""outcome"": ""not_applicable"", ""required"": null}]",,,,,,,,
tennis-search-exact__1202,tennis-search-exact,1202,dev,search,威尔胜 Clash 100 网球拍,"{""categoryId"": ""tennis"", ""maxPriceFen"": 80000, ""minCondition"": null, ""minPriceFen"": 40000, ""requiredModel"": null, ""requiredPlaceIds"": []}","{""asOf"": ""2026-09-26T00:00:00Z"", ""campusId"": null, ""viewerId"": null}",null,Wilson Clash 100 碳素网球拍,"设备完好,可当面检查。",80000,good,ON_SALE,public,2,明确为所求型号/版本；同义或中英改写不改变需求对象。 资格不通过时最终标签为 0；关键条件未知且无已知失败时为 U。,"[{""code"": ""wanted_active"", ""observed"": null, ""outcome"": ""not_applicable"", ""required"": null}, {""code"": ""product_status"", ""observed"": {""deleted"": false, ""status"": ""ON_SALE""}, ""outcome"": ""pass"", ""required"": {""deleted"": false, ""status"": ""ON_SALE""}}, {""code"": ""visibility"", ""observed"": ""public"", ""outcome"": ""pass"", ""required"": ""trusted synthetic context must permit visibility""}, {""code"": ""not_self"", ""observed"": null, ""outcome"": ""not_applicable"", ""required"": null}, {""code"": ""category"", ""observed"": ""tennis"", ""outcome"": ""pass"", ""required"": ""tennis""}, {""code"": ""budget"", ""observed"": 80000, ""outcome"": ""pass"", ""required"": {""max"": 80000, ""min"": 40000}}, {""code"": ""condition"", ""observed"": ""good"", ""outcome"": ""not_applicable"", ""required"": null}, {""code"": ""place"", ""observed"": [""place-12-library""], ""outcome"": ""not_applicable"", ""required"": []}, {""code"": ""model"", ""observed"": ""Clash 100"", ""outcome"": ""not_applicable"", ""required"": null}]",,,,,,,,
tennis-search-exact__1203,tennis-search-exact,1203,dev,search,威尔胜 Clash 100 网球拍,"{""categoryId"": ""tennis"", ""maxPriceFen"": 80000, ""minCondition"": null, ""minPriceFen"": 40000, ""requiredModel"": null, ""requiredPlaceIds"": []}","{""asOf"": ""2026-09-26T00:00:00Z"", ""campusId"": null, ""viewerId"": null}",null,Wilson Blade 98 网球拍,"同类用品,具体型号与目标不同。",60000,good,ON_SALE,public,1,同类但不是指定型号/版本，仅部分相关。 资格不通过时最终标签为 0；关键条件未知且无已知失败时为 U。,"[{""code"": ""wanted_active"", ""observed"": null, ""outcome"": ""not_applicable"", ""required"": null}, {""code"": ""product_status"", ""observed"": {""deleted"": false, ""status"": ""ON_SALE""}, ""outcome"": ""pass"", ""required"": {""deleted"": false, ""status"": ""ON_SALE""}}, {""code"": ""visibility"", ""observed"": ""public"", ""outcome"": ""pass"", ""required"": ""trusted synthetic context must permit visibility""}, {""code"": ""not_self"", ""observed"": null, ""outcome"": ""not_applicable"", ""required"": null}, {""code"": ""category"", ""observed"": ""tennis"", ""outcome"": ""pass"", ""required"": ""tennis""}, {""code"": ""budget"", ""observed"": 60000, ""outcome"": ""pass"", ""required"": {""max"": 80000, ""min"": 40000}}, {""code"": ""condition"", ""observed"": ""good"", ""outcome"": ""not_applicable"", ""required"": null}, {""code"": ""place"", ""observed"": [""place-12-library""], ""outcome"": ""not_applicable"", ""required"": []}, {""code"": ""model"", ""observed"": ""OTHER-MODEL"", ""outcome"": ""not_applicable"", ""required"": null}]",,,,,,,,
tennis-search-exact__1204,tennis-search-exact,1204,dev,search,威尔胜 Clash 100 网球拍,"{""categoryId"": ""tennis"", ""maxPriceFen"": 80000, ""minCondition"": null, ""minPriceFen"": 40000, ""requiredModel"": null, ""requiredPlaceIds"": []}","{""asOf"": ""2026-09-26T00:00:00Z"", ""campusId"": null, ""viewerId"": null}",null,威尔胜 Clash 100 网球拍,"出售相同型号,价格见标价。",80001,good,ON_SALE,public,0,明确为所求型号/版本；同义或中英改写不改变需求对象。 资格不通过时最终标签为 0；关键条件未知且无已知失败时为 U。,"[{""code"": ""wanted_active"", ""observed"": null, ""outcome"": ""not_applicable"", ""required"": null}, {""code"": ""product_status"", ""observed"": {""deleted"": false, ""status"": ""ON_SALE""}, ""outcome"": ""pass"", ""required"": {""deleted"": false, ""status"": ""ON_SALE""}}, {""code"": ""visibility"", ""observed"": ""public"", ""outcome"": ""pass"", ""required"": ""trusted synthetic context must permit visibility""}, {""code"": ""not_self"", ""observed"": null, ""outcome"": ""not_applicable"", ""required"": null}, {""code"": ""category"", ""observed"": ""tennis"", ""outcome"": ""pass"", ""required"": ""tennis""}, {""code"": ""budget"", ""observed"": 80001, ""outcome"": ""fail"", ""required"": {""max"": 80000, ""min"": 40000}}, {""code"": ""condition"", ""observed"": ""good"", ""outcome"": ""not_applicable"", ""required"": null}, {""code"": ""place"", ""observed"": [""place-12-library""], ""outcome"": ""not_applicable"", ""required"": []}, {""code"": ""model"", ""observed"": ""Clash 100"", ""outcome"": ""not_applicable"", ""required"": null}]",,,,,,,,
tennis-search-exact__1205,tennis-search-exact,1205,dev,search,威尔胜 Clash 100 网球拍,"{""categoryId"": ""tennis"", ""maxPriceFen"": 80000, ""minCondition"": null, ""minPriceFen"": 40000, ""requiredModel"": null, ""requiredPlaceIds"": []}","{""asOf"": ""2026-09-26T00:00:00Z"", ""campusId"": null, ""viewerId"": null}",null,威尔胜 Clash 100 网球拍,"相同型号,已完成交易。",60000,good,SOLD,public,0,明确为所求型号/版本；同义或中英改写不改变需求对象。 资格不通过时最终标签为 0；关键条件未知且无已知失败时为 U。,"[{""code"": ""wanted_active"", ""observed"": null, ""outcome"": ""not_applicable"", ""required"": null}, {""code"": ""product_status"", ""observed"": {""deleted"": false, ""status"": ""SOLD""}, ""outcome"": ""fail"", ""required"": {""deleted"": false, ""status"": ""ON_SALE""}}, {""code"": ""visibility"", ""observed"": ""public"", ""outcome"": ""pass"", ""required"": ""trusted synthetic context must permit visibility""}, {""code"": ""not_self"", ""observed"": null, ""outcome"": ""not_applicable"", ""required"": null}, {""code"": ""category"", ""observed"": ""tennis"", ""outcome"": ""pass"", ""required"": ""tennis""}, {""code"": ""budget"", ""observed"": 60000, ""outcome"": ""pass"", ""required"": {""max"": 80000, ""min"": 40000}}, {""code"": ""condition"", ""observed"": ""good"", ""outcome"": ""not_applicable"", ""required"": null}, {""code"": ""place"", ""observed"": [""place-12-library""], ""outcome"": ""not_applicable"", ""required"": []}, {""code"": ""model"", ""observed"": ""Clash 100"", ""outcome"": ""not_applicable"", ""required"": null}]",,,,,,,,
tennis-search-exact__1206,tennis-search-exact,1206,dev,search,威尔胜 Clash 100 网球拍,"{""categoryId"": ""tennis"", ""maxPriceFen"": 80000, ""minCondition"": null, ""minPriceFen"": 40000, ""requiredModel"": null, ""requiredPlaceIds"": []}","{""asOf"": ""2026-09-26T00:00:00Z"", ""campusId"": null, ""viewerId"": null}",null,威尔胜 Clash 100 网球拍,请依据结构化状态核对资格。,60000,good,ON_SALE,public,2,明确为所求型号/版本；同义或中英改写不改变需求对象。 资格不通过时最终标签为 0；关键条件未知且无已知失败时为 U。,"[{""code"": ""wanted_active"", ""observed"": null, ""outcome"": ""not_applicable"", ""required"": null}, {""code"": ""product_status"", ""observed"": {""deleted"": false, ""status"": ""ON_SALE""}, ""outcome"": ""pass"", ""required"": {""deleted"": false, ""status"": ""ON_SALE""}}, {""code"": ""visibility"", ""observed"": ""public"", ""outcome"": ""pass"", ""required"": ""trusted synthetic context must permit visibility""}, {""code"": ""not_self"", ""observed"": null, ""outcome"": ""not_applicable"", ""required"": null}, {""code"": ""category"", ""observed"": ""tennis"", ""outcome"": ""pass"", ""required"": ""tennis""}, {""code"": ""budget"", ""observed"": 60000, ""outcome"": ""pass"", ""required"": {""max"": 80000, ""min"": 40000}}, {""code"": ""condition"", ""observed"": ""good"", ""outcome"": ""not_applicable"", ""required"": null}, {""code"": ""place"", ""observed"": [""place-12-library""], ""outcome"": ""not_applicable"", ""required"": []}, {""code"": ""model"", ""observed"": ""Clash 100"", ""outcome"": ""not_applicable"", ""required"": null}]",,,,,,,,
tennis-search-natural__1201,tennis-search-natural,1201,dev,search,求 Wilson Clash 100 网球拍,"{""categoryId"": ""tennis"", ""maxPriceFen"": 80000, ""minCondition"": null, ""minPriceFen"": 40000, ""requiredModel"": null, ""requiredPlaceIds"": []}","{""asOf"": ""2026-09-26T00:00:00Z"", ""campusId"": null, ""viewerId"": null}",null,威尔胜 Clash 100 网球拍,"功能正常,附带原装配件。",40000,good,ON_SALE,public,2,明确为所求型号/版本；同义或中英改写不改变需求对象。 资格不通过时最终标签为 0；关键条件未知且无已知失败时为 U。,"[{""code"": ""wanted_active"", ""observed"": null, ""outcome"": ""not_applicable"", ""required"": null}, {""code"": ""product_status"", ""observed"": {""deleted"": false, ""status"": ""ON_SALE""}, ""outcome"": ""pass"", ""required"": {""deleted"": false, ""status"": ""ON_SALE""}}, {""code"": ""visibility"", ""observed"": ""public"", ""outcome"": ""pass"", ""required"": ""trusted synthetic context must permit visibility""}, {""code"": ""not_self"", ""observed"": null, ""outcome"": ""not_applicable"", ""required"": null}, {""code"": ""category"", ""observed"": ""tennis"", ""outcome"": ""pass"", ""required"": ""tennis""}, {""code"": ""budget"", ""observed"": 40000, ""outcome"": ""pass"", ""required"": {""max"": 80000, ""min"": 40000}}, {""code"": ""condition"", ""observed"": ""good"", ""outcome"": ""not_applicable"", ""required"": null}, {""code"": ""place"", ""observed"": [""place-12-library""], ""outcome"": ""not_applicable"", ""required"": []}, {""code"": ""model"", ""observed"": ""Clash 100"", ""outcome"": ""not_applicable"", ""required"": null}]",,,,,,,,
tennis-search-natural__1202,tennis-search-natural,1202,dev,search,求 Wilson Clash 100 网球拍,"{""categoryId"": ""tennis"", ""maxPriceFen"": 80000, ""minCondition"": null, ""minPriceFen"": 40000, ""requiredModel"": null, ""requiredPlaceIds"": []}","{""asOf"": ""2026-09-26T00:00:00Z"", ""campusId"": null, ""viewerId"": null}",null,Wilson Clash 100 碳素网球拍,"设备完好,可当面检查。",80000,good,ON_SALE,public,2,明确为所求型号/版本；同义或中英改写不改变需求对象。 资格不通过时最终标签为 0；关键条件未知且无已知失败时为 U。,"[{""code"": ""wanted_active"", ""observed"": null, ""outcome"": ""not_applicable"", ""required"": null}, {""code"": ""product_status"", ""observed"": {""deleted"": false, ""status"": ""ON_SALE""}, ""outcome"": ""pass"", ""required"": {""deleted"": false, ""status"": ""ON_SALE""}}, {""code"": ""visibility"", ""observed"": ""public"", ""outcome"": ""pass"", ""required"": ""trusted synthetic context must permit visibility""}, {""code"": ""not_self"", ""observed"": null, ""outcome"": ""not_applicable"", ""required"": null}, {""code"": ""category"", ""observed"": ""tennis"", ""outcome"": ""pass"", ""required"": ""tennis""}, {""code"": ""budget"", ""observed"": 80000, ""outcome"": ""pass"", ""required"": {""max"": 80000, ""min"": 40000}}, {""code"": ""condition"", ""observed"": ""good"", ""outcome"": ""not_applicable"", ""required"": null}, {""code"": ""place"", ""observed"": [""place-12-library""], ""outcome"": ""not_applicable"", ""required"": []}, {""code"": ""model"", ""observed"": ""Clash 100"", ""outcome"": ""not_applicable"", ""required"": null}]",,,,,,,,
tennis-search-natural__1203,tennis-search-natural,1203,dev,search,求 Wilson Clash 100 网球拍,"{""categoryId"": ""tennis"", ""maxPriceFen"": 80000, ""minCondition"": null, ""minPriceFen"": 40000, ""requiredModel"": null, ""requiredPlaceIds"": []}","{""asOf"": ""2026-09-26T00:00:00Z"", ""campusId"": null, ""viewerId"": null}",null,Wilson Blade 98 网球拍,"同类用品,具体型号与目标不同。",60000,good,ON_SALE,public,1,同类但不是指定型号/版本，仅部分相关。 资格不通过时最终标签为 0；关键条件未知且无已知失败时为 U。,"[{""code"": ""wanted_active"", ""observed"": null, ""outcome"": ""not_applicable"", ""required"": null}, {""code"": ""product_status"", ""observed"": {""deleted"": false, ""status"": ""ON_SALE""}, ""outcome"": ""pass"", ""required"": {""deleted"": false, ""status"": ""ON_SALE""}}, {""code"": ""visibility"", ""observed"": ""public"", ""outcome"": ""pass"", ""required"": ""trusted synthetic context must permit visibility""}, {""code"": ""not_self"", ""observed"": null, ""outcome"": ""not_applicable"", ""required"": null}, {""code"": ""category"", ""observed"": ""tennis"", ""outcome"": ""pass"", ""required"": ""tennis""}, {""code"": ""budget"", ""observed"": 60000, ""outcome"": ""pass"", ""required"": {""max"": 80000, ""min"": 40000}}, {""code"": ""condition"", ""observed"": ""good"", ""outcome"": ""not_applicable"", ""required"": null}, {""code"": ""place"", ""observed"": [""place-12-library""], ""outcome"": ""not_applicable"", ""required"": []}, {""code"": ""model"", ""observed"": ""OTHER-MODEL"", ""outcome"": ""not_applicable"", ""required"": null}]",,,,,,,,
tennis-search-natural__1204,tennis-search-natural,1204,dev,search,求 Wilson Clash 100 网球拍,"{""categoryId"": ""tennis"", ""maxPriceFen"": 80000, ""minCondition"": null, ""minPriceFen"": 40000, ""requiredModel"": null, ""requiredPlaceIds"": []}","{""asOf"": ""2026-09-26T00:00:00Z"", ""campusId"": null, ""viewerId"": null}",null,威尔胜 Clash 100 网球拍,"出售相同型号,价格见标价。",80001,good,ON_SALE,public,0,明确为所求型号/版本；同义或中英改写不改变需求对象。 资格不通过时最终标签为 0；关键条件未知且无已知失败时为 U。,"[{""code"": ""wanted_active"", ""observed"": null, ""outcome"": ""not_applicable"", ""required"": null}, {""code"": ""product_status"", ""observed"": {""deleted"": false, ""status"": ""ON_SALE""}, ""outcome"": ""pass"", ""required"": {""deleted"": false, ""status"": ""ON_SALE""}}, {""code"": ""visibility"", ""observed"": ""public"", ""outcome"": ""pass"", ""required"": ""trusted synthetic context must permit visibility""}, {""code"": ""not_self"", ""observed"": null, ""outcome"": ""not_applicable"", ""required"": null}, {""code"": ""category"", ""observed"": ""tennis"", ""outcome"": ""pass"", ""required"": ""tennis""}, {""code"": ""budget"", ""observed"": 80001, ""outcome"": ""fail"", ""required"": {""max"": 80000, ""min"": 40000}}, {""code"": ""condition"", ""observed"": ""good"", ""outcome"": ""not_applicable"", ""required"": null}, {""code"": ""place"", ""observed"": [""place-12-library""], ""outcome"": ""not_applicable"", ""required"": []}, {""code"": ""model"", ""observed"": ""Clash 100"", ""outcome"": ""not_applicable"", ""required"": null}]",,,,,,,,
tennis-search-natural__1205,tennis-search-natural,1205,dev,search,求 Wilson Clash 100 网球拍,"{""categoryId"": ""tennis"", ""maxPriceFen"": 80000, ""minCondition"": null, ""minPriceFen"": 40000, ""requiredModel"": null, ""requiredPlaceIds"": []}","{""asOf"": ""2026-09-26T00:00:00Z"", ""campusId"": null, ""viewerId"": null}",null,威尔胜 Clash 100 网球拍,"相同型号,已完成交易。",60000,good,SOLD,public,0,明确为所求型号/版本；同义或中英改写不改变需求对象。 资格不通过时最终标签为 0；关键条件未知且无已知失败时为 U。,"[{""code"": ""wanted_active"", ""observed"": null, ""outcome"": ""not_applicable"", ""required"": null}, {""code"": ""product_status"", ""observed"": {""deleted"": false, ""status"": ""SOLD""}, ""outcome"": ""fail"", ""required"": {""deleted"": false, ""status"": ""ON_SALE""}}, {""code"": ""visibility"", ""observed"": ""public"", ""outcome"": ""pass"", ""required"": ""trusted synthetic context must permit visibility""}, {""code"": ""not_self"", ""observed"": null, ""outcome"": ""not_applicable"", ""required"": null}, {""code"": ""category"", ""observed"": ""tennis"", ""outcome"": ""pass"", ""required"": ""tennis""}, {""code"": ""budget"", ""observed"": 60000, ""outcome"": ""pass"", ""required"": {""max"": 80000, ""min"": 40000}}, {""code"": ""condition"", ""observed"": ""good"", ""outcome"": ""not_applicable"", ""required"": null}, {""code"": ""place"", ""observed"": [""place-12-library""], ""outcome"": ""not_applicable"", ""required"": []}, {""code"": ""model"", ""observed"": ""Clash 100"", ""outcome"": ""not_applicable"", ""required"": null}]",,,,,,,,
tennis-search-natural__1206,tennis-search-natural,1206,dev,search,求 Wilson Clash 100 网球拍,"{""categoryId"": ""tennis"", ""maxPriceFen"": 80000, ""minCondition"": null, ""minPriceFen"": 40000, ""requiredModel"": null, ""requiredPlaceIds"": []}","{""asOf"": ""2026-09-26T00:00:00Z"", ""campusId"": null, ""viewerId"": null}",null,威尔胜 Clash 100 网球拍,请依据结构化状态核对资格。,60000,good,ON_SALE,public,2,明确为所求型号/版本；同义或中英改写不改变需求对象。 资格不通过时最终标签为 0；关键条件未知且无已知失败时为 U。,"[{""code"": ""wanted_active"", ""observed"": null, ""outcome"": ""not_applicable"", ""required"": null}, {""code"": ""product_status"", ""observed"": {""deleted"": false, ""status"": ""ON_SALE""}, ""outcome"": ""pass"", ""required"": {""deleted"": false, ""status"": ""ON_SALE""}}, {""code"": ""visibility"", ""observed"": ""public"", ""outcome"": ""pass"", ""required"": ""trusted synthetic context must permit visibility""}, {""code"": ""not_self"", ""observed"": null, ""outcome"": ""not_applicable"", ""required"": null}, {""code"": ""category"", ""observed"": ""tennis"", ""outcome"": ""pass"", ""required"": ""tennis""}, {""code"": ""budget"", ""observed"": 60000, ""outcome"": ""pass"", ""required"": {""max"": 80000, ""min"": 40000}}, {""code"": ""condition"", ""observed"": ""good"", ""outcome"": ""not_applicable"", ""required"": null}, {""code"": ""place"", ""observed"": [""place-12-library""], ""outcome"": ""not_applicable"", ""required"": []}, {""code"": ""model"", ""observed"": ""Clash 100"", ""outcome"": ""not_applicable"", ""required"": null}]",,,,,,,,
